Student_ID,First_Name,Last_Name,Email,Gender,Age,Department,Attendance (%),Midterm_Score,Final_Score,Assignments_Avg,Quizzes_Avg,Participation_Score,Projects_Score,Total_Score,Grade
S1000,Maria,Brown,student1000@univ.edu,Male,22,Engineering,69.76,58.73,74.93,63.83,80.35,93.71,66.05,70.101,B
S1001,Sara,Smith,student1001@univ.edu,Male,25,CS,56.14,48.77,88.0,79.81,74.17,52.96,59.83,69.788,C
S1002,Liam,Brown,student1002@univ.edu,Male,21,Business,94.13,82.83,93.03,77.66,92.63,80.98,69.05,85.754,A
S1003,Liam,Johnson,student1003@univ.edu,Male,23,Engineering,89.94,41.64,73.85,55.85,92.83,76.23,43.59,65.308,C
S1004,Ali,Davis,student1004@univ.edu,Male,19,CS,56.71,50.46,81.98,67.56,84.66,43.65,77.92,68.931,C
S1005,Ahmed,Smith,student1005@univ.edu,Female,20,CS,61.56,44.74,93.04,99.7,60.16,93.64,54.28,74.097,B
S1006,Ahmed,Williams,student1006@univ.edu,Female,21,Engineering,76.94,59.97,74.21,75.18,91.98,92.74,95.71,76.634,B
S1007,Sara,Jones,student1007@univ.edu,Male,24,CS,73.39,71.94,71.82,72.06,96.92,99.88,64.62,75.23,B
S1008,Emma,Smith,student1008@univ.edu,Male,25,CS,68.01,68.02,86.92,68.78,80.32,41.32,75.61,74.457,B
S1009,John,Johnson,student1009@univ.edu,Female,25,CS,97.26,95.93,61.14,62.88,99.52,96.16,77.54,79.2,B
S1010,Maria,Johnson,student1010@univ.edu,Male,18,Mathematics,84.63,92.83,50.72,55.57,85.87,94.78,46.97,68.603,C
S1011,Ali,Brown,student1011@univ.edu,Female,21,Engineering,58.88,92.81,77.84,82.46,87.36,56.68,72.12,78.953,B
S1012,Ahmed,Johnson,student1012@univ.edu,Male,20,Business,50.16,51.29,94.18,92.48,83.53,81.19,62.54,76.067,B
S1013,Ahmed,Davis,student1013@univ.edu,Female,25,Business,53.65,78.75,57.85,61.53,96.86,47.58,98.43,69.608,C
S1014,Ali,Jones,student1014@univ.edu,Female,20,CS,53.02,79.58,50.64,67.8,70.26,80.22,56.69,63.286,C
S1015,Ali,Smith,student1015@univ.edu,Male,22,Business,51.92,57.34,46.24,84.4,53.3,80.08,84.92,61.018,C
S1016,Omar,Jones,student1016@univ.edu,Female,24,Business,98.9,88.36,57.37,76.39,77.71,72.16,93.28,76.939,B
S1017,John,Brown,student1017@univ.edu,Female,25,Business,50.36,80.62,82.08,55.74,72.46,95.69,45.71,70.747,B
S1018,Emma,Jones,student1018@univ.edu,Female,22,Mathematics,92.77,67.81,51.47,62.98,91.59,91.27,43.57,65.806,C
S1019,Ali,Johnson,student1019@univ.edu,Female,20,CS,86.18,95.85,48.31,66.73,82.92,42.6,92.24,71.937,B
S1020,Ali,Johnson,student1020@univ.edu,Male,19,CS,70.26,81.38,82.98,81.47,75.85,98.2,62.78,79.189,B
S1021,John,Brown,student1021@univ.edu,Male,23,CS,84.57,47.83,50.77,72.06,98.54,83.68,51.12,63.213,C
S1022,Omar,Johnson,student1022@univ.edu,Male,24,Engineering,86.61,98.0,62.41,50.04,69.88,71.46,67.94,71.845,B
S1023,Omar,Williams,student1023@univ.edu,Female,21,CS,76.98,58.98,67.37,59.48,74.78,48.76,84.76,67.019,C
S1024,Omar,Davis,student1024@univ.edu,Male,24,Engineering,63.34,82.01,80.2,75.56,82.41,74.09,97.69,79.844,B
S1025,Ahmed,Davis,student1025@univ.edu,Male,18,Engineering,98.88,43.49,40.42,56.95,99.14,84.57,84.4,61.837,C
S1026,Ali,Brown,student1026@univ.edu,Male,21,Business,63.81,57.36,67.86,55.66,50.23,92.44,90.49,65.254,C
S1027,John,Jones,student1027@univ.edu,Male,23,Business,89.63,76.39,76.59,75.77,60.61,74.57,55.42,73.915,B
S1028,Liam,Davis,student1028@univ.edu,Female,18,Engineering,94.44,92.28,42.17,79.55,66.34,73.36,54.38,68.224,C
S1029,Sara,Smith,student1029@univ.edu,Female,25,CS,68.24,86.69,98.03,51.9,63.96,59.87,55.65,76.31,B
S1030,Liam,Davis,student1030@univ.edu,Male,21,Engineering,81.89,74.17,76.79,92.01,52.94,98.5,51.88,75.269,B
S1031,Maria,Johnson,student1031@univ.edu,Male,24,Engineering,68.77,63.11,52.39,79.94,73.07,46.8,96.78,66.532,C
S1032,Ahmed,Johnson,student1032@univ.edu,Male,25,Mathematics,51.76,94.47,87.9,81.11,95.8,70.11,67.02,82.394,B
S1033,Emma,Brown,student1033@univ.edu,Female,20,Mathematics,50.69,85.7,79.55,53.07,81.71,98.71,96.62,76.803,B
S1034,Ali,Brown,student1034@univ.edu,Male,24,Mathematics,88.45,46.7,99.94,70.8,90.96,92.88,98.53,82.38,B
S1035,Sara,Brown,student1035@univ.edu,Female,19,Business,52.57,91.54,90.99,92.81,94.9,47.17,46.62,81.294,B
S1036,Liam,Davis,student1036@univ.edu,Female,22,Engineering,63.36,74.54,43.0,70.96,98.89,77.62,74.22,65.98,C
S1037,Maria,Brown,student1037@univ.edu,Female,18,Mathematics,62.11,87.83,63.94,60.8,56.86,79.54,48.52,66.594,C
S1038,Ahmed,Davis,student1038@univ.edu,Female,19,Mathematics,56.4,65.01,78.2,93.08,93.37,47.04,66.51,74.404,B
S1039,Sara,Johnson,student1039@univ.edu,Female,21,Business,69.87,58.26,97.66,67.18,78.93,91.59,79.38,78.424,B
S1040,Liam,Brown,student1040@univ.edu,Female,22,Engineering,71.13,45.36,42.19,58.01,59.01,88.86,57.27,53.614,D
S1041,Ahmed,Johnson,student1041@univ.edu,Female,20,Engineering,54.72,67.8,78.11,58.4,86.93,64.25,97.08,72.839,B
S1042,Omar,Williams,student1042@univ.edu,Male,19,Mathematics,98.13,41.3,70.64,59.08,68.77,84.11,83.11,67.52,C
S1043,Liam,Brown,student1043@univ.edu,Female,25,Business,88.92,85.93,57.85,93.5,68.72,86.87,90.69,77.743,B
S1044,Ahmed,Johnson,student1044@univ.edu,Male,20,Engineering,59.82,73.32,97.31,50.4,72.92,93.6,91.31,78.502,B
S1045,Maria,Davis,student1045@univ.edu,Female,21,CS,53.23,47.29,95.51,98.15,57.16,74.57,48.68,72.469,B
S1046,Ahmed,Johnson,student1046@univ.edu,Female,19,Business,65.15,81.76,88.33,62.95,77.01,91.9,43.95,75.499,B
S1047,Sara,Davis,student1047@univ.edu,Male,22,CS,89.77,65.45,49.5,54.53,64.53,75.75,75.85,62.922,C
S1048,Ahmed,Johnson,student1048@univ.edu,Female,23,Mathematics,56.3,78.65,68.4,87.51,95.83,45.35,86.82,75.539,B
S1049,Ali,Johnson,student1049@univ.edu,Male,23,Engineering,61.72,78.59,62.93,54.62,75.87,72.4,48.1,64.979,C
S1050,Liam,Jones,student1050@univ.edu,Female,21,CS,52.71,54.46,81.03,59.31,58.31,45.17,88.45,66.303,C
S1051,Liam,Davis,student1051@univ.edu,Male,20,Engineering,52.51,60.95,50.68,79.86,91.39,43.1,82.66,64.184,C
S1052,Ali,Davis,student1052@univ.edu,Female,20,CS,81.32,94.44,80.17,91.14,59.13,73.45,66.29,80.956,B
S1053,Omar,Brown,student1053@univ.edu,Male,23,Engineering,50.76,64.45,95.23,72.37,52.35,51.54,67.85,71.987,B
S1054,John,Williams,student1054@univ.edu,Male,23,Business,53.43,93.05,41.12,99.39,99.94,82.17,79.81,73.281,B
S1055,Omar,Smith,student1055@univ.edu,Male,20,Business,61.23,47.63,46.22,56.39,87.53,69.29,80.13,58.204,D
S1056,John,Johnson,student1056@univ.edu,Female,22,Engineering,81.27,92.83,97.86,81.43,52.87,65.66,98.08,86.644,A
S1057,Ali,Smith,student1057@univ.edu,Female,22,Business,87.88,79.05,62.98,83.45,74.8,94.79,63.46,74.575,B
S1058,Emma,Smith,student1058@univ.edu,Female,22,Mathematics,69.71,42.8,91.16,75.96,70.23,61.06,82.32,72.581,B
S1059,Sara,Smith,student1059@univ.edu,Male,25,Business,58.97,62.83,80.43,65.19,74.61,79.06,94.28,73.213,B
S1060,John,Johnson,student1060@univ.edu,Female,24,Business,77.64,64.8,51.79,92.18,63.22,68.73,43.13,64.159,C
S1061,Maria,Davis,student1061@univ.edu,Female,19,Engineering,61.6,67.65,84.39,56.31,52.65,73.81,94.16,71.825,B
S1062,Sara,Smith,student1062@univ.edu,Female,20,Engineering,57.38,43.75,43.62,82.91,73.06,51.64,75.67,57.465,D
S1063,Emma,Brown,student1063@univ.edu,Male,20,Engineering,60.05,75.27,47.71,87.71,98.07,80.15,47.55,67.098,C
S1064,Maria,Johnson,student1064@univ.edu,Female,21,CS,99.01,43.36,48.68,56.06,83.88,96.89,83.64,63.183,C
S1065,Sara,Smith,student1065@univ.edu,Male,18,CS,59.83,82.05,82.52,99.79,72.54,69.82,74.52,80.314,B
S1066,Maria,Brown,student1066@univ.edu,Female,20,CS,80.31,46.64,68.4,56.95,85.21,46.2,40.49,61.302,C
S1067,Emma,Williams,student1067@univ.edu,Female,18,Engineering,82.37,88.08,81.56,59.26,61.51,47.69,65.42,74.287,B
S1068,John,Brown,student1068@univ.edu,Female,20,CS,81.3,44.19,77.83,56.96,58.53,48.11,84.06,65.526,C
S1069,Ali,Williams,student1069@univ.edu,Female,22,CS,67.0,87.25,47.58,59.58,70.09,82.87,76.32,66.145,C
S1070,Maria,Davis,student1070@univ.edu,Female,25,Business,89.48,96.74,57.96,66.34,86.8,74.55,41.45,72.188,B
S1071,Ali,Davis,student1071@univ.edu,Female,20,Business,68.43,68.54,89.09,57.4,50.79,80.01,53.64,70.332,B
S1072,Ahmed,Williams,student1072@univ.edu,Female,18,Business,62.64,59.4,91.73,89.03,99.08,42.14,92.13,80.245,B
S1073,John,Jones,student1073@univ.edu,Female,22,Business,78.69,53.69,45.88,75.63,62.32,92.87,52.87,59.878,D
S1074,Ali,Jones,student1074@univ.edu,Male,22,Engineering,70.36,85.2,55.94,75.41,55.06,52.45,89.22,69.22,C
S1075,Maria,Brown,student1075@univ.edu,Female,19,Engineering,55.15,62.49,52.95,80.57,74.42,92.86,57.62,63.831,C
S1076,Ali,Brown,student1076@univ.edu,Female,22,Business,71.61,84.8,63.77,62.3,99.78,49.39,90.19,74.064,B
S1077,Liam,Williams,student1077@univ.edu,Male,21,Mathematics,88.0,43.16,77.46,78.13,60.72,48.3,62.94,67.171,C
S1078,Maria,Davis,student1078@univ.edu,Male,21,Mathematics,78.32,64.48,58.61,81.34,57.93,51.59,48.28,63.713,C
S1079,Maria,Brown,student1079@univ.edu,Male,21,Business,57.37,50.48,95.19,70.74,97.1,79.04,97.81,78.444,B
S1080,Maria,Williams,student1080@univ.edu,Female,24,CS,92.64,70.91,56.25,73.79,88.4,61.07,62.15,69.498,C
S1081,Emma,Smith,student1081@univ.edu,Male,22,Business,79.1,79.25,97.79,83.75,53.03,65.76,44.46,78.697,B
S1082,Omar,Jones,student1082@univ.edu,Female,23,Engineering,66.61,56.61,92.57,82.68,57.96,70.19,69.83,74.445,B
S1083,John,Brown,student1083@univ.edu,Female,19,Business,79.68,44.67,85.92,89.14,85.96,50.17,86.45,75.798,B
S1084,Maria,Johnson,student1084@univ.edu,Female,18,CS,52.94,48.54,96.24,95.3,63.66,95.37,78.6,77.163,B
S1085,Maria,Smith,student1085@univ.edu,Female,18,Engineering,93.91,59.18,57.04,65.62,82.52,60.92,58.04,65.284,C
S1086,Sara,Davis,student1086@univ.edu,Male,25,Business,93.8,78.86,63.3,72.19,65.56,99.32,41.42,70.634,B
S1087,Ahmed,Williams,student1087@univ.edu,Female,23,Mathematics,74.72,71.57,72.15,67.84,96.92,88.89,61.46,73.889,B
S1088,Sara,Davis,student1088@univ.edu,Male,20,Mathematics,81.46,45.47,78.22,72.19,52.59,85.18,74.47,68.499,C
S1089,Omar,Jones,student1089@univ.edu,Female,19,Engineering,67.03,97.14,64.41,50.01,89.47,54.2,51.48,69.76,C
S1090,Ahmed,Johnson,student1090@univ.edu,Male,18,Engineering,74.78,74.53,46.55,93.9,93.06,43.73,44.87,66.413,C
S1091,Ahmed,Brown,student1091@univ.edu,Male,22,Engineering,50.02,63.61,96.19,85.19,73.89,43.59,82.21,77.149,B
S1092,Ahmed,Johnson,student1092@univ.edu,Male,24,Engineering,60.01,58.94,75.89,59.4,53.26,85.56,91.33,68.203,C
S1093,Omar,Jones,student1093@univ.edu,Female,25,Business,75.81,82.85,81.21,79.74,97.32,66.49,85.46,82.077,B
S1094,Ali,Brown,student1094@univ.edu,Male,24,Business,96.16,51.27,92.18,69.6,82.02,69.09,82.07,77.827,B
S1095,Omar,Davis,student1095@univ.edu,Female,25,Mathematics,51.66,78.89,44.9,87.25,96.57,58.36,46.61,64.737,C
S1096,Omar,Davis,student1096@univ.edu,Male,19,Business,52.88,78.9,59.67,89.99,63.12,66.9,56.77,67.802,C
S1097,Sara,Davis,student1097@univ.edu,Male,18,Mathematics,99.6,42.91,49.21,65.2,82.13,78.78,81.13,63.35,C
S1098,John,Davis,student1098@univ.edu,Female,20,CS,52.59,73.26,71.48,93.0,87.31,59.82,61.17,73.144,B
S1099,Sara,Johnson,student1099@univ.edu,Male,24,Mathematics,69.19,66.93,84.69,83.6,64.93,96.82,96.63,79.249,B
S1100,Maria,Davis,student1100@univ.edu,Male,19,CS,90.09,98.42,98.17,51.88,75.68,98.83,72.92,85.728,A
S1101,Maria,Jones,student1101@univ.edu,Female,20,Mathematics,78.82,45.32,41.61,98.23,68.24,46.68,82.65,61.587,C
S1102,Emma,Jones,student1102@univ.edu,Male,20,CS,81.75,88.27,98.36,74.06,61.0,55.99,94.08,84.753,B
S1103,Emma,Jones,student1103@univ.edu,Female,22,CS,61.2,91.94,42.66,92.65,84.6,74.54,51.06,68.496,C
S1104,Omar,Jones,student1104@univ.edu,Female,18,Mathematics,80.42,93.14,92.93,71.36,88.41,57.0,61.01,83.045,B
S1105,Sara,Smith,student1105@univ.edu,Male,25,Business,51.78,49.18,41.47,65.83,63.83,87.54,89.81,57.071,D
S1106,Ahmed,Smith,student1106@univ.edu,Female,24,CS,93.79,73.11,50.38,52.02,50.13,64.22,57.86,60.928,C
S1107,Maria,Davis,student1107@univ.edu,Female,20,CS,90.06,88.65,98.97,57.66,63.16,89.74,85.42,84.421,B
S1108,Sara,Brown,student1108@univ.edu,Female,18,Engineering,78.09,59.71,60.02,80.79,94.14,88.0,76.76,71.365,B
S1109,Emma,Jones,student1109@univ.edu,Male,19,Business,88.38,76.99,49.06,88.36,71.98,46.71,70.93,68.834,C
S1110,Sara,Smith,student1110@univ.edu,Female,18,Engineering,61.69,73.03,43.6,57.07,54.35,67.82,50.72,56.314,D
S1111,Liam,Williams,student1111@univ.edu,Female,22,Business,95.13,67.54,49.14,86.16,83.78,60.75,99.6,72.062,B
S1112,Liam,Williams,student1112@univ.edu,Male,19,Mathematics,58.93,41.97,90.77,71.87,55.9,43.48,60.32,66.095,C
S1113,Ahmed,Brown,student1113@univ.edu,Female,21,Engineering,70.7,49.66,45.59,59.66,90.3,63.41,69.49,58.777,D
S1114,John,Williams,student1114@univ.edu,Male,25,CS,65.6,55.06,96.65,84.2,88.05,85.15,85.59,80.819,B
S1115,Liam,Davis,student1115@univ.edu,Male,21,Business,74.69,50.19,89.89,95.76,57.55,49.47,95.23,76.59,B
S1116,Sara,Jones,student1116@univ.edu,Male,23,Engineering,98.1,63.14,96.62,77.91,60.22,66.28,63.77,78.824,B
S1117,Omar,Davis,student1117@univ.edu,Female,25,CS,58.11,69.31,79.58,88.15,75.35,47.91,75.91,74.291,B
S1118,Liam,Davis,student1118@univ.edu,Female,18,Business,65.77,75.96,97.17,71.27,89.22,45.37,81.75,80.976,B
S1119,Emma,Jones,student1119@univ.edu,Female,19,CS,84.95,55.42,64.69,58.94,73.97,99.3,53.69,65.558,C
S1120,Omar,Johnson,student1120@univ.edu,Female,22,CS,60.43,65.73,68.26,64.85,53.53,80.31,48.57,63.62,C
S1121,Sara,Smith,student1121@univ.edu,Female,20,Business,52.28,89.14,79.61,80.83,66.2,63.17,79.29,76.771,B
S1122,Ali,Brown,student1122@univ.edu,Female,19,Engineering,94.26,53.08,85.68,58.74,59.39,87.25,57.4,70.599,B
S1123,Omar,Davis,student1123@univ.edu,Male,23,Engineering,51.93,72.57,41.01,69.81,56.57,67.62,46.04,56.123,D
S1124,John,Williams,student1124@univ.edu,Female,21,Business,90.26,40.56,53.13,99.47,64.63,98.12,91.32,68.498,C
S1125,Sara,Brown,student1125@univ.edu,Male,21,CS,53.94,63.51,83.74,56.99,54.62,98.75,69.16,69.082,C
S1126,Omar,Smith,student1126@univ.edu,Female,19,Engineering,68.44,61.99,95.75,75.14,52.42,92.79,79.29,77.049,B
S1127,Maria,Davis,student1127@univ.edu,Male,18,Engineering,55.96,46.46,94.31,58.43,91.08,43.92,81.71,71.421,B
S1128,Sara,Smith,student1128@univ.edu,Female,24,Business,78.1,74.84,40.57,91.85,73.74,78.82,71.74,67.215,C
S1129,Maria,Smith,student1129@univ.edu,Male,21,Engineering,99.9,54.89,61.43,91.95,75.26,71.48,88.59,73.149,B
S1130,Ahmed,Williams,student1130@univ.edu,Female,23,Engineering,80.39,94.49,49.11,52.64,94.2,64.96,97.36,71.97,B
S1131,Liam,Williams,student1131@univ.edu,Male,19,Engineering,85.87,57.4,70.51,69.34,68.73,89.99,70.01,69.995,C
S1132,Liam,Jones,student1132@univ.edu,Male,23,Business,95.0,49.96,52.51,64.21,60.39,80.65,71.68,62.116,C
S1133,Maria,Johnson,student1133@univ.edu,Male,23,Business,74.3,87.92,62.52,79.89,65.35,69.97,46.25,70.412,B
S1134,Ali,Jones,student1134@univ.edu,Male,20,Mathematics,63.27,71.47,90.21,52.6,60.08,91.7,84.76,74.643,B
S1135,John,Brown,student1135@univ.edu,Male,25,CS,54.4,55.68,56.01,74.85,51.21,98.73,50.23,59.687,D
S1136,Emma,Johnson,student1136@univ.edu,Female,18,Engineering,99.7,79.53,72.29,84.4,53.71,78.18,42.21,73.724,B
S1137,Ahmed,Davis,student1137@univ.edu,Female,24,Mathematics,79.96,54.57,41.83,72.76,71.41,64.73,82.45,60.995,C
S1138,Emma,Davis,student1138@univ.edu,Male,19,Business,84.66,82.14,46.83,95.76,76.81,63.84,90.03,73.183,B
S1139,Emma,Smith,student1139@univ.edu,Male,20,Engineering,76.29,75.26,80.71,79.99,85.26,98.93,64.83,78.848,B
S1140,John,Davis,student1140@univ.edu,Female,20,Engineering,88.06,61.56,98.74,79.07,97.43,88.88,96.8,86.468,A
S1141,John,Johnson,student1141@univ.edu,Female,19,Engineering,95.62,58.73,60.95,71.45,50.44,74.88,87.9,67.889,C
S1142,Ahmed,Smith,student1142@univ.edu,Male,21,Business,71.21,43.95,47.6,70.21,58.55,67.65,51.97,55.157,D
S1143,Ali,Williams,student1143@univ.edu,Female,23,CS,98.26,58.19,81.42,91.58,53.77,98.07,67.52,76.659,B
S1144,Liam,Jones,student1144@univ.edu,Female,22,Business,55.01,65.51,88.77,88.35,52.49,96.35,46.36,73.189,B
S1145,Liam,Davis,student1145@univ.edu,Male,19,Mathematics,57.84,45.5,95.58,65.61,52.64,96.97,40.18,67.53,C
S1146,Ali,Smith,student1146@univ.edu,Female,25,CS,74.81,51.4,91.29,79.38,61.38,65.6,94.15,75.888,B
S1147,Emma,Jones,student1147@univ.edu,Female,20,CS,93.99,61.85,74.45,60.51,70.55,62.69,47.73,68.143,C
S1148,Liam,Williams,student1148@univ.edu,Male,18,Business,91.47,78.82,82.72,70.05,64.22,94.35,66.38,78.012,B
S1149,Ahmed,Brown,student1149@univ.edu,Female,21,Mathematics,94.08,50.95,52.94,89.54,89.25,41.15,69.7,66.864,C
S1150,Omar,Williams,student1150@univ.edu,Female,24,CS,70.31,51.0,62.6,74.12,74.5,46.62,83.01,65.211,C
S1151,Ali,Brown,student1151@univ.edu,Male,20,Business,93.94,89.25,83.91,83.7,85.69,64.96,89.83,85.772,A
S1152,Liam,Jones,student1152@univ.edu,Female,19,Business,91.6,74.3,88.67,80.4,59.56,80.5,74.32,80.094,B
S1153,Emma,Davis,student1153@univ.edu,Male,21,Engineering,59.87,84.34,63.05,55.32,59.32,77.02,85.9,68.441,C
S1154,Sara,Smith,student1154@univ.edu,Female,19,Business,75.72,75.61,54.37,63.41,80.28,81.85,99.86,70.623,B
S1155,Ahmed,Brown,student1155@univ.edu,Male,22,CS,92.19,42.42,56.73,70.17,57.64,69.65,88.9,63.384,C
S1156,Omar,Jones,student1156@univ.edu,Female,21,Business,64.64,65.66,78.61,62.46,90.45,77.17,82.28,73.68,B
S1157,Maria,Smith,student1157@univ.edu,Male,19,Business,61.31,62.17,45.26,94.0,64.13,52.07,44.77,59.737,D
S1158,Emma,Williams,student1158@univ.edu,Male,22,Business,68.91,66.82,60.83,94.11,97.44,60.9,86.71,74.081,B
S1159,Ali,Jones,student1159@univ.edu,Female,20,Mathematics,99.2,44.51,56.13,91.58,67.8,42.82,88.1,67.129,C
S1160,Liam,Williams,student1160@univ.edu,Male,23,Mathematics,54.38,88.62,68.51,64.24,78.33,56.3,85.16,72.515,B
S1161,Maria,Johnson,student1161@univ.edu,Male,25,CS,62.96,86.49,46.28,93.75,90.49,90.96,64.46,71.583,B
S1162,Liam,Johnson,student1162@univ.edu,Female,22,CS,99.53,86.99,40.96,62.06,71.58,56.65,87.36,67.674,C
S1163,Ahmed,Johnson,student1163@univ.edu,Male,18,Business,95.23,99.46,52.61,81.25,78.2,83.02,74.52,76.808,B
S1164,Liam,Jones,student1164@univ.edu,Female,22,Business,75.17,53.6,43.0,88.76,87.24,40.64,73.25,62.532,C
S1165,John,Brown,student1165@univ.edu,Female,24,Mathematics,59.36,99.52,86.1,80.03,95.66,63.09,70.91,83.486,B
S1166,Liam,Johnson,student1166@univ.edu,Male,24,Mathematics,58.37,90.65,61.72,75.48,89.13,63.88,59.76,71.888,B
S1167,Ahmed,Davis,student1167@univ.edu,Male,20,Engineering,65.04,54.34,79.22,88.37,63.6,76.31,59.26,70.495,B
S1168,Sara,Davis,student1168@univ.edu,Female,25,Mathematics,86.97,77.53,69.36,58.55,57.13,48.18,67.33,68.648,C
S1169,Sara,Brown,student1169@univ.edu,Female,18,Mathematics,77.66,81.12,54.6,69.23,60.2,40.53,78.32,66.633,C
S1170,Sara,Jones,student1170@univ.edu,Male,22,Engineering,73.99,87.85,71.35,69.12,82.81,51.01,79.11,75.484,B
S1171,Liam,Smith,student1171@univ.edu,Male,23,Mathematics,63.94,72.14,87.0,62.53,94.45,80.18,82.41,77.996,B
S1172,Liam,Williams,student1172@univ.edu,Male,25,Business,54.35,54.65,86.26,87.12,67.44,70.08,54.61,71.02,B
S1173,Sara,Brown,student1173@univ.edu,Male,23,Business,87.97,88.57,77.14,57.91,75.36,47.45,56.11,73.859,B
S1174,Emma,Davis,student1174@univ.edu,Male,20,Engineering,97.78,86.41,94.84,78.05,53.56,90.49,74.49,84.549,B
S1175,Sara,Davis,student1175@univ.edu,Female,23,CS,88.44,65.03,63.66,98.36,67.3,52.54,84.65,73.524,B
S1176,Sara,Jones,student1176@univ.edu,Female,21,Business,71.26,52.87,89.94,82.78,65.92,49.86,66.15,72.799,B
S1177,Ali,Davis,student1177@univ.edu,Male,20,Mathematics,61.94,48.02,68.34,59.72,77.4,45.44,60.25,61.295,C
S1178,Maria,Smith,student1178@univ.edu,Male,20,Business,73.65,93.49,98.0,64.01,70.44,86.38,61.04,82.531,B
S1179,Ahmed,Davis,student1179@univ.edu,Female,20,CS,77.95,98.11,81.77,67.97,57.09,45.72,44.95,74.634,B
S1180,John,Davis,student1180@univ.edu,Female,21,Business,83.56,68.7,93.82,84.57,70.22,93.99,77.67,82.416,B
S1181,Maria,Brown,student1181@univ.edu,Female,22,Business,95.11,89.92,74.74,96.52,51.15,51.42,77.02,79.783,B
S1182,Ahmed,Johnson,student1182@univ.edu,Male,21,Engineering,53.4,75.2,61.63,60.7,53.24,92.84,46.89,62.629,C
S1183,Maria,Jones,student1183@univ.edu,Female,23,Business,80.9,69.54,76.39,51.24,59.77,60.2,55.31,67.119,C
S1184,Liam,Jones,student1184@univ.edu,Female,21,Mathematics,76.67,56.55,97.87,57.55,72.31,55.7,84.26,75.412,B
S1185,John,Smith,student1185@univ.edu,Male,25,CS,63.71,41.57,79.9,79.81,94.68,76.62,59.85,69.911,C
S1186,Emma,Brown,student1186@univ.edu,Male,25,Mathematics,77.89,71.73,44.86,74.22,94.71,81.06,75.23,67.773,C
S1187,Emma,Jones,student1187@univ.edu,Male,23,Mathematics,91.76,91.85,62.98,57.34,96.75,45.25,46.42,71.62,B
S1188,John,Johnson,student1188@univ.edu,Female,21,Mathematics,80.88,42.82,84.47,89.99,51.16,57.64,82.63,71.752,B
S1189,John,Smith,student1189@univ.edu,Female,18,Engineering,94.34,73.39,82.52,93.23,77.11,74.27,97.38,84.015,B
S1190,Emma,Jones,student1190@univ.edu,Female,20,Mathematics,74.17,83.83,42.3,94.89,52.87,72.51,85.76,68.595,C
S1191,Sara,Brown,student1191@univ.edu,Male,18,CS,70.31,68.91,69.02,65.81,96.13,64.34,47.94,69.014,C
S1192,John,Smith,student1192@univ.edu,Male,24,Mathematics,60.8,99.57,80.78,92.54,95.78,73.37,60.66,83.421,B
S1193,Emma,Johnson,student1193@univ.edu,Female,21,CS,64.94,94.47,71.1,58.06,76.88,81.51,86.27,75.818,B
S1194,Maria,Smith,student1194@univ.edu,Female,21,Mathematics,68.84,79.12,77.72,87.27,66.1,88.45,61.35,76.282,B
S1195,Omar,Brown,student1195@univ.edu,Female,23,CS,75.25,61.88,47.24,60.59,62.98,47.49,46.89,56.523,D
S1196,John,Brown,student1196@univ.edu,Male,24,Mathematics,83.8,80.67,41.52,73.08,89.54,57.9,55.1,65.291,C
S1197,John,Williams,student1197@univ.edu,Female,19,Engineering,88.86,56.44,50.75,50.47,97.62,83.93,92.3,66.158,C
S1198,Maria,Jones,student1198@univ.edu,Female,20,Engineering,86.53,40.69,41.61,73.46,65.29,94.91,69.54,58.522,D
S1199,Omar,Davis,student1199@univ.edu,Female,19,Business,54.74,94.57,62.42,61.39,87.59,53.63,56.6,69.423,C
S1200,Liam,Johnson,student1200@univ.edu,Female,20,Mathematics,92.8,97.94,95.04,69.12,59.77,72.44,80.07,85.354,A
S1201,Maria,Smith,student1201@univ.edu,Female,21,Engineering,85.12,99.36,54.37,80.94,52.96,78.63,59.28,71.992,B
S1202,Omar,Jones,student1202@univ.edu,Female,18,Mathematics,50.81,97.4,59.11,98.42,53.7,53.42,73.08,72.406,B
S1203,Liam,Davis,student1203@univ.edu,Female,24,Business,79.95,42.25,75.94,68.83,71.44,64.32,56.15,65.526,C
S1204,Ahmed,Brown,student1204@univ.edu,Male,25,Business,65.57,50.85,76.32,73.57,67.69,70.13,79.69,68.903,C
S1205,Emma,Smith,student1205@univ.edu,Male,20,Mathematics,67.38,48.56,81.54,76.4,77.13,94.25,57.59,70.557,B
S1206,Omar,Williams,student1206@univ.edu,Female,20,CS,64.21,68.59,74.86,74.01,55.94,44.56,89.02,70.422,B
S1207,Maria,Smith,student1207@univ.edu,Male,24,Engineering,61.52,40.5,94.7,76.5,82.76,61.16,41.8,69.651,C
S1208,Omar,Johnson,student1208@univ.edu,Female,24,CS,88.57,80.04,94.21,58.19,73.95,67.15,81.45,80.754,B
S1209,Maria,Davis,student1209@univ.edu,Female,19,Mathematics,91.35,65.76,72.72,83.79,65.25,48.08,62.58,71.858,B
S1210,Sara,Williams,student1210@univ.edu,Male,20,Mathematics,54.55,93.78,87.11,59.6,81.26,78.41,95.14,80.844,B
S1211,Emma,Davis,student1211@univ.edu,Female,22,Mathematics,97.29,62.29,77.31,68.53,90.02,79.52,61.73,74.811,B
S1212,Liam,Jones,student1212@univ.edu,Female,20,Engineering,97.68,41.87,92.22,98.62,58.55,85.99,83.37,79.093,B
S1213,Maria,Davis,student1213@univ.edu,Male,20,Engineering,61.01,43.74,82.12,53.37,53.59,90.72,45.96,61.981,C
S1214,Emma,Brown,student1214@univ.edu,Female,23,CS,70.98,52.77,72.35,54.65,86.39,84.86,85.97,69.034,C
S1215,Maria,Brown,student1215@univ.edu,Male,23,Mathematics,96.92,75.88,94.6,56.66,62.35,53.13,93.9,80.028,B
S1216,John,Johnson,student1216@univ.edu,Female,19,CS,57.44,49.05,77.44,66.91,97.09,63.58,65.53,68.264,C
S1217,Ahmed,Williams,student1217@univ.edu,Male,22,Business,67.83,94.51,57.16,64.38,75.11,89.34,72.7,71.738,B
S1218,Sara,Williams,student1218@univ.edu,Female,24,Engineering,66.39,42.9,57.96,87.54,87.45,70.38,78.66,65.868,C
S1219,Omar,Williams,student1219@univ.edu,Male,21,Mathematics,82.35,47.06,67.23,61.86,84.3,95.46,56.9,65.988,C
S1220,John,Johnson,student1220@univ.edu,Male,23,Engineering,72.12,97.86,97.12,71.33,56.79,97.8,59.49,83.138,B
S1221,John,Williams,student1221@univ.edu,Female,24,Business,54.44,56.04,68.46,73.51,71.49,55.29,56.35,63.765,C
S1222,Ahmed,Jones,student1222@univ.edu,Female,21,Mathematics,66.6,65.59,76.22,58.8,58.88,64.07,77.82,68.338,C
S1223,Ali,Jones,student1223@univ.edu,Male,23,Engineering,66.26,85.82,56.34,83.72,77.13,81.81,56.83,70.737,B
S1224,Sara,Smith,student1224@univ.edu,Female,24,Mathematics,96.54,94.37,55.8,72.8,71.05,41.54,59.41,71.311,B
S1225,John,Brown,student1225@univ.edu,Male,24,CS,51.79,64.7,97.36,68.19,84.65,40.24,44.14,72.447,B
S1226,Maria,Jones,student1226@univ.edu,Female,25,CS,93.38,90.36,45.53,66.36,89.0,55.55,66.42,69.342,C
S1227,John,Davis,student1227@univ.edu,Male,25,Mathematics,68.78,46.68,66.2,90.19,75.4,74.66,48.68,65.743,C
S1228,Ali,Brown,student1228@univ.edu,Male,25,Mathematics,71.2,78.06,82.81,62.66,92.78,58.6,46.97,73.879,B
S1229,Ali,Brown,student1229@univ.edu,Male,21,Engineering,97.84,83.52,67.35,63.12,60.29,62.52,67.92,72.108,B
S1230,Liam,Johnson,student1230@univ.edu,Male,21,Business,85.69,90.24,50.97,98.2,69.08,98.86,92.63,77.752,B
S1231,Omar,Davis,student1231@univ.edu,Female,22,Engineering,85.28,97.38,78.58,64.78,68.83,57.54,71.24,78.179,B
S1232,Omar,Johnson,student1232@univ.edu,Male,24,Mathematics,82.58,82.78,55.01,55.47,88.12,42.63,53.5,65.931,C
S1233,Emma,Smith,student1233@univ.edu,Male,19,CS,85.06,88.01,79.12,52.38,51.79,52.42,66.95,72.196,B
S1234,Maria,Johnson,student1234@univ.edu,Male,21,Mathematics,54.13,78.43,78.11,78.06,55.76,48.12,45.42,68.765,C
S1235,John,Jones,student1235@univ.edu,Male,25,Engineering,91.49,64.34,79.54,98.6,57.4,41.46,80.58,76.54,B
S1236,Liam,Williams,student1236@univ.edu,Female,19,CS,91.8,88.25,66.61,69.23,52.63,99.41,73.28,74.759,B
S1237,Liam,Jones,student1237@univ.edu,Female,23,Mathematics,86.85,40.03,91.32,77.55,93.33,75.65,90.36,77.871,B
S1238,Liam,Davis,student1238@univ.edu,Female,18,Engineering,94.13,54.31,90.19,95.49,62.08,75.73,55.2,77.17,B
S1239,Ahmed,Davis,student1239@univ.edu,Male,18,CS,88.81,60.5,65.05,92.5,72.01,96.35,93.01,75.691,B
S1240,Maria,Williams,student1240@univ.edu,Male,21,Mathematics,72.05,91.69,93.06,96.37,83.38,41.33,73.29,85.65,A
S1241,Ali,Jones,student1241@univ.edu,Male,21,Mathematics,69.4,52.21,75.7,57.53,72.22,75.25,74.56,67.162,C
S1242,John,Davis,student1242@univ.edu,Female,21,CS,78.99,70.61,59.64,80.03,68.63,93.9,60.94,69.569,C
S1243,Ali,Johnson,student1243@univ.edu,Male,19,Business,98.03,64.64,76.8,71.91,63.11,71.64,53.89,71.839,B
S1244,Ali,Jones,student1244@univ.edu,Female,21,Mathematics,89.24,63.6,42.16,68.64,98.12,53.61,40.25,61.105,C
S1245,Ali,Jones,student1245@univ.edu,Male,24,Mathematics,53.94,91.81,85.3,57.78,61.48,60.54,62.92,73.48,B
S1246,Emma,Smith,student1246@univ.edu,Male,19,Business,56.09,92.44,47.8,69.32,57.47,63.94,40.23,61.802,C
S1247,Maria,Brown,student1247@univ.edu,Male,24,Business,96.37,47.45,87.14,96.35,70.78,97.44,95.5,81.222,B
S1248,Ahmed,Smith,student1248@univ.edu,Female,23,Mathematics,82.51,55.17,89.5,50.72,63.22,49.0,81.48,70.663,B
S1249,Omar,Smith,student1249@univ.edu,Male,23,CS,85.78,63.93,44.92,91.73,59.92,81.75,83.44,67.023,C
S1250,Liam,Williams,student1250@univ.edu,Female,18,CS,79.5,91.25,41.19,69.6,95.03,78.01,51.05,67.505,C
S1251,Sara,Smith,student1251@univ.edu,Male,18,CS,60.05,84.23,53.09,62.9,68.6,96.96,87.04,68.625,C
S1252,Liam,Johnson,student1252@univ.edu,Female,23,Business,65.45,49.63,66.12,78.33,85.16,43.75,89.94,67.754,C
S1253,Sara,Johnson,student1253@univ.edu,Male,23,Business,71.23,77.17,59.74,61.19,82.72,57.3,92.59,70.053,B
S1254,Ali,Smith,student1254@univ.edu,Male,24,Business,69.66,78.4,96.83,93.61,70.18,89.29,79.16,85.135,A
S1255,John,Jones,student1255@univ.edu,Male,24,Engineering,70.8,41.83,51.57,50.49,78.59,94.94,42.79,55.376,D
S1256,Omar,Williams,student1256@univ.edu,Male,23,CS,54.33,57.47,69.07,87.88,73.02,72.0,80.04,69.736,C
S1257,Maria,Williams,student1257@univ.edu,Female,19,CS,51.07,83.32,53.66,90.49,53.27,75.48,75.96,68.139,C
S1258,Ali,Davis,student1258@univ.edu,Female,20,CS,64.43,94.84,99.97,73.92,94.54,74.82,68.08,86.493,A
S1259,Ali,Jones,student1259@univ.edu,Female,22,Mathematics,86.89,69.0,85.72,73.65,71.11,92.28,83.51,79.329,B
S1260,Sara,Johnson,student1260@univ.edu,Female,22,CS,84.51,90.28,59.75,79.36,50.76,66.37,80.06,72.737,B
S1261,Liam,Williams,student1261@univ.edu,Male,25,Mathematics,51.21,81.72,63.85,84.56,95.64,91.14,93.29,76.754,B
S1262,Ahmed,Brown,student1262@univ.edu,Male,20,Business,96.87,68.44,48.12,53.11,59.23,79.95,40.41,59.739,D
S1263,Ali,Johnson,student1263@univ.edu,Male,21,Business,77.98,46.49,47.44,74.52,58.2,43.94,78.21,58.344,D
S1264,Sara,Johnson,student1264@univ.edu,Female,24,Business,91.55,42.68,94.82,63.81,54.08,97.1,98.94,75.866,B
S1265,Maria,Davis,student1265@univ.edu,Female,21,Mathematics,66.85,66.79,67.27,52.05,55.5,77.37,45.68,62.018,C
S1266,Omar,Brown,student1266@univ.edu,Female,25,Engineering,82.97,75.37,99.66,82.82,71.53,72.78,59.05,82.389,B
S1267,Ahmed,Williams,student1267@univ.edu,Male,22,CS,54.44,77.85,44.13,87.0,86.15,94.25,80.89,68.719,C
S1268,John,Brown,student1268@univ.edu,Female,20,Mathematics,51.23,70.09,45.59,89.79,55.43,53.82,94.56,63.977,C
S1269,Omar,Brown,student1269@univ.edu,Male,24,Engineering,78.1,71.03,60.78,71.61,55.3,81.51,96.68,70.265,B
S1270,Emma,Brown,student1270@univ.edu,Male,23,Mathematics,60.2,72.74,88.07,52.32,97.11,45.01,90.09,75.808,B
S1271,Sara,Williams,student1271@univ.edu,Female,19,Engineering,59.27,71.07,41.52,91.31,81.93,94.07,65.64,65.754,C
S1272,Maria,Smith,student1272@univ.edu,Female,24,CS,84.01,66.29,54.38,76.1,84.12,66.32,73.23,68.439,C
S1273,Omar,Johnson,student1273@univ.edu,Female,24,Engineering,70.78,53.26,45.95,82.01,70.81,54.45,73.16,60.936,C
S1274,Emma,Jones,student1274@univ.edu,Male,18,Business,96.31,91.24,51.19,68.32,50.11,79.55,53.86,67.859,C
S1275,Omar,Jones,student1275@univ.edu,Female,19,Engineering,85.74,53.86,61.99,55.08,57.82,43.83,81.76,62.354,C
S1276,Sara,Johnson,student1276@univ.edu,Male,22,Mathematics,64.31,45.85,75.82,81.11,75.17,60.38,92.86,70.335,B
S1277,Emma,Williams,student1277@univ.edu,Female,18,Engineering,61.39,73.97,52.96,84.02,63.91,93.08,93.28,69.797,C
S1278,Sara,Brown,student1278@univ.edu,Male,21,CS,68.27,68.71,68.78,60.86,80.9,61.97,68.65,68.386,C
S1279,Ali,Johnson,student1279@univ.edu,Female,20,Mathematics,99.4,60.88,83.15,82.42,86.51,63.58,49.58,76.212,B
S1280,Emma,Davis,student1280@univ.edu,Female,19,Business,67.09,61.88,62.33,79.64,58.37,43.48,56.08,63.349,C
S1281,Sara,Williams,student1281@univ.edu,Male,19,CS,98.47,42.92,64.1,81.67,52.88,48.96,95.07,67.154,C
S1282,Omar,Smith,student1282@univ.edu,Male,19,Business,92.3,98.23,74.69,98.26,92.81,64.5,52.16,83.744,B
S1283,John,Smith,student1283@univ.edu,Female,22,Business,92.06,93.46,66.72,95.7,59.12,45.36,85.36,78.985,B
S1284,Emma,Brown,student1284@univ.edu,Female,23,CS,82.78,79.96,48.04,58.74,60.66,93.21,45.29,62.749,C
S1285,John,Johnson,student1285@univ.edu,Female,21,CS,69.49,41.72,67.38,70.64,90.65,70.9,80.45,66.758,C
S1286,John,Jones,student1286@univ.edu,Female,21,Engineering,95.64,93.4,77.43,77.34,76.91,66.96,80.75,82.188,B
S1287,John,Smith,student1287@univ.edu,Male,19,CS,75.18,68.33,80.11,69.54,66.23,76.32,83.29,74.416,B
S1288,Sara,Davis,student1288@univ.edu,Female,18,Engineering,74.17,85.56,67.8,87.78,64.93,94.44,74.31,76.682,B
S1289,Ali,Jones,student1289@univ.edu,Male,23,Engineering,92.51,55.91,56.41,97.13,92.88,49.18,94.54,73.126,B
S1290,Liam,Jones,student1290@univ.edu,Female,21,Mathematics,70.23,97.33,61.75,91.58,75.82,77.0,48.97,75.08,B
S1291,Ahmed,Johnson,student1291@univ.edu,Female,22,CS,69.12,64.69,58.04,71.76,84.67,59.29,86.54,68.112,C
S1292,Maria,Jones,student1292@univ.edu,Male,25,CS,65.13,78.91,46.42,69.88,50.54,61.59,80.74,62.911,C
S1293,Omar,Williams,student1293@univ.edu,Female,18,Business,72.54,57.12,57.13,57.94,61.31,46.62,73.86,60.356,C
S1294,Maria,Williams,student1294@univ.edu,Female,22,Business,57.93,97.95,51.18,57.04,52.25,70.92,42.73,62.337,C
S1295,Maria,Johnson,student1295@univ.edu,Male,22,Business,91.75,81.04,92.32,65.47,70.86,52.42,98.92,82.498,B
S1296,Liam,Jones,student1296@univ.edu,Female,20,Business,58.06,83.84,86.57,52.56,62.38,91.69,70.72,74.324,B
S1297,Maria,Williams,student1297@univ.edu,Female,25,Mathematics,54.72,69.81,58.39,83.95,71.9,94.16,42.28,65.669,C
S1298,Maria,Brown,student1298@univ.edu,Female,25,CS,93.31,82.54,63.96,67.84,75.64,45.51,51.4,70.183,B
S1299,Ali,Davis,student1299@univ.edu,Male,23,Engineering,63.56,69.28,91.75,52.65,87.33,61.62,73.47,74.796,B
S1300,Sara,Davis,student1300@univ.edu,Male,22,Business,76.14,43.37,56.58,95.33,71.06,44.51,82.33,65.126,C
S1301,Ahmed,Jones,student1301@univ.edu,Male,25,Business,77.29,56.17,85.48,61.98,51.48,73.97,87.97,71.547,B
S1302,Sara,Davis,student1302@univ.edu,Male,20,Business,50.42,55.84,73.38,86.4,87.76,59.8,83.54,71.304,B
S1303,Ahmed,Davis,student1303@univ.edu,Female,22,Business,78.74,87.67,75.86,51.84,70.18,83.62,71.54,74.295,B
S1304,Omar,Brown,student1304@univ.edu,Female,22,CS,74.96,91.73,70.68,61.0,63.23,95.1,40.36,71.31,B
S1305,Omar,Jones,student1305@univ.edu,Male,21,Mathematics,79.89,65.68,78.54,59.19,91.48,60.11,72.89,73.008,B
S1306,John,Brown,student1306@univ.edu,Male,25,Engineering,82.52,65.05,56.92,68.56,50.97,40.23,90.35,64.766,C
S1307,John,Smith,student1307@univ.edu,Female,24,Business,91.88,44.96,70.11,61.66,96.6,53.29,52.07,65.993,C
S1308,Sara,Jones,student1308@univ.edu,Male,20,Mathematics,93.81,63.2,88.45,91.01,74.41,92.68,63.9,80.672,B
S1309,Liam,Smith,student1309@univ.edu,Male,18,Mathematics,66.11,59.12,65.72,74.22,77.78,86.71,63.75,67.772,C
S1310,Omar,Jones,student1310@univ.edu,Female,24,CS,94.34,86.63,60.67,50.86,85.55,88.07,90.73,74.621,B
S1311,Liam,Smith,student1311@univ.edu,Female,20,CS,52.25,81.83,64.04,50.92,64.7,86.51,48.99,64.135,C
S1312,Ali,Johnson,student1312@univ.edu,Male,18,CS,76.54,57.73,85.08,71.49,80.86,86.7,74.87,75.355,B
S1313,Omar,Smith,student1313@univ.edu,Female,22,Business,89.59,94.83,56.35,67.19,54.8,50.36,60.97,69.004,C
S1314,Ali,Brown,student1314@univ.edu,Male,21,Business,62.5,45.06,58.85,62.63,51.93,64.35,66.29,57.351,D
S1315,Ali,Williams,student1315@univ.edu,Female,20,Business,64.82,54.15,81.58,80.12,80.52,58.63,43.06,69.094,C
S1316,Sara,Davis,student1316@univ.edu,Female,22,Business,59.24,86.17,63.46,82.87,80.44,86.62,47.71,71.773,B
S1317,Omar,Johnson,student1317@univ.edu,Male,20,CS,53.93,49.41,80.72,85.71,88.75,99.5,51.45,71.342,B
S1318,Omar,Davis,student1318@univ.edu,Male,25,CS,71.33,58.59,51.86,81.34,87.93,84.15,85.59,68.17,C
S1319,John,Brown,student1319@univ.edu,Male,21,CS,86.22,75.08,98.36,62.96,91.6,69.07,84.03,83.607,B
S1320,John,Johnson,student1320@univ.edu,Female,20,Business,58.91,94.23,81.0,69.14,76.92,47.66,49.82,74.465,B
S1321,Maria,Davis,student1321@univ.edu,Male,23,CS,89.81,55.77,41.6,63.71,90.4,42.27,72.53,60.578,C
S1322,Ahmed,Jones,student1322@univ.edu,Male,21,Engineering,72.08,61.45,63.33,87.25,95.6,70.97,54.3,70.123,B
S1323,Emma,Johnson,student1323@univ.edu,Male,22,CS,68.03,82.53,64.05,60.6,82.65,81.15,93.09,73.246,B
S1324,John,Johnson,student1324@univ.edu,Male,20,Mathematics,50.68,87.09,45.32,63.21,71.65,58.69,58.41,61.504,C
S1325,Ahmed,Williams,student1325@univ.edu,Female,22,Engineering,58.29,59.62,76.24,75.74,61.56,52.07,88.54,69.599,C
S1326,Emma,Williams,student1326@univ.edu,Male,20,CS,54.3,89.72,69.12,94.27,63.53,47.01,60.6,73.014,B
S1327,Ahmed,Johnson,student1327@univ.edu,Female,24,Mathematics,94.79,90.92,79.75,80.24,57.6,55.86,96.54,81.831,B
S1328,John,Smith,student1328@univ.edu,Male,23,CS,65.0,74.15,48.0,64.63,53.17,80.73,89.44,63.722,C
S1329,Liam,Brown,student1329@univ.edu,Female,22,CS,64.87,94.96,42.19,73.98,61.62,81.69,92.5,68.73,C
S1330,Omar,Johnson,student1330@univ.edu,Male,23,Business,98.99,63.96,66.55,97.66,53.7,72.45,88.07,75.105,B
S1331,Ali,Brown,student1331@univ.edu,Female,23,CS,65.84,97.38,92.85,56.42,68.43,69.09,88.13,81.488,B
S1332,Emma,Davis,student1332@univ.edu,Male,25,Business,66.64,45.38,78.47,76.29,81.36,71.86,67.14,69.168,C
S1333,Emma,Davis,student1333@univ.edu,Female,20,CS,51.58,90.88,89.71,69.44,91.72,70.86,56.37,79.015,B
S1334,Emma,Jones,student1334@univ.edu,Female,20,Engineering,95.17,51.0,67.69,63.66,64.71,74.72,79.73,67.753,C
S1335,Ahmed,Jones,student1335@univ.edu,Male,25,Engineering,86.2,72.55,65.33,76.34,68.52,62.59,47.57,68.918,C
S1336,Sara,Johnson,student1336@univ.edu,Male,20,CS,57.04,62.1,96.4,64.95,95.88,44.17,78.02,76.385,B
S1337,Ali,Johnson,student1337@univ.edu,Female,24,CS,98.31,53.92,68.37,71.96,80.86,80.68,97.35,73.775,B
S1338,Omar,Davis,student1338@univ.edu,Male,19,Engineering,82.96,44.7,47.79,85.93,66.16,58.97,82.32,62.259,C
S1339,Ahmed,Williams,student1339@univ.edu,Male,20,Mathematics,66.77,86.2,78.68,51.01,64.28,65.06,51.52,70.005,B
S1340,Liam,Johnson,student1340@univ.edu,Female,24,Business,78.58,44.58,51.69,96.58,60.46,93.46,96.16,67.103,C
S1341,Sara,Williams,student1341@univ.edu,Female,20,Engineering,53.75,99.51,77.21,85.26,88.34,94.31,95.45,84.324,B
S1342,John,Johnson,student1342@univ.edu,Male,19,Engineering,64.49,82.59,67.29,71.19,81.25,63.48,86.29,73.761,B
S1343,Omar,Davis,student1343@univ.edu,Female,19,Business,73.2,50.44,91.39,79.42,60.68,99.19,66.72,74.438,B
S1344,Liam,Davis,student1344@univ.edu,Female,22,Engineering,99.7,79.73,91.34,82.25,72.89,52.92,93.14,84.905,B
S1345,John,Williams,student1345@univ.edu,Male,19,CS,73.62,64.48,84.69,85.1,63.99,70.4,58.78,74.227,B
S1346,Ali,Williams,student1346@univ.edu,Female,23,CS,79.34,56.11,40.66,52.59,71.37,45.02,89.4,57.57,D
S1347,Emma,Jones,student1347@univ.edu,Male,18,Engineering,59.34,65.14,61.39,60.1,68.43,58.11,44.13,60.556,C
S1348,Sara,Brown,student1348@univ.edu,Female,22,Business,99.14,58.97,67.45,59.97,57.31,77.3,89.54,69.489,C
S1349,Emma,Brown,student1349@univ.edu,Male,19,CS,89.35,89.36,84.96,51.54,83.62,80.29,50.23,77.425,B
S1350,Sara,Smith,student1350@univ.edu,Female,22,CS,52.87,57.88,64.74,54.26,95.97,69.15,46.27,62.105,C
S1351,Omar,Jones,student1351@univ.edu,Female,20,CS,50.14,83.87,87.64,60.02,89.6,99.34,41.82,75.192,B
S1352,Sara,Brown,student1352@univ.edu,Female,20,Mathematics,61.43,75.16,79.26,79.84,88.22,68.77,66.81,75.871,B
S1353,Maria,Smith,student1353@univ.edu,Male,20,CS,60.66,84.4,45.77,88.68,71.12,71.24,54.53,66.106,C
S1354,Liam,Jones,student1354@univ.edu,Male,24,Engineering,57.07,90.09,86.56,51.0,65.06,69.02,78.27,75.127,B
S1355,Emma,Smith,student1355@univ.edu,Female,23,Business,78.83,65.25,85.84,57.91,99.99,97.49,89.27,79.172,B
S1356,Omar,Smith,student1356@univ.edu,Female,20,CS,55.39,56.14,73.28,67.02,69.7,99.66,42.78,65.035,C
S1357,Omar,Smith,student1357@univ.edu,Male,20,Engineering,65.61,70.16,95.47,64.29,77.89,75.62,65.81,77.029,B
S1358,Maria,Jones,student1358@univ.edu,Female,18,Engineering,86.43,54.59,85.57,60.73,54.2,49.01,61.15,68.327,C
S1359,Ahmed,Williams,student1359@univ.edu,Female,21,Engineering,86.29,48.33,79.54,74.7,50.65,99.59,50.04,68.41,C
S1360,Emma,Brown,student1360@univ.edu,Male,23,CS,98.05,67.84,97.9,91.42,83.08,62.05,53.61,83.228,B
S1361,Ahmed,Smith,student1361@univ.edu,Male,18,Mathematics,70.82,78.91,50.71,93.2,91.16,51.26,77.06,71.442,B
S1362,Omar,Johnson,student1362@univ.edu,Female,21,CS,81.54,80.98,54.34,67.25,51.24,62.65,67.93,65.789,C
S1363,Liam,Johnson,student1363@univ.edu,Male,25,CS,94.05,42.87,94.0,85.63,89.08,71.58,75.76,79.087,B
S1364,Emma,Williams,student1364@univ.edu,Female,22,CS,79.79,44.04,75.33,83.12,97.73,49.43,64.7,70.569,B
S1365,Maria,Jones,student1365@univ.edu,Male,20,Business,75.42,81.68,54.72,70.68,98.29,54.71,67.73,70.234,B
S1366,Emma,Johnson,student1366@univ.edu,Male,22,Engineering,82.49,89.4,41.3,87.02,74.49,49.71,92.82,70.788,B
S1367,Sara,Johnson,student1367@univ.edu,Female,18,Mathematics,61.1,87.25,59.58,85.26,86.62,79.19,72.57,74.102,B
S1368,John,Jones,student1368@univ.edu,Female,24,Mathematics,73.56,93.07,72.71,61.5,99.71,40.9,86.83,77.707,B
S1369,Omar,Johnson,student1369@univ.edu,Male,25,Mathematics,95.81,71.73,83.67,96.8,76.97,53.59,88.22,82.747,B
S1370,Emma,Johnson,student1370@univ.edu,Female,25,Engineering,97.13,41.38,63.05,91.72,73.61,98.4,40.98,67.041,C
S1371,Liam,Davis,student1371@univ.edu,Male,25,CS,74.57,57.28,67.81,88.34,68.89,48.27,81.24,69.933,C
S1372,Omar,Brown,student1372@univ.edu,Male,23,Engineering,60.16,41.61,52.06,67.25,82.24,83.9,55.45,58.008,D
S1373,Maria,Davis,student1373@univ.edu,Male,20,Engineering,58.36,88.73,65.74,71.87,87.67,63.02,41.45,70.148,B
S1374,Maria,Brown,student1374@univ.edu,Female,21,Business,77.02,96.58,41.54,98.14,65.86,82.2,78.88,72.785,B
S1375,John,Johnson,student1375@univ.edu,Female,18,Engineering,84.07,47.23,94.16,69.76,55.09,53.3,87.67,73.506,B
S1376,Emma,Smith,student1376@univ.edu,Male,22,Business,82.82,44.94,91.94,52.92,71.83,91.45,57.17,70.263,B
S1377,Sara,Smith,student1377@univ.edu,Male,20,Mathematics,52.22,83.15,57.5,74.63,68.51,68.45,66.3,67.2,C
S1378,Maria,Williams,student1378@univ.edu,Male,23,CS,81.88,62.6,96.28,72.64,89.75,53.11,74.14,79.532,B
S1379,John,Davis,student1379@univ.edu,Female,22,Engineering,96.88,83.13,68.3,80.0,90.76,81.41,69.58,78.908,B
S1380,Ali,Davis,student1380@univ.edu,Male,22,Business,98.24,87.73,86.65,83.1,99.62,67.54,83.39,87.508,A
S1381,Emma,Smith,student1381@univ.edu,Male,24,Mathematics,89.58,49.24,50.87,91.49,79.25,74.1,76.84,67.105,C
S1382,Liam,Jones,student1382@univ.edu,Male,24,Mathematics,70.35,44.13,64.27,90.13,76.24,47.92,62.95,64.977,C
S1383,Liam,Jones,student1383@univ.edu,Male,19,Mathematics,98.79,56.64,64.6,97.78,88.26,57.41,64.55,73.406,B
S1384,Maria,Brown,student1384@univ.edu,Female,19,Business,85.91,73.02,61.89,62.54,57.06,69.07,77.77,68.079,C
S1385,Emma,Smith,student1385@univ.edu,Female,24,Mathematics,56.02,64.39,46.32,95.63,80.49,80.83,81.96,67.007,C
S1386,Ahmed,Brown,student1386@univ.edu,Female,22,Engineering,59.03,79.41,80.89,85.27,64.99,87.45,50.9,74.804,B
S1387,Ali,Brown,student1387@univ.edu,Female,25,CS,73.1,59.8,81.0,87.83,59.49,91.71,90.06,76.285,B
S1388,Sara,Smith,student1388@univ.edu,Female,22,Engineering,66.84,79.01,79.58,75.08,61.78,57.15,95.62,76.219,B
S1389,Ali,Johnson,student1389@univ.edu,Male,23,CS,92.13,64.28,63.41,51.44,80.17,74.28,73.02,67.841,C
S1390,Omar,Williams,student1390@univ.edu,Male,23,CS,84.88,90.74,65.65,75.33,63.64,69.62,68.14,74.29,B
S1391,John,Williams,student1391@univ.edu,Female,22,Business,68.56,54.27,40.52,75.26,75.65,62.28,75.83,59.417,D
S1392,Maria,Johnson,student1392@univ.edu,Male,18,Engineering,52.22,81.57,55.65,51.37,74.78,89.98,66.75,64.589,C
S1393,Liam,Jones,student1393@univ.edu,Male,19,Mathematics,85.99,63.58,62.37,86.12,85.24,97.34,63.51,72.686,B
S1394,Emma,Davis,student1394@univ.edu,Female,21,CS,77.71,70.69,96.11,57.58,98.01,51.71,59.02,77.668,B
S1395,Ahmed,Jones,student1395@univ.edu,Female,19,Engineering,69.13,73.82,98.69,55.18,72.73,98.88,72.64,79.042,B
S1396,Sara,Smith,student1396@univ.edu,Male,25,CS,84.57,93.85,90.58,63.39,96.33,67.28,72.85,84.191,B
S1397,Maria,Smith,student1397@univ.edu,Male,18,Business,81.85,70.95,95.43,55.33,54.05,67.5,99.87,78.071,B
S1398,Omar,Williams,student1398@univ.edu,Female,23,Business,77.92,40.24,65.05,82.26,80.12,62.91,80.98,66.95,C
S1399,John,Smith,student1399@univ.edu,Male,22,Business,65.4,78.65,98.76,85.91,62.67,50.06,68.92,80.447,B
S1400,Omar,Johnson,student1400@univ.edu,Female,19,Business,76.19,56.47,66.8,75.85,82.04,87.01,88.97,71.782,B
S1401,Emma,Brown,student1401@univ.edu,Female,21,Business,66.85,52.85,67.51,77.24,81.46,82.1,82.25,69.57,C
S1402,John,Jones,student1402@univ.edu,Female,23,Business,86.53,90.15,62.35,56.5,51.92,44.24,58.06,67.073,C
S1403,Ahmed,Brown,student1403@univ.edu,Male,22,Business,50.82,80.5,96.14,88.85,83.97,43.7,46.11,78.545,B
S1404,Emma,Davis,student1404@univ.edu,Female,21,Business,82.82,92.58,43.45,84.17,56.06,86.98,91.18,71.531,B
S1405,Maria,Jones,student1405@univ.edu,Female,24,Engineering,50.43,89.11,60.84,64.1,99.63,85.66,44.15,69.393,C
S1406,Emma,Smith,student1406@univ.edu,Male,24,CS,96.58,65.89,50.55,72.72,57.05,84.11,92.47,68.067,C
S1407,John,Williams,student1407@univ.edu,Male,24,Business,53.48,56.72,79.66,98.6,86.6,69.73,96.05,77.132,B
S1408,Ahmed,Jones,student1408@univ.edu,Female,24,Mathematics,60.55,98.35,79.22,87.64,93.89,64.45,69.44,82.192,B
S1409,John,Brown,student1409@univ.edu,Female,18,Mathematics,84.81,91.81,50.38,83.3,54.62,90.05,41.6,68.576,C
S1410,Maria,Brown,student1410@univ.edu,Female,24,Mathematics,51.17,48.0,74.51,70.77,59.34,50.12,82.37,64.362,C
S1411,John,Jones,student1411@univ.edu,Male,24,Business,56.08,67.95,71.17,92.35,54.04,74.38,76.73,71.197,B
S1412,Maria,Davis,student1412@univ.edu,Female,22,Engineering,60.41,92.42,76.91,92.81,88.45,42.04,93.65,81.832,B
S1413,Sara,Johnson,student1413@univ.edu,Male,18,Mathematics,65.34,52.67,80.33,97.55,67.34,89.96,58.7,72.902,B
S1414,Maria,Jones,student1414@univ.edu,Female,25,Business,75.65,66.39,53.86,75.72,98.01,40.49,40.38,64.223,C
S1415,Ali,Davis,student1415@univ.edu,Female,22,Engineering,85.88,69.48,45.91,90.13,58.94,75.58,69.14,66.364,C
S1416,Sara,Davis,student1416@univ.edu,Male,23,Mathematics,83.88,98.48,85.52,81.92,53.27,68.34,50.4,79.812,B
S1417,Emma,Johnson,student1417@univ.edu,Male,21,Business,84.06,41.64,78.25,84.91,90.07,62.69,56.32,70.719,B
S1418,Emma,Davis,student1418@univ.edu,Male,23,Business,95.22,54.51,85.38,74.28,68.12,86.39,52.41,73.552,B
S1419,Liam,Jones,student1419@univ.edu,Male,19,Mathematics,78.9,86.89,48.71,93.25,92.69,58.26,48.9,70.941,B
S1420,Emma,Jones,student1420@univ.edu,Male,18,Engineering,68.17,86.09,83.98,72.07,56.27,88.1,41.89,74.261,B
S1421,Omar,Jones,student1421@univ.edu,Female,25,CS,88.44,74.17,47.17,69.96,70.53,44.6,68.04,64.41,C
S1422,Ahmed,Brown,student1422@univ.edu,Female,18,Business,52.22,46.45,80.26,63.34,73.91,51.42,79.05,65.958,C
S1423,Sara,Smith,student1423@univ.edu,Male,24,Business,76.55,41.28,40.44,63.83,97.66,69.25,67.34,57.58,D
S1424,Sara,Smith,student1424@univ.edu,Male,22,Mathematics,52.91,94.48,97.12,86.52,67.34,42.78,83.84,83.558,B
S1425,Liam,Davis,student1425@univ.edu,Male,21,Engineering,87.26,67.51,40.46,89.23,88.93,95.85,81.69,69.605,C
S1426,Ali,Brown,student1426@univ.edu,Male,23,Mathematics,81.62,53.41,42.02,60.32,87.63,67.06,97.98,62.412,C
S1427,Ali,Davis,student1427@univ.edu,Female,24,CS,68.09,65.93,64.86,70.1,61.0,85.05,85.8,68.901,C
S1428,Omar,Brown,student1428@univ.edu,Female,25,Engineering,63.51,73.63,63.16,70.4,58.71,65.2,67.82,66.498,C
S1429,Ahmed,Davis,student1429@univ.edu,Female,23,CS,61.89,94.15,92.11,98.46,58.08,60.7,98.69,86.133,A
S1430,Sara,Williams,student1430@univ.edu,Female,24,Business,99.32,70.19,78.18,98.88,88.47,88.14,62.08,81.718,B
S1431,Ahmed,Williams,student1431@univ.edu,Female,19,Business,94.78,69.86,74.47,77.51,75.16,80.16,99.0,78.841,B
S1432,Sara,Williams,student1432@univ.edu,Female,22,CS,77.14,51.77,93.83,87.21,57.36,93.09,52.92,74.981,B
S1433,Ahmed,Johnson,student1433@univ.edu,Female,20,Business,83.68,89.15,56.64,85.21,89.97,85.5,94.69,78.713,B
S1434,Maria,Davis,student1434@univ.edu,Female,24,Engineering,63.56,82.32,96.04,78.28,85.51,90.74,95.56,86.018,A
S1435,Sara,Williams,student1435@univ.edu,Male,18,Mathematics,73.38,75.81,78.23,57.87,90.02,72.53,47.25,72.003,B
S1436,Ahmed,Jones,student1436@univ.edu,Female,22,CS,63.82,90.29,85.18,51.65,98.28,93.43,63.98,78.639,B
S1437,Maria,Brown,student1437@univ.edu,Female,25,CS,85.09,77.95,55.62,71.6,72.09,76.87,73.9,69.968,C
S1438,Sara,Johnson,student1438@univ.edu,Female,18,Engineering,68.61,88.49,41.0,73.56,84.46,99.27,41.93,65.495,C
S1439,Liam,Davis,student1439@univ.edu,Male,24,CS,66.33,56.59,42.64,85.56,62.02,49.79,62.96,58.564,D
S1440,Liam,Smith,student1440@univ.edu,Male,23,CS,58.94,64.65,96.41,67.59,76.41,81.14,88.12,78.395,B
S1441,Ali,Johnson,student1441@univ.edu,Male,19,Engineering,57.16,40.89,68.64,90.37,92.85,52.33,44.06,64.349,C
S1442,Emma,Williams,student1442@univ.edu,Female,18,Engineering,83.82,41.83,73.24,62.2,63.8,96.94,55.78,64.855,C
S1443,Maria,Johnson,student1443@univ.edu,Female,21,Business,96.75,60.08,45.55,84.56,87.77,46.48,54.4,64.581,C
S1444,Ali,Smith,student1444@univ.edu,Female,22,Mathematics,67.03,44.01,88.82,98.92,57.27,60.32,50.95,70.827,B
S1445,Sara,Smith,student1445@univ.edu,Male,19,Mathematics,93.69,90.77,44.42,99.19,96.02,87.93,85.35,78.261,B
S1446,Sara,Brown,student1446@univ.edu,Male,18,Engineering,60.12,93.48,79.62,83.03,53.44,88.53,69.83,77.802,B
S1447,Omar,Davis,student1447@univ.edu,Female,23,Business,67.26,66.91,92.12,80.35,62.17,76.53,99.74,79.814,B
S1448,Omar,Brown,student1448@univ.edu,Female,23,Mathematics,81.08,88.39,77.68,76.55,72.12,69.07,84.62,79.7,B
S1449,Emma,Johnson,student1449@univ.edu,Male,24,Engineering,66.37,92.01,67.43,90.27,57.32,41.74,44.6,71.088,B
S1450,Ahmed,Davis,student1450@univ.edu,Female,22,CS,96.15,86.49,59.1,92.9,61.3,50.62,55.24,72.763,B
S1451,Liam,Davis,student1451@univ.edu,Male,24,CS,53.43,46.87,50.33,67.15,88.61,41.97,78.04,58.652,D
S1452,John,Smith,student1452@univ.edu,Female,20,Engineering,57.21,48.66,78.23,71.48,82.6,50.2,72.14,67.628,C
S1453,Omar,Johnson,student1453@univ.edu,Male,22,Engineering,88.38,97.57,87.87,69.14,70.22,42.04,74.07,81.615,B
S1454,Ali,Smith,student1454@univ.edu,Male,25,CS,67.55,88.66,75.25,98.54,67.91,56.15,67.96,78.238,B
S1455,Emma,Jones,student1455@univ.edu,Male,25,Mathematics,82.39,65.5,41.36,99.77,63.02,86.8,89.45,68.299,C
S1456,Liam,Jones,student1456@univ.edu,Female,19,Business,58.98,95.23,80.55,63.21,93.71,50.74,68.76,77.375,B
S1457,Emma,Johnson,student1457@univ.edu,Female,25,Mathematics,88.31,54.97,64.82,67.69,61.29,92.01,47.91,64.945,C
S1458,Sara,Brown,student1458@univ.edu,Female,24,Business,71.79,58.17,67.36,93.87,51.95,75.94,43.08,66.401,C
S1459,Emma,Smith,student1459@univ.edu,Female,23,Mathematics,88.14,93.93,80.66,51.3,86.0,53.99,78.13,78.606,B
S1460,Sara,Smith,student1460@univ.edu,Female,23,Engineering,86.81,87.97,46.26,89.77,69.03,80.87,50.23,69.588,C
S1461,John,Jones,student1461@univ.edu,Female,23,CS,95.34,51.1,55.11,59.32,57.77,71.65,78.34,62.379,C
S1462,Sara,Davis,student1462@univ.edu,Male,25,Engineering,53.31,62.91,50.44,68.73,51.61,73.11,65.23,58.694,D
S1463,Emma,Williams,student1463@univ.edu,Male,24,Engineering,57.28,94.63,98.86,58.0,88.96,99.28,99.39,86.811,A
S1464,Liam,Williams,student1464@univ.edu,Male,24,CS,91.41,77.92,92.08,92.81,90.12,62.81,62.59,84.682,B
S1465,Ali,Davis,student1465@univ.edu,Female,25,Engineering,51.16,77.5,57.74,50.74,62.31,73.3,67.31,62.176,C
S1466,Ahmed,Williams,student1466@univ.edu,Male,25,CS,52.89,97.83,95.71,59.49,95.92,48.22,81.55,82.65,B
S1467,Emma,Brown,student1467@univ.edu,Female,22,Mathematics,98.16,48.25,85.54,53.37,67.46,75.8,83.48,72.017,B
S1468,Maria,Johnson,student1468@univ.edu,Female,18,Business,71.37,49.02,56.01,95.77,77.03,74.17,55.53,65.074,C
S1469,Ahmed,Brown,student1469@univ.edu,Female,25,Business,52.06,57.62,61.11,89.18,65.5,82.66,55.57,64.68,C
S1470,Emma,Smith,student1470@univ.edu,Male,25,Business,63.11,69.45,77.4,65.37,68.69,62.21,70.24,70.23,B
S1471,Liam,Brown,student1471@univ.edu,Male,25,Business,68.61,73.54,67.59,79.63,61.01,54.19,98.77,72.478,B
S1472,Liam,Williams,student1472@univ.edu,Female,21,CS,63.14,79.72,94.25,85.13,68.45,62.85,79.77,81.267,B
S1473,Ahmed,Brown,student1473@univ.edu,Female,23,Business,69.48,89.12,46.32,64.2,69.62,55.54,78.86,65.923,C
S1474,Liam,Johnson,student1474@univ.edu,Male,24,Engineering,89.61,91.64,83.29,72.8,68.87,41.85,42.98,76.474,B
S1475,Omar,Johnson,student1475@univ.edu,Male,20,Engineering,86.31,64.44,93.43,53.09,99.26,60.59,50.31,75.498,B
S1476,Sara,Johnson,student1476@univ.edu,Female,22,CS,59.86,46.26,99.75,94.06,92.0,94.98,61.99,79.42,B
S1477,John,Jones,student1477@univ.edu,Female,19,CS,92.76,48.53,96.24,53.6,54.78,81.48,58.19,71.265,B
S1478,Liam,Johnson,student1478@univ.edu,Female,24,Business,75.71,64.6,93.87,98.92,55.62,55.75,51.78,77.017,B
S1479,Liam,Williams,student1479@univ.edu,Male,19,CS,80.96,52.82,84.34,74.1,76.2,73.71,79.8,74.363,B
S1480,Ali,Davis,student1480@univ.edu,Female,20,Engineering,64.29,83.84,60.46,52.19,99.82,68.61,76.8,70.256,B
S1481,Emma,Smith,student1481@univ.edu,Male,18,Engineering,70.14,47.34,91.94,94.19,85.79,72.77,56.46,76.056,B
S1482,Omar,Jones,student1482@univ.edu,Female,20,Business,65.26,90.58,95.43,87.91,99.31,91.31,53.67,86.321,A
S1483,Ahmed,Williams,student1483@univ.edu,Female,24,CS,64.85,47.35,88.3,77.59,59.15,87.93,85.65,72.96,B
S1484,Ahmed,Smith,student1484@univ.edu,Female,24,Mathematics,95.65,74.4,71.99,99.86,75.13,68.7,98.39,81.808,B
S1485,Ahmed,Williams,student1485@univ.edu,Male,25,Mathematics,76.86,54.29,97.46,94.07,82.76,53.11,63.5,79.174,B
S1486,Omar,Davis,student1486@univ.edu,Female,21,Engineering,84.32,75.07,63.14,73.1,86.89,44.47,73.11,71.576,B
S1487,Ahmed,Davis,student1487@univ.edu,Male,22,CS,96.72,78.19,93.25,75.39,66.99,84.23,52.54,80.758,B
S1488,Maria,Johnson,student1488@univ.edu,Male,19,Mathematics,96.06,76.49,58.49,55.07,88.19,93.24,99.56,74.149,B
S1489,Omar,Brown,student1489@univ.edu,Female,21,Business,77.03,97.38,57.45,74.88,94.13,70.03,84.68,77.028,B
S1490,Maria,Jones,student1490@univ.edu,Male,20,Engineering,74.19,84.26,74.27,88.37,90.45,98.0,66.27,80.379,B
S1491,Liam,Jones,student1491@univ.edu,Male,20,Business,76.99,69.14,60.18,58.75,50.22,95.27,50.29,63.208,C
S1492,John,Brown,student1492@univ.edu,Male,23,Mathematics,60.62,50.03,93.25,81.13,70.2,58.23,53.48,71.492,B
S1493,Omar,Williams,student1493@univ.edu,Female,19,Engineering,93.3,74.49,71.88,53.09,73.12,46.11,65.58,69.931,C
S1494,John,Jones,student1494@univ.edu,Male,19,Business,63.62,82.04,42.45,66.13,93.36,61.63,52.36,63.078,C
S1495,Ali,Williams,student1495@univ.edu,Male,20,Business,62.95,84.94,93.17,92.06,54.6,84.78,74.87,82.229,B
S1496,Ali,Brown,student1496@univ.edu,Male,21,CS,94.87,72.0,63.36,90.26,54.54,81.05,97.89,75.73,B
S1497,Maria,Davis,student1497@univ.edu,Male,23,CS,82.25,90.43,60.53,52.7,64.57,91.79,78.7,71.291,B
S1498,Sara,Davis,student1498@univ.edu,Male,24,Mathematics,64.95,54.64,82.6,76.79,84.05,97.76,66.05,73.62,B
S1499,Ali,Brown,student1499@univ.edu,Male,23,Business,82.34,79.79,79.16,71.5,95.74,63.74,98.65,81.291,B
S1500,Emma,Smith,student1500@univ.edu,Male,19,Business,69.05,41.47,74.61,66.45,69.04,63.78,58.02,63.445,C
S1501,Ali,Williams,student1501@univ.edu,Female,25,Business,99.83,49.53,44.28,85.03,89.95,51.58,90.23,66.525,C
S1502,Ahmed,Jones,student1502@univ.edu,Female,21,Business,69.97,74.34,43.71,66.83,56.47,45.57,89.71,61.899,C
S1503,Ahmed,Davis,student1503@univ.edu,Male,22,CS,96.94,93.9,42.59,59.64,51.13,84.43,73.05,66.837,C
S1504,Sara,Johnson,student1504@univ.edu,Male,22,CS,80.75,58.65,52.19,94.35,87.62,77.15,69.75,69.209,C
S1505,Emma,Davis,student1505@univ.edu,Female,20,Business,68.11,41.39,45.37,78.75,98.75,75.62,54.95,59.663,D
S1506,Liam,Williams,student1506@univ.edu,Male,18,Mathematics,68.34,44.98,82.88,54.28,63.69,64.39,72.42,65.666,C
S1507,Ahmed,Jones,student1507@univ.edu,Female,24,Engineering,52.65,48.94,97.5,99.27,83.67,45.49,98.5,79.685,B
S1508,Emma,Brown,student1508@univ.edu,Male,18,Engineering,97.56,47.96,60.5,73.77,89.21,86.42,87.92,70.597,B
S1509,Liam,Johnson,student1509@univ.edu,Female,25,Engineering,83.76,87.51,43.57,56.0,99.36,69.23,52.5,65.996,C
S1510,Emma,Johnson,student1510@univ.edu,Female,19,Business,95.83,55.97,50.76,64.58,52.22,79.52,50.48,59.938,D
S1511,Liam,Brown,student1511@univ.edu,Female,18,Mathematics,53.23,46.99,81.27,64.8,95.54,74.83,90.88,71.206,B
S1512,Ali,Jones,student1512@univ.edu,Female,23,CS,92.37,94.44,67.16,53.79,50.96,44.39,82.42,71.899,B
S1513,Ali,Smith,student1513@univ.edu,Female,19,Engineering,59.44,60.47,62.71,90.37,84.74,42.29,98.37,70.832,B
S1514,Ali,Brown,student1514@univ.edu,Female,19,Business,98.02,60.5,71.03,77.54,89.32,94.09,89.2,77.398,B
S1515,Ali,Johnson,student1515@univ.edu,Male,19,Engineering,74.84,59.07,56.48,54.97,94.21,90.46,55.79,64.011,C
S1516,Sara,Johnson,student1516@univ.edu,Female,22,CS,52.86,99.0,78.42,81.82,64.27,77.41,50.58,76.24,B
S1517,Liam,Davis,student1517@univ.edu,Female,25,Business,66.68,88.29,70.41,56.48,68.53,49.75,76.39,70.9,B
S1518,Omar,Williams,student1518@univ.edu,Female,23,Engineering,52.46,87.67,70.59,75.12,66.36,89.65,76.51,73.995,B
S1519,Maria,Jones,student1519@univ.edu,Male,18,Business,64.59,41.52,69.86,66.31,68.89,53.27,66.65,61.885,C
S1520,Sara,Brown,student1520@univ.edu,Male,20,Business,55.88,88.73,97.14,65.09,73.52,70.1,66.34,79.73,B
S1521,Maria,Johnson,student1521@univ.edu,Female,25,CS,53.22,40.64,42.3,66.2,59.63,49.78,61.11,50.633,D
S1522,Ali,Williams,student1522@univ.edu,Female,20,Engineering,58.69,79.45,49.89,99.37,78.91,63.04,80.96,70.77,B
S1523,Emma,Jones,student1523@univ.edu,Female,19,CS,90.28,64.43,64.7,82.48,66.86,82.72,93.45,73.863,B
S1524,Emma,Brown,student1524@univ.edu,Male,22,Engineering,76.11,44.96,51.96,51.1,85.34,99.46,84.67,61.83,C
S1525,Sara,Johnson,student1525@univ.edu,Female,19,CS,55.22,83.49,79.46,60.31,55.39,47.45,60.58,69.074,C
S1526,Liam,Davis,student1526@univ.edu,Female,25,Mathematics,78.87,73.78,63.26,88.06,51.6,88.52,43.08,68.724,C
S1527,John,Brown,student1527@univ.edu,Female,22,CS,82.71,84.42,49.21,86.29,55.28,74.58,41.14,66.233,C
S1528,Maria,Williams,student1528@univ.edu,Male,23,Engineering,96.49,67.29,62.66,88.71,63.02,62.21,40.19,68.643,C
S1529,Ahmed,Davis,student1529@univ.edu,Male,22,CS,55.79,41.06,57.34,68.43,50.9,81.5,91.54,59.577,D
S1530,Ali,Johnson,student1530@univ.edu,Male,20,Engineering,58.94,93.91,90.64,95.82,60.95,56.87,62.14,81.394,B
S1531,Ali,Jones,student1531@univ.edu,Male,25,Business,79.02,48.69,58.95,64.23,82.86,45.55,47.05,60.228,C
S1532,Sara,Williams,student1532@univ.edu,Female,20,Business,90.55,97.33,61.68,57.57,59.95,46.79,77.01,71.696,B
S1533,John,Brown,student1533@univ.edu,Female,22,Business,91.81,94.87,67.42,56.05,68.4,82.23,71.04,74.844,B
S1534,John,Jones,student1534@univ.edu,Female,23,Business,59.06,57.48,98.27,68.22,83.47,79.58,92.25,78.667,B
S1535,Liam,Brown,student1535@univ.edu,Female,18,Business,71.99,62.75,55.43,70.52,69.96,46.65,67.71,63.056,C
S1536,Ali,Williams,student1536@univ.edu,Male,23,Business,74.67,53.33,74.32,91.6,92.77,73.11,74.1,74.511,B
S1537,Emma,Smith,student1537@univ.edu,Male,20,Business,55.81,56.81,49.03,62.68,71.97,88.13,70.7,59.728,D
S1538,Maria,Brown,student1538@univ.edu,Male,21,Engineering,97.43,81.44,44.43,53.35,54.8,83.16,43.86,61.387,C
S1539,John,Jones,student1539@univ.edu,Male,20,Business,74.06,63.04,96.56,66.72,87.09,51.89,54.94,75.787,B
S1540,Ali,Williams,student1540@univ.edu,Female,18,Business,97.44,41.87,70.35,57.29,56.93,78.19,82.09,65.628,C
S1541,Ali,Davis,student1541@univ.edu,Male,25,Business,92.39,79.17,45.32,82.02,71.27,84.03,62.74,68.575,C
S1542,Emma,Jones,student1542@univ.edu,Male,23,Business,63.6,52.99,73.44,64.43,93.66,61.31,49.55,66.041,C
S1543,Omar,Smith,student1543@univ.edu,Female,20,Business,62.73,51.67,55.89,90.38,79.19,70.08,81.36,66.49,C
S1544,John,Johnson,student1544@univ.edu,Female,25,Engineering,66.12,80.83,79.26,85.95,81.28,90.46,85.9,80.69,B
S1545,Liam,Smith,student1545@univ.edu,Female,23,Engineering,79.44,98.18,94.65,60.44,62.16,59.96,48.26,79.081,B
S1546,Ahmed,Williams,student1546@univ.edu,Male,19,Business,62.18,70.65,76.32,86.32,60.73,42.98,77.82,72.196,B
S1547,Maria,Williams,student1547@univ.edu,Male,21,Mathematics,76.09,49.91,79.43,86.89,66.42,42.42,77.54,70.971,B
S1548,John,Brown,student1548@univ.edu,Male,22,Business,58.16,49.22,41.03,76.64,57.0,50.98,41.26,51.84,D
S1549,Omar,Brown,student1549@univ.edu,Male,24,CS,57.81,91.11,89.44,92.05,65.71,73.42,70.64,81.948,B
S1550,Ali,Davis,student1550@univ.edu,Male,21,Mathematics,96.79,95.15,53.84,63.18,75.31,43.75,76.35,71.692,B
S1551,Emma,Smith,student1551@univ.edu,Female,19,Mathematics,61.77,74.37,81.67,69.51,61.06,46.08,59.17,70.306,B
S1552,Ali,Williams,student1552@univ.edu,Male,24,Engineering,99.59,70.85,61.72,73.79,71.24,50.42,69.45,70.303,B
S1553,Emma,Brown,student1553@univ.edu,Male,21,Business,60.37,73.12,90.79,80.74,52.21,85.43,50.74,74.576,B
S1554,Maria,Jones,student1554@univ.edu,Female,23,Mathematics,57.65,89.96,69.87,80.78,62.04,88.03,56.93,73.133,B
S1555,Ali,Johnson,student1555@univ.edu,Female,23,Engineering,78.0,75.79,45.5,51.6,57.52,58.8,40.11,57.051,D
S1556,Sara,Davis,student1556@univ.edu,Male,21,Engineering,89.59,54.45,76.6,85.47,51.07,71.53,96.86,74.019,B
S1557,John,Johnson,student1557@univ.edu,Male,21,Mathematics,64.19,77.08,95.75,74.39,89.41,58.45,69.36,80.518,B
S1558,Ali,Davis,student1558@univ.edu,Male,20,CS,63.8,41.83,80.27,81.57,54.7,66.41,47.87,64.64,C
S1559,Ali,Brown,student1559@univ.edu,Female,22,CS,63.67,76.12,72.65,90.73,53.07,99.43,67.98,74.072,B
S1560,Emma,Brown,student1560@univ.edu,Male,19,Engineering,63.61,94.17,70.61,80.87,51.88,52.26,58.67,72.177,B
S1561,Ahmed,Jones,student1561@univ.edu,Female,23,CS,93.67,85.38,45.95,68.34,76.46,46.54,95.65,70.017,B
S1562,Maria,Brown,student1562@univ.edu,Female,23,Business,57.28,77.85,47.5,63.86,97.9,53.96,71.5,64.765,C
S1563,Sara,Johnson,student1563@univ.edu,Female,22,Mathematics,62.94,81.3,68.23,99.63,67.54,64.3,50.37,72.974,B
S1564,Ali,Smith,student1564@univ.edu,Male,23,Mathematics,88.45,97.77,56.85,85.86,87.41,96.59,45.84,76.487,B
S1565,Ahmed,Jones,student1565@univ.edu,Male,24,Engineering,93.93,56.46,45.13,79.6,79.13,62.91,72.92,64.514,C
S1566,Maria,Davis,student1566@univ.edu,Female,21,Business,88.78,69.37,47.38,66.64,61.61,52.22,98.51,65.585,C
S1567,Ali,Smith,student1567@univ.edu,Female,18,Engineering,73.6,42.99,67.02,69.1,59.25,72.83,89.34,64.93,C
S1568,John,Brown,student1568@univ.edu,Male,23,Mathematics,66.77,88.48,51.89,93.0,50.97,72.96,69.87,69.622,C
S1569,Liam,Williams,student1569@univ.edu,Male,18,Engineering,68.27,44.31,98.42,86.51,84.45,92.86,43.33,75.613,B
S1570,Ahmed,Jones,student1570@univ.edu,Male,21,Engineering,80.55,86.12,84.7,54.66,62.81,99.51,74.42,77.587,B
S1571,Sara,Jones,student1571@univ.edu,Female,22,Mathematics,86.67,48.06,44.71,80.19,76.38,78.58,65.67,61.855,C
S1572,Ali,Brown,student1572@univ.edu,Female,23,Engineering,50.72,46.95,61.62,94.09,86.03,72.47,92.45,68.533,C
S1573,Sara,Davis,student1573@univ.edu,Male,25,Mathematics,56.02,61.44,88.09,68.75,58.73,50.03,89.43,71.947,B
S1574,Emma,Johnson,student1574@univ.edu,Male,19,Business,64.1,80.78,72.97,75.85,73.21,79.0,52.25,72.33,B
S1575,Sara,Williams,student1575@univ.edu,Female,25,Mathematics,79.62,72.56,52.49,54.39,55.98,85.92,44.93,60.767,C
S1576,Omar,Johnson,student1576@univ.edu,Female,23,Business,53.17,69.2,57.85,88.56,94.11,69.77,58.53,68.549,C
S1577,Maria,Johnson,student1577@univ.edu,Female,25,Business,96.46,52.16,85.12,97.32,64.14,87.09,42.81,75.262,B
S1578,John,Johnson,student1578@univ.edu,Female,21,Engineering,80.5,44.78,44.55,81.74,95.72,41.44,85.6,62.836,C
S1579,Emma,Johnson,student1579@univ.edu,Female,19,Business,76.29,49.77,73.83,83.86,56.25,99.4,57.09,68.615,C
S1580,Ali,Brown,student1580@univ.edu,Female,24,Engineering,63.66,94.32,81.61,94.8,56.54,41.02,99.85,81.623,B
S1581,Maria,Davis,student1581@univ.edu,Female,23,Engineering,91.46,83.4,79.13,65.07,82.13,48.41,45.43,74.502,B
S1582,Sara,Brown,student1582@univ.edu,Female,20,Mathematics,78.47,44.43,88.46,84.4,67.32,58.2,88.2,74.393,B
S1583,Ali,Brown,student1583@univ.edu,Male,25,Mathematics,98.09,94.95,43.59,55.72,86.98,86.96,93.99,72.679,B
S1584,Omar,Smith,student1584@univ.edu,Male,21,CS,68.8,45.84,49.0,70.23,82.18,56.91,40.85,56.431,D
S1585,Emma,Smith,student1585@univ.edu,Male,25,Mathematics,68.14,58.3,49.82,70.19,80.61,81.45,77.79,63.861,C
S1586,Ahmed,Brown,student1586@univ.edu,Male,22,Mathematics,62.6,71.13,54.15,56.07,51.22,66.41,66.4,60.224,C
S1587,Emma,Brown,student1587@univ.edu,Male,19,Business,59.93,83.22,64.53,51.78,52.82,90.88,56.41,65.23,C
S1588,Omar,Smith,student1588@univ.edu,Female,21,CS,98.02,51.73,73.52,63.96,58.76,62.26,41.88,64.975,C
S1589,Sara,Jones,student1589@univ.edu,Female,20,CS,57.67,69.96,44.25,68.3,86.53,88.83,77.85,64.158,C
S1590,Emma,Brown,student1590@univ.edu,Male,24,Mathematics,97.19,76.21,55.33,70.98,67.8,43.47,68.25,67.986,C
S1591,Liam,Jones,student1591@univ.edu,Male,25,Mathematics,93.66,53.09,55.75,83.73,86.05,58.08,80.58,68.835,C
S1592,Emma,Brown,student1592@univ.edu,Male,19,Mathematics,95.31,56.67,56.48,99.76,56.8,55.62,58.8,67.114,C
S1593,Ahmed,Williams,student1593@univ.edu,Female,18,CS,98.2,87.69,80.49,75.79,88.84,99.51,91.43,85.876,A
S1594,Ahmed,Jones,student1594@univ.edu,Male,22,Business,71.39,40.54,75.84,77.39,93.58,41.79,77.79,68.834,C
S1595,Ali,Brown,student1595@univ.edu,Male,18,Mathematics,52.24,62.87,56.3,75.12,52.92,82.12,58.18,61.172,C
S1596,Omar,Jones,student1596@univ.edu,Male,21,Mathematics,67.6,67.29,49.63,70.14,62.99,96.3,71.88,63.93,C
S1597,Sara,Davis,student1597@univ.edu,Female,25,CS,97.15,94.16,77.3,76.57,69.32,88.27,84.34,83.002,B
S1598,Maria,Smith,student1598@univ.edu,Male,22,CS,75.62,78.28,54.41,55.83,86.25,89.31,47.18,65.724,C
S1599,John,Smith,student1599@univ.edu,Female,23,Mathematics,52.62,54.37,60.43,68.34,94.36,97.21,90.1,67.823,C
S1600,Emma,Johnson,student1600@univ.edu,Male,24,Mathematics,88.47,54.05,64.53,62.84,93.29,72.31,48.29,66.215,C
S1601,Omar,Williams,student1601@univ.edu,Female,24,Business,88.54,50.7,49.42,69.32,75.8,90.55,51.27,61.452,C
S1602,Ahmed,Jones,student1602@univ.edu,Male,24,Business,75.85,56.84,73.2,50.43,97.98,45.61,51.05,65.661,C
S1603,Omar,Smith,student1603@univ.edu,Female,23,Mathematics,70.03,50.23,51.18,97.63,88.79,97.47,93.33,70.133,B
S1604,Emma,Brown,student1604@univ.edu,Male,21,CS,99.17,78.69,95.81,78.7,81.3,58.44,60.28,83.283,B
S1605,Liam,Smith,student1605@univ.edu,Male,19,CS,83.0,82.37,49.84,78.24,93.1,49.51,69.66,70.213,B
S1606,Emma,Johnson,student1606@univ.edu,Male,25,Mathematics,82.71,57.12,57.22,65.67,53.07,61.5,52.06,60.3,C
S1607,Liam,Jones,student1607@univ.edu,Male,19,Business,87.09,73.8,96.06,78.05,78.52,89.78,63.7,82.706,B
S1608,Sara,Williams,student1608@univ.edu,Female,25,CS,65.78,66.48,57.62,76.51,75.18,51.84,88.84,67.63,C
S1609,John,Williams,student1609@univ.edu,Female,20,Mathematics,58.32,55.98,46.01,87.61,81.3,50.73,61.4,60.779,C
S1610,Ali,Jones,student1610@univ.edu,Female,19,Business,92.16,77.71,52.73,70.38,76.94,67.25,46.49,66.84,C
S1611,John,Williams,student1611@univ.edu,Male,20,CS,64.67,89.17,95.24,74.4,69.73,48.89,78.35,81.285,B
S1612,John,Smith,student1612@univ.edu,Female,25,CS,95.32,93.55,52.84,67.4,71.4,48.69,79.61,71.74,B
S1613,John,Johnson,student1613@univ.edu,Female,19,Business,97.37,66.06,52.48,74.04,96.74,60.3,93.81,71.869,B
S1614,Ali,Johnson,student1614@univ.edu,Male,18,Engineering,87.38,51.59,83.19,70.87,72.95,46.92,51.63,69.447,C
S1615,John,Smith,student1615@univ.edu,Female,19,Engineering,76.16,56.0,50.73,74.0,83.06,82.6,64.07,63.978,C
S1616,Sara,Williams,student1616@univ.edu,Female,24,CS,81.55,42.09,89.67,99.39,99.8,97.02,68.51,80.065,B
S1617,Liam,Davis,student1617@univ.edu,Female,23,CS,91.47,55.74,42.77,83.86,87.69,96.59,55.45,64.849,C
S1618,John,Brown,student1618@univ.edu,Male,25,Mathematics,52.82,68.33,80.52,68.32,96.57,97.68,82.46,76.139,B
S1619,Liam,Johnson,student1619@univ.edu,Male,20,Business,95.86,46.01,56.71,64.86,75.81,79.41,72.59,64.341,C
S1620,John,Brown,student1620@univ.edu,Male,22,Engineering,56.06,49.68,59.29,97.58,53.95,98.66,97.87,68.081,C
S1621,John,Johnson,student1621@univ.edu,Female,23,Business,90.34,52.06,76.86,95.96,70.77,72.44,54.35,73.032,B
S1622,Ahmed,Williams,student1622@univ.edu,Female,22,CS,72.85,41.49,76.55,93.75,53.1,80.01,68.27,68.748,C
S1623,Maria,Smith,student1623@univ.edu,Female,23,Engineering,63.96,82.74,75.59,69.35,89.08,60.05,88.03,76.737,B
S1624,Emma,Johnson,student1624@univ.edu,Female,21,Mathematics,67.03,42.99,46.12,80.81,75.0,86.23,90.36,62.106,C
S1625,Emma,Brown,student1625@univ.edu,Female,18,Mathematics,86.1,41.16,93.45,81.42,65.64,44.86,68.75,72.772,B
S1626,Ali,Brown,student1626@univ.edu,Female,19,CS,99.96,83.45,90.34,51.08,60.79,77.58,77.11,79.119,B
S1627,Omar,Brown,student1627@univ.edu,Male,22,Business,74.01,68.57,96.74,95.17,87.36,61.6,56.86,81.915,B
S1628,Maria,Davis,student1628@univ.edu,Male,21,Engineering,71.25,83.75,79.11,98.17,81.76,65.1,46.37,78.401,B
S1629,Maria,Jones,student1629@univ.edu,Male,22,Business,73.68,55.41,55.73,50.02,95.6,66.44,41.91,59.745,D
S1630,Emma,Smith,student1630@univ.edu,Male,20,Engineering,93.97,98.26,99.35,86.38,58.44,40.23,45.96,84.262,B
S1631,John,Johnson,student1631@univ.edu,Female,22,Engineering,69.38,64.0,83.12,71.32,93.96,62.05,59.32,73.803,B
S1632,Ali,Jones,student1632@univ.edu,Male,23,Business,65.38,47.47,50.23,60.85,59.81,59.43,69.32,56.113,D
S1633,Ahmed,Smith,student1633@univ.edu,Male,24,CS,60.77,50.05,58.8,55.73,65.43,56.08,41.97,55.63,D
S1634,Maria,Brown,student1634@univ.edu,Female,18,CS,96.77,98.39,79.81,93.5,90.5,96.0,94.89,90.662,A
S1635,Emma,Davis,student1635@univ.edu,Female,21,Business,62.13,92.63,64.21,61.28,89.51,87.14,96.05,76.107,B
S1636,Liam,Jones,student1636@univ.edu,Female,18,Engineering,69.4,86.3,87.22,86.9,78.44,43.05,51.59,78.556,B
S1637,Emma,Smith,student1637@univ.edu,Male,24,Engineering,56.04,40.48,78.04,53.24,91.6,45.32,46.6,61.184,C
S1638,Maria,Jones,student1638@univ.edu,Male,23,Business,92.57,84.12,95.13,66.46,88.28,77.68,97.68,87.069,A
S1639,Emma,Davis,student1639@univ.edu,Male,24,CS,88.85,62.43,58.11,97.02,80.17,70.55,84.03,73.305,B
S1640,Maria,Williams,student1640@univ.edu,Male,23,Mathematics,74.92,46.13,72.71,91.63,86.2,72.96,94.52,73.996,B
S1641,Ahmed,Davis,student1641@univ.edu,Female,25,Mathematics,75.87,60.88,63.86,51.5,94.43,65.88,84.15,67.798,C
S1642,Emma,Smith,student1642@univ.edu,Female,20,CS,60.43,60.19,82.45,93.45,69.11,80.33,57.06,73.467,B
S1643,John,Brown,student1643@univ.edu,Female,23,Engineering,71.47,49.57,57.69,55.26,78.2,88.06,46.03,59.483,D
S1644,Ahmed,Smith,student1644@univ.edu,Female,23,CS,98.94,50.74,50.85,78.43,52.24,41.61,79.73,62.339,C
S1645,Emma,Johnson,student1645@univ.edu,Female,22,Business,91.83,78.42,85.91,78.51,54.47,81.76,81.85,80.136,B
S1646,Emma,Davis,student1646@univ.edu,Female,24,CS,75.06,59.55,66.68,98.0,96.49,48.8,91.58,75.367,B
S1647,Sara,Johnson,student1647@univ.edu,Female,20,Mathematics,93.51,98.86,89.75,99.57,80.86,78.06,90.15,91.987,A
S1648,Ahmed,Davis,student1648@univ.edu,Female,22,Mathematics,60.72,41.34,95.64,57.29,57.98,40.88,48.41,64.308,C
S1649,Sara,Smith,student1649@univ.edu,Female,20,CS,96.61,79.77,95.47,68.23,67.4,74.29,43.17,79.262,B
S1650,Emma,Williams,student1650@univ.edu,Male,21,Engineering,84.76,53.61,51.8,55.62,81.5,41.95,87.33,62.062,C
S1651,Omar,Jones,student1651@univ.edu,Female,18,Business,84.88,98.63,61.42,69.78,55.99,86.58,81.42,75.177,B
S1652,Liam,Smith,student1652@univ.edu,Male,21,CS,85.32,80.79,53.36,63.96,90.36,94.93,96.69,73.743,B
S1653,Emma,Smith,student1653@univ.edu,Female,23,Mathematics,63.54,66.74,50.51,70.4,89.24,82.94,87.64,67.25,C
S1654,Emma,Williams,student1654@univ.edu,Female,18,Engineering,73.99,97.63,48.89,84.45,63.7,87.96,45.87,69.615,C
S1655,Liam,Jones,student1655@univ.edu,Male,21,Mathematics,65.61,97.14,89.78,72.06,88.63,90.86,90.87,86.225,A
S1656,Liam,Smith,student1656@univ.edu,Male,22,Business,77.96,50.59,54.78,54.86,88.0,45.31,75.39,61.181,C
S1657,John,Williams,student1657@univ.edu,Male,23,Business,83.61,81.01,61.79,59.86,77.93,99.22,82.46,73.079,B
S1658,Maria,Brown,student1658@univ.edu,Female,22,CS,50.91,88.17,63.13,97.03,77.04,93.71,57.52,74.36,B
S1659,Ahmed,Brown,student1659@univ.edu,Male,24,Business,96.92,41.81,68.94,56.7,51.54,90.42,56.45,62.561,C
S1660,Liam,Jones,student1660@univ.edu,Male,24,Mathematics,95.35,80.4,55.37,50.98,76.84,90.53,79.43,70.026,B
S1661,Sara,Smith,student1661@univ.edu,Male,21,CS,57.72,94.37,89.38,58.9,83.45,87.09,81.92,81.186,B
S1662,John,Williams,student1662@univ.edu,Female,24,Business,69.98,71.46,57.72,84.39,78.91,68.88,68.51,69.451,C
S1663,Emma,Johnson,student1663@univ.edu,Female,18,CS,76.13,95.38,64.58,75.6,59.29,99.95,93.91,77.721,B
S1664,Maria,Jones,student1664@univ.edu,Male,20,Business,72.45,61.35,50.41,88.37,94.23,81.07,44.55,65.825,C
S1665,Omar,Jones,student1665@univ.edu,Male,23,CS,79.29,90.86,66.5,71.04,50.2,42.72,67.8,70.643,B
S1666,Liam,Davis,student1666@univ.edu,Female,20,CS,63.28,56.89,83.4,67.6,78.71,50.93,56.77,68.961,C
S1667,Liam,Johnson,student1667@univ.edu,Female,21,Engineering,61.04,51.54,42.65,97.98,77.23,99.26,81.24,64.714,C
S1668,Liam,Smith,student1668@univ.edu,Male,21,Mathematics,55.28,99.99,57.83,81.71,96.6,71.74,40.3,72.409,B
S1669,John,Brown,student1669@univ.edu,Male,23,Engineering,57.47,49.95,58.61,81.3,97.88,94.84,92.5,69.295,C
S1670,Liam,Williams,student1670@univ.edu,Female,18,Mathematics,87.61,77.63,41.11,67.95,52.92,46.88,89.62,63.411,C
S1671,John,Jones,student1671@univ.edu,Female,20,CS,88.63,87.9,75.66,84.47,55.13,49.38,56.15,75.408,B
S1672,Sara,Johnson,student1672@univ.edu,Male,21,CS,54.32,62.12,64.8,71.29,56.13,68.07,63.78,63.384,C
S1673,John,Williams,student1673@univ.edu,Male,24,Business,83.32,55.75,48.85,52.18,93.54,75.15,96.42,64.718,C
S1674,Ali,Williams,student1674@univ.edu,Male,19,Business,76.99,65.25,73.93,56.72,87.2,72.69,84.28,72.219,B
S1675,Sara,Smith,student1675@univ.edu,Female,20,Mathematics,74.31,91.48,93.26,81.89,88.31,63.79,52.81,83.29,B
S1676,Ahmed,Brown,student1676@univ.edu,Male,23,Business,65.81,83.0,66.52,67.97,58.38,95.39,70.12,70.952,B
S1677,John,Jones,student1677@univ.edu,Male,23,Mathematics,83.67,44.09,63.89,89.24,83.33,86.34,43.91,66.779,C
S1678,Emma,Jones,student1678@univ.edu,Male,20,Business,72.31,83.7,52.33,82.78,53.76,87.23,72.19,69.043,C
S1679,Omar,Smith,student1679@univ.edu,Female,18,Engineering,78.89,59.21,86.85,68.66,74.91,57.39,51.4,71.585,B
S1680,Ali,Williams,student1680@univ.edu,Female,21,Mathematics,69.71,51.79,57.84,53.91,56.35,77.44,63.66,58.64,D
S1681,John,Jones,student1681@univ.edu,Female,25,Business,86.22,47.81,86.91,98.82,57.6,99.19,41.42,73.942,B
S1682,Ahmed,Davis,student1682@univ.edu,Female,19,CS,89.29,74.81,40.66,57.69,91.3,81.31,79.54,65.892,C
S1683,Sara,Davis,student1683@univ.edu,Male,24,CS,53.99,87.42,55.02,78.75,82.33,77.06,50.47,68.335,C
S1684,Maria,Williams,student1684@univ.edu,Female,22,Business,77.92,94.21,50.19,97.33,77.42,88.1,80.88,76.525,B
S1685,Maria,Jones,student1685@univ.edu,Female,18,Business,64.34,56.95,50.46,91.27,88.46,68.46,98.7,68.792,C
S1686,Liam,Davis,student1686@univ.edu,Female,24,CS,88.51,72.79,62.89,62.2,71.89,84.75,88.79,71.912,B
S1687,Ahmed,Jones,student1687@univ.edu,Female,18,Business,69.44,77.48,40.89,82.32,57.53,93.74,70.6,64.555,C
S1688,Omar,Williams,student1688@univ.edu,Female,24,Mathematics,58.65,44.06,88.12,58.59,75.43,99.35,80.25,70.437,B
S1689,Ahmed,Smith,student1689@univ.edu,Male,24,Engineering,78.41,56.24,80.1,65.08,87.43,86.12,90.0,74.93,B
S1690,Liam,Johnson,student1690@univ.edu,Male,24,Engineering,61.54,73.88,59.64,91.96,84.14,90.62,75.16,73.077,B
S1691,John,Williams,student1691@univ.edu,Female,24,Engineering,57.1,97.06,92.26,56.24,80.76,52.89,97.49,81.706,B
S1692,Ali,Jones,student1692@univ.edu,Female,21,Engineering,81.53,95.66,62.35,95.2,60.9,84.44,64.42,77.024,B
S1693,Ali,Davis,student1693@univ.edu,Female,22,Mathematics,58.73,66.29,74.97,81.09,92.89,76.58,58.18,72.721,B
S1694,Emma,Jones,student1694@univ.edu,Female,25,Engineering,60.3,72.28,83.98,77.48,59.83,70.8,57.69,72.594,B
S1695,John,Williams,student1695@univ.edu,Female,18,Business,54.0,63.52,85.96,54.69,92.25,58.18,51.23,69.353,C
S1696,Ahmed,Smith,student1696@univ.edu,Male,20,Mathematics,72.19,66.73,74.4,53.92,93.26,58.04,91.09,72.31,B
S1697,Ahmed,Jones,student1697@univ.edu,Female,25,Mathematics,67.5,50.8,59.04,51.53,58.29,77.76,61.7,58.239,D
S1698,Liam,Jones,student1698@univ.edu,Female,25,Business,56.7,83.69,45.04,56.87,96.74,76.85,61.98,64.165,C
S1699,Sara,Johnson,student1699@univ.edu,Female,25,CS,72.36,86.24,93.01,98.1,75.74,42.86,87.75,85.594,A
S1700,Maria,Johnson,student1700@univ.edu,Female,21,CS,88.04,43.62,44.72,73.42,98.53,65.01,56.15,60.675,C
S1701,Liam,Williams,student1701@univ.edu,Female,24,CS,69.08,74.64,80.03,75.14,53.82,81.43,71.09,73.678,B
S1702,Maria,Brown,student1702@univ.edu,Female,21,CS,65.17,68.61,43.7,70.77,83.74,46.48,43.85,59.047,D
S1703,Omar,Brown,student1703@univ.edu,Male,19,Engineering,78.92,52.33,87.51,68.14,78.22,55.7,99.68,75.407,B
S1704,Ahmed,Johnson,student1704@univ.edu,Male,22,CS,97.18,44.47,61.41,61.43,94.82,59.58,89.18,67.629,C
S1705,Ali,Brown,student1705@univ.edu,Male,21,CS,96.6,88.87,73.14,54.56,57.45,41.78,80.76,73.47,B
S1706,Omar,Smith,student1706@univ.edu,Male,22,Engineering,73.2,62.32,97.44,81.11,63.13,50.45,61.18,76.136,B
S1707,Ali,Brown,student1707@univ.edu,Female,25,Business,77.0,57.23,61.6,51.8,50.91,52.23,86.24,61.723,C
S1708,Sara,Brown,student1708@univ.edu,Female,24,Mathematics,86.6,41.93,77.79,88.28,66.78,67.18,44.2,68.082,C
S1709,Maria,Brown,student1709@univ.edu,Male,21,CS,70.05,67.09,43.73,98.95,64.55,45.6,93.14,66.434,C
S1710,John,Jones,student1710@univ.edu,Male,21,Business,93.93,93.28,78.34,73.69,71.16,62.88,91.84,82.049,B
S1711,Liam,Davis,student1711@univ.edu,Female,20,CS,90.96,83.3,54.13,79.65,57.41,70.18,91.39,72.332,B
S1712,Sara,Smith,student1712@univ.edu,Male,25,CS,93.87,91.03,94.83,70.37,63.39,95.81,47.5,82.477,B
S1713,Omar,Jones,student1713@univ.edu,Female,22,Mathematics,99.52,94.24,72.56,81.11,89.87,44.81,85.86,82.548,B
S1714,John,Smith,student1714@univ.edu,Female,21,Business,62.43,45.73,94.76,94.19,54.62,86.75,80.35,75.78,B
S1715,Sara,Smith,student1715@univ.edu,Male,22,Business,76.07,77.78,92.1,71.83,61.07,74.16,63.91,77.773,B
S1716,Emma,Williams,student1716@univ.edu,Male,19,Engineering,78.26,86.37,92.19,61.46,98.06,74.11,60.6,81.548,B
S1717,Omar,Williams,student1717@univ.edu,Female,20,Business,89.51,98.49,71.0,66.62,71.45,98.81,49.13,76.941,B
S1718,Omar,Williams,student1718@univ.edu,Female,18,Mathematics,51.7,59.31,82.57,55.74,56.41,83.66,81.84,68.172,C
S1719,Ahmed,Jones,student1719@univ.edu,Female,18,CS,65.71,57.59,79.23,94.62,97.98,50.0,71.74,75.523,B
S1720,Sara,Davis,student1720@univ.edu,Male,23,Mathematics,88.38,71.57,71.18,93.6,51.66,73.38,41.06,71.487,B
S1721,Omar,Davis,student1721@univ.edu,Female,24,Mathematics,60.32,42.89,53.07,61.01,67.72,47.2,78.24,56.638,D
S1722,Sara,Brown,student1722@univ.edu,Male,19,Mathematics,81.77,64.99,66.41,76.83,97.28,45.85,44.29,69.072,C
S1723,Maria,Brown,student1723@univ.edu,Male,20,CS,82.05,52.32,82.58,64.05,66.34,76.72,78.25,71.346,B
S1724,John,Smith,student1724@univ.edu,Male,21,Business,98.0,68.27,54.95,62.23,83.8,83.57,76.91,69.523,C
S1725,Omar,Davis,student1725@univ.edu,Male,22,Business,56.65,95.92,69.06,98.15,53.25,83.6,66.0,76.394,B
S1726,Ahmed,Smith,student1726@univ.edu,Male,20,CS,58.55,88.1,83.44,93.6,68.09,86.2,61.3,79.796,B
S1727,Sara,Davis,student1727@univ.edu,Male,22,CS,84.1,78.3,57.76,65.19,83.52,92.86,83.2,72.492,B
S1728,Sara,Smith,student1728@univ.edu,Male,21,CS,96.92,75.04,48.94,64.23,69.49,93.45,79.56,68.594,C
S1729,Omar,Jones,student1729@univ.edu,Female,25,CS,59.78,77.7,46.8,65.55,83.07,77.98,63.31,63.928,C
S1730,Liam,Johnson,student1730@univ.edu,Female,20,Mathematics,81.01,51.98,96.39,50.55,70.53,77.78,95.35,75.473,B
S1731,Maria,Brown,student1731@univ.edu,Male,24,Engineering,91.43,46.04,68.9,86.35,83.69,65.17,76.62,71.263,B
S1732,Liam,Smith,student1732@univ.edu,Female,19,CS,73.36,98.34,62.77,89.19,76.44,76.37,87.16,79.392,B
S1733,Omar,Smith,student1733@univ.edu,Female,22,Mathematics,88.21,71.55,89.75,93.19,84.08,44.43,48.52,79.516,B
S1734,Emma,Johnson,student1734@univ.edu,Male,24,Business,96.97,47.54,55.89,58.11,99.99,61.67,95.3,67.301,C
S1735,Sara,Smith,student1735@univ.edu,Female,24,Mathematics,70.51,48.99,73.69,64.0,67.07,92.45,91.73,69.059,C
S1736,Ahmed,Williams,student1736@univ.edu,Male,18,Mathematics,50.97,87.66,75.47,80.51,51.8,40.6,47.15,69.272,C
S1737,Ali,Johnson,student1737@univ.edu,Female,20,Mathematics,85.6,66.87,87.84,87.44,74.35,87.15,78.51,81.046,B
S1738,Emma,Johnson,student1738@univ.edu,Male,21,Mathematics,98.11,77.11,66.24,93.66,94.49,94.86,62.66,79.612,B
S1739,Sara,Johnson,student1739@univ.edu,Male,21,Mathematics,73.75,80.33,97.8,55.38,96.31,52.37,45.41,77.878,B
S1740,Maria,Davis,student1740@univ.edu,Female,24,CS,64.49,50.75,50.97,51.45,63.31,70.98,62.78,55.766,D
S1741,Ali,Davis,student1741@univ.edu,Female,23,Engineering,89.15,80.25,41.49,70.72,96.39,70.62,83.18,69.508,C
S1742,Emma,Davis,student1742@univ.edu,Female,19,Business,99.94,54.7,80.5,50.57,62.49,91.41,61.71,69.66,C
S1743,Liam,Jones,student1743@univ.edu,Male,18,Engineering,79.01,59.28,58.36,88.36,56.24,92.67,50.76,65.852,C
S1744,Ali,Williams,student1744@univ.edu,Female,25,Mathematics,50.9,47.37,96.74,96.49,69.65,90.68,43.92,73.951,B
S1745,Liam,Smith,student1745@univ.edu,Male,23,Business,81.21,67.43,65.47,51.09,59.56,42.71,61.78,63.181,C
S1746,Omar,Smith,student1746@univ.edu,Female,24,Mathematics,55.11,50.7,41.65,92.79,90.08,76.03,56.4,60.514,C
S1747,Ahmed,Brown,student1747@univ.edu,Male,24,Engineering,57.79,64.24,92.51,53.17,61.92,71.82,89.01,73.039,B
S1748,Maria,Brown,student1748@univ.edu,Male,18,CS,59.53,82.65,89.61,98.05,66.72,89.81,62.74,81.51,B
S1749,John,Jones,student1749@univ.edu,Female,25,Mathematics,80.6,85.6,41.26,82.38,94.86,71.47,99.15,72.889,B
S1750,Omar,Jones,student1750@univ.edu,Male,23,Business,50.68,41.02,43.03,69.45,81.34,98.71,98.17,59.485,D
S1751,Maria,Brown,student1751@univ.edu,Female,18,CS,74.29,45.76,63.54,77.3,71.42,55.52,88.93,66.049,C
S1752,Ali,Smith,student1752@univ.edu,Male,19,Mathematics,66.83,85.22,78.99,56.75,51.85,69.96,66.98,71.317,B
S1753,Liam,Jones,student1753@univ.edu,Male,19,Business,68.61,99.21,91.28,77.15,87.21,94.86,51.56,84.28,B
S1754,Maria,Brown,student1754@univ.edu,Male,18,Engineering,99.7,46.8,65.07,59.34,83.61,50.97,47.62,63.423,C
S1755,Maria,Davis,student1755@univ.edu,Female,21,CS,61.06,77.3,82.01,90.38,67.85,53.17,82.93,77.463,B
S1756,Emma,Smith,student1756@univ.edu,Male,21,CS,95.41,95.93,57.4,77.19,69.55,54.24,63.55,73.548,B
S1757,Liam,Smith,student1757@univ.edu,Female,20,Engineering,53.17,83.91,74.24,58.43,87.26,67.06,98.87,75.101,B
S1758,Sara,Davis,student1758@univ.edu,Female,23,Business,92.98,40.13,59.17,78.06,55.4,86.97,84.09,65.082,C
S1759,Liam,Jones,student1759@univ.edu,Male,19,Engineering,71.94,97.62,64.94,64.88,81.65,78.62,54.87,73.515,B
S1760,Ali,Jones,student1760@univ.edu,Female,23,Engineering,90.21,78.24,59.62,89.27,54.42,81.94,89.52,74.436,B
S1761,Liam,Brown,student1761@univ.edu,Male,20,Mathematics,59.97,89.05,99.53,65.96,95.81,76.29,89.74,85.929,A
S1762,Omar,Johnson,student1762@univ.edu,Male,18,CS,84.38,77.8,90.89,75.81,62.54,95.06,85.39,82.183,B
S1763,Omar,Williams,student1763@univ.edu,Female,19,Mathematics,58.04,78.45,65.54,89.25,69.24,63.94,60.0,70.665,B
S1764,Sara,Brown,student1764@univ.edu,Female,23,CS,67.91,92.45,78.01,82.12,99.95,98.04,51.26,81.025,B
S1765,Ali,Johnson,student1765@univ.edu,Male,20,Business,82.84,42.25,76.46,51.21,79.45,98.31,58.52,66.066,C
S1766,Maria,Williams,student1766@univ.edu,Female,24,Mathematics,50.32,67.53,47.6,80.88,91.26,62.18,82.29,65.414,C
S1767,Ahmed,Davis,student1767@univ.edu,Male,21,Business,66.86,82.71,73.14,56.16,59.05,84.16,61.1,69.817,C
S1768,Maria,Jones,student1768@univ.edu,Male,21,Engineering,58.76,52.3,48.98,50.7,85.73,71.12,80.44,58.808,D
S1769,John,Johnson,student1769@univ.edu,Male,18,Engineering,77.66,93.55,82.52,55.53,74.64,40.42,89.56,78.002,B
S1770,Maria,Smith,student1770@univ.edu,Male,23,Mathematics,54.01,63.95,82.8,65.83,64.56,81.96,69.84,70.444,B
S1771,Maria,Brown,student1771@univ.edu,Male,18,Mathematics,56.89,44.29,98.53,70.32,85.05,81.44,65.21,73.752,B
S1772,Liam,Jones,student1772@univ.edu,Female,19,Engineering,63.21,52.83,80.42,73.76,59.48,69.37,47.78,66.272,C
S1773,Liam,Davis,student1773@univ.edu,Female,21,CS,69.01,72.26,89.03,99.34,62.91,90.14,65.29,80.29,B
S1774,Ahmed,Williams,student1774@univ.edu,Male,20,CS,66.81,83.24,69.55,69.36,73.53,61.39,81.2,73.141,B
S1775,Maria,Williams,student1775@univ.edu,Male,24,CS,55.52,68.15,79.2,94.62,64.96,68.38,65.16,73.566,B
S1776,Maria,Smith,student1776@univ.edu,Female,20,Mathematics,56.57,49.38,82.38,64.8,80.42,46.68,77.18,68.061,C
S1777,Maria,Brown,student1777@univ.edu,Female,21,Mathematics,53.75,48.78,88.12,63.94,51.46,91.56,56.62,66.544,C
S1778,Liam,Jones,student1778@univ.edu,Male,20,Engineering,63.55,58.57,56.51,67.54,71.19,45.61,47.76,59.329,D
S1779,Sara,Davis,student1779@univ.edu,Female,22,Mathematics,62.08,68.27,56.54,79.54,64.2,74.94,70.64,65.986,C
S1780,Liam,Brown,student1780@univ.edu,Female,20,Engineering,56.57,87.74,73.23,70.76,79.69,64.17,75.33,74.498,B
S1781,John,Davis,student1781@univ.edu,Female,24,Mathematics,65.85,53.55,88.1,83.79,50.85,98.49,73.16,73.619,B
S1782,Ahmed,Williams,student1782@univ.edu,Female,22,CS,70.0,47.1,99.47,86.22,61.88,40.3,64.51,73.848,B
S1783,Omar,Williams,student1783@univ.edu,Male,23,Mathematics,79.79,82.27,56.09,87.45,85.84,61.23,94.97,75.52,B
S1784,Omar,Davis,student1784@univ.edu,Male,22,CS,89.8,72.71,92.48,94.04,55.33,57.75,95.3,83.323,B
S1785,Maria,Smith,student1785@univ.edu,Male,24,CS,73.57,59.34,94.11,93.7,87.52,93.8,98.64,84.819,B
S1786,Emma,Brown,student1786@univ.edu,Female,24,CS,85.2,86.52,70.68,80.29,75.98,87.39,67.66,77.805,B
S1787,Omar,Davis,student1787@univ.edu,Female,19,Engineering,88.55,93.11,97.39,99.25,54.23,72.13,72.35,87.846,A
S1788,Liam,Smith,student1788@univ.edu,Male,19,Mathematics,58.29,81.51,75.26,58.42,68.18,99.48,95.69,74.833,B
S1789,Omar,Johnson,student1789@univ.edu,Male,23,Business,92.14,63.55,66.37,88.4,89.16,91.46,65.55,75.139,B
S1790,Emma,Davis,student1790@univ.edu,Female,23,Engineering,99.5,66.28,98.62,77.11,98.79,45.83,84.1,84.939,B
S1791,Maria,Williams,student1791@univ.edu,Male,18,Mathematics,93.85,87.62,42.9,64.97,60.64,66.19,54.16,64.314,C
S1792,Sara,Williams,student1792@univ.edu,Female,19,Engineering,98.16,79.79,79.73,77.2,65.34,75.99,45.99,76.206,B
S1793,Sara,Johnson,student1793@univ.edu,Male,22,Engineering,81.05,78.72,67.77,60.69,80.0,72.75,75.16,72.437,B
S1794,John,Brown,student1794@univ.edu,Female,21,CS,83.45,97.03,45.47,93.05,63.51,90.17,58.53,72.062,B
S1795,Omar,Smith,student1795@univ.edu,Female,19,CS,79.73,71.86,67.41,61.39,75.9,81.51,79.59,71.401,B
S1796,Maria,Jones,student1796@univ.edu,Female,23,CS,52.19,82.41,46.57,64.93,53.94,81.22,85.18,63.384,C
S1797,Liam,Davis,student1797@univ.edu,Male,21,Business,65.73,65.81,95.91,87.38,72.48,42.77,83.63,79.364,B
S1798,Maria,Johnson,student1798@univ.edu,Male,19,Mathematics,81.34,70.96,67.85,72.75,51.5,68.29,59.3,68.088,C
S1799,Sara,Smith,student1799@univ.edu,Male,20,Mathematics,69.53,52.57,89.97,70.61,76.96,40.8,43.31,69.117,C
S1800,John,Davis,student1800@univ.edu,Male,24,CS,94.36,40.16,77.36,63.73,93.62,83.26,78.48,71.609,B
S1801,Maria,Jones,student1801@univ.edu,Female,18,CS,76.18,69.27,59.71,59.26,97.84,76.81,95.56,71.454,B
S1802,Ahmed,Johnson,student1802@univ.edu,Female,20,CS,75.96,42.77,47.62,86.24,76.15,99.12,95.24,65.467,C
S1803,Maria,Jones,student1803@univ.edu,Female,22,Engineering,81.75,47.02,64.98,88.95,85.36,82.99,88.48,71.949,B
S1804,Maria,Smith,student1804@univ.edu,Male,24,CS,60.06,55.28,90.29,88.6,90.77,86.93,89.45,79.808,B
S1805,Omar,Brown,student1805@univ.edu,Male,24,Engineering,78.59,70.76,55.89,64.72,78.36,74.69,96.13,69.669,C
S1806,Omar,Davis,student1806@univ.edu,Female,24,Mathematics,50.66,82.46,85.53,57.25,99.96,56.93,90.37,77.684,B
S1807,Ahmed,Williams,student1807@univ.edu,Female,25,Business,66.21,81.77,62.4,58.75,89.94,75.47,80.28,71.303,B
S1808,Omar,Jones,student1808@univ.edu,Female,23,CS,95.48,43.18,55.16,61.12,66.68,57.03,88.87,62.306,C
S1809,Emma,Johnson,student1809@univ.edu,Male,19,Business,87.43,40.98,45.65,88.06,76.83,53.71,78.4,62.052,C
S1810,Maria,Williams,student1810@univ.edu,Female,24,Mathematics,85.91,67.99,93.67,93.39,93.33,41.53,63.78,82.086,B
S1811,Sara,Brown,student1811@univ.edu,Male,23,Mathematics,83.55,54.18,83.21,86.76,52.55,74.15,77.13,73.843,B
S1812,John,Johnson,student1812@univ.edu,Female,25,Mathematics,61.18,64.09,40.55,59.02,75.2,57.24,51.45,55.481,D
S1813,John,Smith,student1813@univ.edu,Male,21,Mathematics,77.61,69.79,40.66,63.47,85.32,48.54,76.02,61.998,C
S1814,Sara,Johnson,student1814@univ.edu,Female,22,Engineering,58.58,74.73,75.45,69.04,56.58,84.48,79.41,71.618,B
S1815,Ahmed,Smith,student1815@univ.edu,Male,21,Mathematics,50.87,72.5,84.47,66.74,90.44,74.65,91.73,76.888,B
S1816,Ahmed,Williams,student1816@univ.edu,Female,20,Mathematics,53.12,90.45,47.74,99.87,76.69,54.89,72.68,70.386,B
S1817,John,Brown,student1817@univ.edu,Female,19,Business,62.95,62.22,50.68,62.38,72.77,45.53,84.72,61.325,C
S1818,Ahmed,Davis,student1818@univ.edu,Male,24,Mathematics,65.61,81.53,47.8,59.1,62.73,84.49,72.44,63.813,C
S1819,Ali,Davis,student1819@univ.edu,Male,18,Business,67.16,51.31,92.45,82.52,88.64,67.94,54.16,74.768,B
S1820,Sara,Smith,student1820@univ.edu,Male,19,CS,92.89,85.85,88.32,71.7,75.15,89.46,71.65,82.863,B
S1821,Omar,Smith,student1821@univ.edu,Male,25,CS,75.34,60.83,60.24,96.86,66.7,55.88,84.48,70.213,B
S1822,Ali,Jones,student1822@univ.edu,Female,22,Business,51.28,59.87,54.38,78.39,68.25,44.39,90.25,63.244,C
S1823,Maria,Smith,student1823@univ.edu,Male,20,Business,98.58,88.61,68.05,94.5,63.93,56.66,57.4,77.136,B
S1824,Liam,Johnson,student1824@univ.edu,Female,22,Engineering,67.63,57.67,59.21,86.64,97.45,71.45,80.93,70.466,B
S1825,Maria,Davis,student1825@univ.edu,Male,18,Business,99.25,97.02,77.94,54.27,90.47,93.31,73.44,81.908,B
S1826,Ahmed,Johnson,student1826@univ.edu,Male,21,Engineering,73.67,54.62,85.79,54.62,53.52,81.57,64.43,68.095,C
S1827,Liam,Johnson,student1827@univ.edu,Female,23,CS,73.09,55.62,92.87,97.69,80.94,68.68,87.04,81.179,B
S1828,Liam,Smith,student1828@univ.edu,Female,19,Business,99.17,90.63,68.41,88.83,84.83,90.72,99.13,84.823,B
S1829,Sara,Davis,student1829@univ.edu,Female,19,Engineering,89.56,50.58,62.26,82.33,52.93,88.41,83.44,68.157,C
S1830,Sara,Johnson,student1830@univ.edu,Female,19,CS,55.7,94.7,80.15,85.8,57.79,59.52,90.99,79.279,B
S1831,Liam,Williams,student1831@univ.edu,Male,23,CS,96.44,81.16,56.4,87.78,66.65,92.24,58.58,73.098,B
S1832,Ahmed,Brown,student1832@univ.edu,Female,22,Business,62.52,69.8,71.59,57.74,92.99,68.74,74.06,70.492,B
S1833,Maria,Davis,student1833@univ.edu,Female,21,Engineering,95.95,54.79,94.35,76.3,96.57,57.49,45.18,77.352,B
S1834,Omar,Smith,student1834@univ.edu,Male,23,Mathematics,69.19,78.43,42.68,73.1,85.76,95.98,74.59,67.208,C
S1835,Omar,Smith,student1835@univ.edu,Male,18,CS,93.46,75.3,58.35,91.74,51.68,80.99,66.33,71.522,B
S1836,Liam,Davis,student1836@univ.edu,Male,21,Engineering,96.9,53.47,59.56,82.22,74.17,70.53,81.86,69.714,C
S1837,Ahmed,Davis,student1837@univ.edu,Female,21,Engineering,60.66,94.29,53.08,54.26,74.6,41.54,44.96,63.02,C
S1838,Liam,Johnson,student1838@univ.edu,Female,23,Engineering,56.02,85.87,70.17,86.71,71.56,77.16,74.03,75.251,B
S1839,Emma,Smith,student1839@univ.edu,Female,21,Engineering,95.22,70.63,58.58,84.64,64.23,45.03,41.83,66.775,C
S1840,Ahmed,Brown,student1840@univ.edu,Male,24,CS,58.5,68.12,56.67,93.83,76.93,85.37,72.92,69.803,C
S1841,Emma,Davis,student1841@univ.edu,Female,25,Engineering,59.88,63.6,96.99,92.26,52.49,40.98,78.86,76.828,B
S1842,Liam,Smith,student1842@univ.edu,Male,18,Engineering,51.94,58.45,83.87,57.34,59.56,88.41,50.46,66.069,C
S1843,Sara,Brown,student1843@univ.edu,Female,18,Engineering,72.89,70.31,67.96,97.52,50.13,76.48,57.26,70.93,B
S1844,Ali,Davis,student1844@univ.edu,Male,20,Engineering,53.36,43.25,86.9,97.25,95.8,99.81,86.98,77.912,B
S1845,Emma,Brown,student1845@univ.edu,Male,19,Engineering,66.86,77.04,82.38,88.45,99.72,90.47,55.38,80.109,B
S1846,Ali,Brown,student1846@univ.edu,Female,24,Engineering,77.72,59.65,66.62,84.63,64.66,49.49,95.28,70.851,B
S1847,Omar,Jones,student1847@univ.edu,Female,23,CS,94.12,87.07,83.32,79.91,61.8,56.24,91.68,81.969,B
S1848,Omar,Johnson,student1848@univ.edu,Male,20,Engineering,63.99,68.58,90.47,70.88,72.72,71.2,77.93,76.513,B
S1849,Maria,Davis,student1849@univ.edu,Female,24,CS,91.29,43.1,83.78,56.83,77.57,47.76,77.32,69.284,C
S1850,John,Jones,student1850@univ.edu,Female,21,Engineering,78.24,97.77,78.16,66.07,78.25,51.0,81.35,79.246,B
S1851,Maria,Davis,student1851@univ.edu,Female,23,Business,57.67,73.03,43.25,88.36,78.07,78.62,67.86,65.126,C
S1852,Maria,Davis,student1852@univ.edu,Male,24,CS,61.53,89.7,98.32,98.2,85.49,69.64,89.68,89.318,A
S1853,Sara,Johnson,student1853@univ.edu,Male,22,CS,72.2,83.15,42.67,87.25,91.79,97.61,75.22,71.32,B
S1854,Liam,Brown,student1854@univ.edu,Female,19,Business,82.42,49.14,47.27,51.68,95.78,91.91,40.38,58.215,D
S1855,Ahmed,Smith,student1855@univ.edu,Female,24,Engineering,70.77,42.53,60.22,95.97,72.43,42.92,51.58,62.592,C
S1856,John,Williams,student1856@univ.edu,Female,24,CS,57.22,72.16,62.94,90.12,92.6,82.93,95.73,75.534,B
S1857,Ahmed,Brown,student1857@univ.edu,Male,18,Mathematics,98.68,41.09,87.19,67.6,96.93,75.77,77.91,75.656,B
S1858,Maria,Johnson,student1858@univ.edu,Female,24,Engineering,65.65,54.79,50.4,69.74,97.1,56.24,69.87,62.613,C
S1859,Omar,Brown,student1859@univ.edu,Female,21,CS,56.06,57.86,70.96,69.97,95.15,90.4,54.61,68.457,C
S1860,John,Johnson,student1860@univ.edu,Male,24,Mathematics,83.66,79.64,83.62,99.18,62.05,98.54,44.87,79.876,B
S1861,Ali,Smith,student1861@univ.edu,Female,18,CS,57.26,74.62,48.71,90.08,56.55,82.36,53.61,63.909,C
S1862,Ali,Davis,student1862@univ.edu,Male,21,Business,68.45,46.32,69.67,58.54,55.73,50.89,51.61,59.07,D
S1863,Ahmed,Williams,student1863@univ.edu,Male,20,Business,68.57,77.6,48.57,93.08,68.49,66.5,59.87,67.071,C
S1864,Maria,Jones,student1864@univ.edu,Female,21,Engineering,63.43,64.9,64.93,53.37,67.39,51.94,64.99,62.643,C
S1865,Sara,Brown,student1865@univ.edu,Male,20,Engineering,51.45,96.5,91.35,82.33,70.51,91.36,66.3,82.448,B
S1866,Maria,Smith,student1866@univ.edu,Male,25,Engineering,63.37,53.72,54.7,60.75,58.67,67.42,76.6,59.502,D
S1867,Liam,Jones,student1867@univ.edu,Male,22,Business,83.96,83.21,40.69,56.51,92.72,64.02,76.42,65.837,C
S1868,Maria,Jones,student1868@univ.edu,Male,20,CS,80.34,85.34,75.58,54.64,89.98,50.01,84.94,75.965,B
S1869,Ali,Williams,student1869@univ.edu,Male,23,Engineering,81.53,58.96,55.52,62.96,63.43,45.47,56.92,60.354,C
S1870,Ali,Smith,student1870@univ.edu,Female,19,Engineering,83.84,64.29,76.88,87.23,51.82,62.17,92.61,74.942,B
S1871,Emma,Brown,student1871@univ.edu,Female,25,Business,75.06,67.04,99.58,98.82,72.31,99.49,87.75,86.591,A
S1872,Ahmed,Jones,student1872@univ.edu,Male,24,Mathematics,92.73,93.59,86.57,68.19,90.37,76.22,98.68,86.906,A
S1873,Sara,Jones,student1873@univ.edu,Male,24,Business,85.95,42.35,68.97,87.05,88.08,94.78,77.24,72.085,B
S1874,Ali,Williams,student1874@univ.edu,Male,20,Mathematics,51.63,62.87,84.09,53.83,89.5,43.48,88.85,71.047,B
S1875,John,Jones,student1875@univ.edu,Female,19,CS,76.23,91.79,72.97,59.28,71.3,79.61,57.5,73.624,B
S1876,Ali,Jones,student1876@univ.edu,Male,22,Business,75.26,89.23,40.04,72.29,66.33,50.71,54.44,62.84,C
S1877,Sara,Davis,student1877@univ.edu,Male,19,Mathematics,51.0,93.52,74.82,61.51,67.88,66.22,41.07,69.683,C
S1878,Emma,Davis,student1878@univ.edu,Female,18,Business,60.38,60.21,65.38,77.32,97.32,91.59,83.64,71.968,B
S1879,Omar,Jones,student1879@univ.edu,Female,18,Mathematics,58.98,85.46,99.62,60.99,68.7,61.96,69.32,78.924,B
S1880,Liam,Johnson,student1880@univ.edu,Male,22,Engineering,93.4,61.86,56.21,54.98,71.31,90.21,46.97,63.161,C
S1881,Ahmed,Johnson,student1881@univ.edu,Male,23,CS,69.89,69.76,49.66,82.0,93.15,97.4,81.78,70.502,B
S1882,John,Jones,student1882@univ.edu,Female,20,Mathematics,86.69,60.99,71.25,99.41,95.19,43.93,94.54,78.323,B
S1883,Maria,Smith,student1883@univ.edu,Male,22,Engineering,62.76,61.13,99.43,63.28,93.87,40.23,40.71,73.293,B
S1884,Omar,Williams,student1884@univ.edu,Male,21,Business,95.37,45.45,92.35,75.45,59.65,54.97,75.45,73.908,B
S1885,Ali,Williams,student1885@univ.edu,Female,23,Business,83.2,53.49,60.76,84.06,93.75,54.68,49.58,66.922,C
S1886,Ali,Brown,student1886@univ.edu,Male,25,Mathematics,99.54,59.71,98.97,95.33,61.2,69.59,59.81,81.467,B
S1887,Emma,Jones,student1887@univ.edu,Female,24,Mathematics,77.19,69.47,73.77,61.52,64.97,63.68,63.51,69.004,C
S1888,Liam,Brown,student1888@univ.edu,Male,23,CS,95.89,47.09,73.22,66.66,71.49,68.19,68.03,68.334,C
S1889,Emma,Johnson,student1889@univ.edu,Female,25,Engineering,82.53,52.43,82.98,84.78,91.7,45.66,83.87,76.19,B
S1890,Ahmed,Williams,student1890@univ.edu,Male,19,CS,74.76,42.29,76.78,99.96,90.18,44.32,75.79,72.775,B
S1891,Liam,Johnson,student1891@univ.edu,Male,22,Engineering,95.93,96.73,76.96,99.26,76.99,52.18,94.43,86.667,A
S1892,Ahmed,Jones,student1892@univ.edu,Female,19,Engineering,70.5,98.97,88.08,56.31,98.5,78.28,43.0,79.779,B
S1893,Liam,Jones,student1893@univ.edu,Male,18,Engineering,63.94,42.7,78.16,61.94,93.28,51.82,96.37,69.229,C
S1894,Emma,Johnson,student1894@univ.edu,Male,18,Business,79.95,59.42,75.88,94.42,76.39,49.06,48.08,71.706,B
S1895,Ahmed,Smith,student1895@univ.edu,Male,19,Mathematics,53.24,50.09,43.76,83.56,67.78,86.45,91.83,61.287,C
S1896,Ali,Brown,student1896@univ.edu,Male,19,Engineering,59.16,51.6,96.8,63.29,98.18,71.92,60.6,74.243,B
S1897,Liam,Smith,student1897@univ.edu,Male,18,CS,82.96,90.31,40.46,59.69,99.45,54.25,55.08,65.615,C
S1898,Ali,Johnson,student1898@univ.edu,Female,21,Mathematics,90.02,49.65,86.92,86.2,96.54,64.14,73.91,78.19,B
S1899,Ali,Jones,student1899@univ.edu,Female,21,Engineering,55.21,65.6,79.67,95.76,55.31,91.48,43.04,71.315,B
S1900,Liam,Williams,student1900@univ.edu,Female,21,Business,59.36,68.11,50.46,80.5,62.98,49.95,81.33,63.7,C
S1901,Emma,Johnson,student1901@univ.edu,Female,23,Engineering,76.77,43.72,65.59,96.07,60.96,65.53,78.59,67.74,C
S1902,Maria,Jones,student1902@univ.edu,Male,24,Mathematics,92.29,40.25,51.7,69.23,73.15,75.79,81.9,62.468,C
S1903,John,Jones,student1903@univ.edu,Male,20,CS,62.57,83.21,98.5,98.01,59.57,62.32,40.49,80.272,B
S1904,John,Davis,student1904@univ.edu,Male,21,Engineering,55.79,52.67,51.59,84.33,80.26,64.72,87.95,64.296,C
S1905,Ahmed,Jones,student1905@univ.edu,Male,20,Engineering,58.75,73.07,62.66,92.32,55.37,68.07,40.69,66.144,C
S1906,Liam,Davis,student1906@univ.edu,Male,24,Mathematics,65.06,51.3,40.76,81.08,99.15,59.78,79.36,61.996,C
S1907,Omar,Smith,student1907@univ.edu,Male,23,Engineering,70.5,43.9,53.88,59.78,78.97,93.78,77.99,61.346,C
S1908,Sara,Williams,student1908@univ.edu,Female,24,Business,82.2,45.18,75.23,98.84,61.98,85.04,93.09,74.41,B
S1909,Liam,Brown,student1909@univ.edu,Male,18,CS,98.81,47.65,62.32,99.24,52.51,49.89,61.49,66.887,C
S1910,Ali,Jones,student1910@univ.edu,Female,18,Engineering,83.79,86.57,40.83,73.82,62.05,79.0,87.74,67.944,C
S1911,Ali,Johnson,student1911@univ.edu,Male,18,Business,51.26,48.69,65.43,76.99,53.54,73.69,43.49,59.429,D
S1912,Sara,Williams,student1912@univ.edu,Male,20,Mathematics,99.0,86.91,72.77,98.89,66.34,99.84,50.9,80.663,B
S1913,John,Davis,student1913@univ.edu,Male,24,Business,83.18,60.93,84.7,55.8,53.42,96.19,98.0,74.235,B
S1914,Ahmed,Jones,student1914@univ.edu,Female,22,Business,86.47,99.46,77.78,63.44,75.67,77.68,44.97,77.337,B
S1915,Omar,Johnson,student1915@univ.edu,Female,24,Business,69.75,99.9,43.0,84.95,69.37,78.93,62.93,69.774,C
S1916,Emma,Smith,student1916@univ.edu,Male,25,Business,97.77,91.73,62.05,77.72,54.64,55.82,59.75,72.626,B
S1917,Ahmed,Brown,student1917@univ.edu,Male,24,CS,96.6,46.96,94.29,75.53,54.14,88.19,79.53,76.445,B
S1918,Ali,Williams,student1918@univ.edu,Female,22,Engineering,82.83,83.1,96.32,84.9,56.08,72.57,66.13,82.383,B
S1919,John,Smith,student1919@univ.edu,Female,19,Engineering,71.71,67.23,97.74,98.87,55.39,52.04,79.86,80.897,B
S1920,Maria,Williams,student1920@univ.edu,Female,20,Mathematics,85.64,84.77,40.26,65.42,92.78,40.74,63.57,65.081,C
S1921,Omar,Smith,student1921@univ.edu,Male,18,Engineering,61.55,71.26,84.17,61.5,60.95,50.97,70.25,70.552,B
S1922,Liam,Johnson,student1922@univ.edu,Male,25,CS,58.61,99.64,79.14,78.73,81.05,72.81,58.7,78.956,B
S1923,Sara,Johnson,student1923@univ.edu,Female,21,Business,86.74,94.54,63.69,72.06,74.63,98.82,84.67,78.369,B
S1924,Sara,Davis,student1924@univ.edu,Female,21,Engineering,56.81,98.4,50.18,82.84,96.09,72.38,48.58,70.927,B
S1925,Liam,Davis,student1925@univ.edu,Female,23,Engineering,64.9,62.81,81.6,86.84,73.82,86.15,71.02,75.349,B
S1926,Emma,Jones,student1926@univ.edu,Female,22,Business,57.08,44.8,55.48,59.94,72.13,71.3,84.05,59.486,D
S1927,John,Smith,student1927@univ.edu,Male,18,Engineering,50.31,54.36,85.17,80.19,64.67,56.78,79.12,70.701,B
S1928,Liam,Davis,student1928@univ.edu,Male,23,Business,52.99,53.08,42.15,55.53,94.29,55.71,46.08,53.712,D
S1929,John,Smith,student1929@univ.edu,Female,19,CS,58.47,88.54,61.48,58.32,50.74,83.14,63.82,66.36,C
S1930,John,Brown,student1930@univ.edu,Male,24,CS,69.97,42.15,52.8,70.01,51.41,78.72,40.71,54.916,D
S1931,Omar,Johnson,student1931@univ.edu,Male,21,CS,75.2,94.93,84.37,58.54,63.37,91.63,44.73,75.99,B
S1932,Ahmed,Williams,student1932@univ.edu,Female,19,Mathematics,54.83,60.05,49.87,99.1,95.43,64.04,59.11,65.975,C
S1933,John,Jones,student1933@univ.edu,Male,25,CS,83.01,46.19,44.43,79.13,98.45,68.51,63.52,62.36,C
S1934,Emma,Smith,student1934@univ.edu,Female,22,Mathematics,59.02,50.94,98.17,97.22,78.05,82.93,97.88,81.864,B
S1935,Liam,Jones,student1935@univ.edu,Female,18,CS,63.06,73.19,62.83,74.83,61.33,48.62,41.19,63.701,C
S1936,Maria,Davis,student1936@univ.edu,Male,23,Engineering,75.83,45.28,84.36,53.04,71.92,84.75,78.7,69.203,C
S1937,Ali,Brown,student1937@univ.edu,Female,21,CS,67.36,76.74,41.73,59.75,91.65,56.0,56.03,61.133,C
S1938,Ahmed,Jones,student1938@univ.edu,Male,19,CS,51.84,83.12,82.76,79.44,83.94,57.25,67.27,76.535,B
S1939,Emma,Johnson,student1939@univ.edu,Female,23,Mathematics,85.32,84.01,67.03,93.51,88.81,65.6,62.2,77.85,B
S1940,Ali,Davis,student1940@univ.edu,Female,24,Engineering,65.9,79.68,67.59,74.33,92.0,44.96,68.92,72.293,B
S1941,John,Brown,student1941@univ.edu,Female,23,Engineering,84.74,88.28,99.77,98.95,83.84,83.15,47.13,88.158,A
S1942,Sara,Brown,student1942@univ.edu,Female,22,Business,65.71,88.68,68.53,93.46,95.74,42.05,61.14,76.676,B
S1943,Emma,Williams,student1943@univ.edu,Female,19,CS,73.91,99.82,89.39,63.89,60.27,90.16,99.61,84.251,B
S1944,Omar,Jones,student1944@univ.edu,Female,24,Mathematics,95.31,90.12,41.61,78.54,76.88,47.4,57.96,67.673,C
S1945,Emma,Johnson,student1945@univ.edu,Female,24,Business,82.14,46.98,40.38,50.87,83.54,90.88,41.15,54.367,D
S1946,Sara,Williams,student1946@univ.edu,Female,22,Business,75.15,77.83,71.35,54.22,59.29,43.99,70.42,67.79,C
S1947,Sara,Johnson,student1947@univ.edu,Female,25,Engineering,73.66,46.35,48.33,59.27,56.55,56.76,95.98,58.117,D
S1948,Sara,Jones,student1948@univ.edu,Female,21,Mathematics,92.78,85.32,41.59,61.13,58.45,90.47,74.06,65.763,C
S1949,Emma,Williams,student1949@univ.edu,Male,18,CS,92.58,91.49,60.72,77.93,53.78,64.77,96.51,75.729,B
S1950,Sara,Smith,student1950@univ.edu,Male,22,Mathematics,68.99,98.19,97.96,74.38,82.0,86.23,64.06,85.999,A
S1951,Sara,Johnson,student1951@univ.edu,Female,21,Mathematics,98.63,65.98,67.92,55.72,68.02,79.47,57.28,68.296,C
S1952,Liam,Jones,student1952@univ.edu,Male,18,Mathematics,80.01,70.24,85.4,63.83,59.44,65.38,95.13,75.97,B
S1953,John,Davis,student1953@univ.edu,Male,18,Engineering,97.76,95.83,98.43,71.63,93.77,95.15,64.68,89.818,A
S1954,Liam,Davis,student1954@univ.edu,Male,21,Business,77.87,63.01,72.11,60.02,92.99,40.29,84.48,70.787,B
S1955,Ahmed,Williams,student1955@univ.edu,Female,22,CS,69.39,91.08,77.12,69.48,53.78,98.11,59.75,74.971,B
S1956,Ahmed,Jones,student1956@univ.edu,Female,24,CS,91.99,85.27,88.87,67.51,80.99,89.19,74.78,83.077,B
S1957,Ahmed,Williams,student1957@univ.edu,Female,22,Business,76.11,42.22,82.12,71.09,63.26,47.33,94.53,69.5,C
S1958,Sara,Johnson,student1958@univ.edu,Male,18,Mathematics,82.93,46.73,57.19,90.48,91.99,67.63,59.87,66.936,C
S1959,Sara,Williams,student1959@univ.edu,Male,23,CS,62.09,67.57,62.71,98.06,69.42,50.53,91.63,71.877,B
S1960,Sara,Johnson,student1960@univ.edu,Male,20,CS,62.19,72.47,80.46,82.75,84.84,91.71,74.32,77.765,B
S1961,Maria,Jones,student1961@univ.edu,Female,24,CS,84.11,75.74,48.33,79.84,95.4,94.15,57.57,70.038,B
S1962,Sara,Brown,student1962@univ.edu,Female,18,Mathematics,72.1,75.24,68.37,73.58,97.98,61.48,55.95,72.273,B
S1963,Ahmed,Brown,student1963@univ.edu,Female,21,Mathematics,66.79,40.79,48.96,71.38,63.26,68.7,81.5,58.143,D
S1964,Liam,Smith,student1964@univ.edu,Male,25,Engineering,62.44,81.24,68.17,86.42,50.52,81.32,53.2,70.344,B
S1965,John,Brown,student1965@univ.edu,Male,19,Mathematics,57.65,72.22,60.09,85.36,94.58,75.59,85.82,72.859,B
S1966,John,Jones,student1966@univ.edu,Male,19,Mathematics,96.15,48.46,44.23,80.5,98.01,64.69,68.81,64.567,C
S1967,Maria,Jones,student1967@univ.edu,Male,23,Mathematics,67.56,69.05,97.38,77.7,80.5,89.4,77.82,81.737,B
S1968,Sara,Smith,student1968@univ.edu,Male,18,CS,79.86,61.38,92.88,90.98,77.96,74.3,63.02,79.586,B
S1969,Maria,Jones,student1969@univ.edu,Female,19,Business,69.27,55.7,77.01,81.22,80.49,90.48,98.62,75.788,B
S1970,Ali,Johnson,student1970@univ.edu,Male,24,Mathematics,83.56,64.01,87.03,97.73,60.79,98.5,65.25,79.456,B
S1971,Liam,Smith,student1971@univ.edu,Male,20,Business,77.81,87.19,68.48,96.05,71.38,61.68,45.76,74.969,B
S1972,Omar,Williams,student1972@univ.edu,Male,23,CS,61.95,93.37,80.78,98.32,57.38,84.88,78.62,81.695,B
S1973,John,Brown,student1973@univ.edu,Female,21,CS,67.95,90.28,82.17,85.4,94.11,99.53,95.75,86.275,A
S1974,Emma,Jones,student1974@univ.edu,Male,21,Business,65.37,75.21,70.36,50.13,72.48,68.69,69.0,67.789,C
S1975,Ali,Brown,student1975@univ.edu,Female,21,Engineering,84.33,62.5,46.95,55.61,91.37,72.18,95.04,65.609,C
S1976,Omar,Smith,student1976@univ.edu,Male,18,CS,92.61,74.94,44.23,56.03,58.87,42.14,46.35,58.551,D
S1977,Ali,Davis,student1977@univ.edu,Male,25,Business,69.4,53.88,77.28,78.15,59.24,68.25,40.62,66.021,C
S1978,Omar,Smith,student1978@univ.edu,Male,22,Mathematics,52.96,59.59,51.77,57.77,60.32,83.59,71.08,58.73,D
S1979,Ahmed,Jones,student1979@univ.edu,Male,18,CS,97.38,62.66,89.88,52.36,51.21,74.68,60.51,71.994,B
S1980,Omar,Jones,student1980@univ.edu,Female,20,CS,94.68,66.47,93.79,68.58,59.13,97.34,87.25,80.691,B
S1981,Ali,Johnson,student1981@univ.edu,Female,21,Business,51.18,90.34,62.72,68.46,82.37,50.71,59.06,68.95,C
S1982,Ahmed,Smith,student1982@univ.edu,Male,18,Engineering,82.12,56.4,96.06,65.18,95.01,55.07,87.98,79.14,B
S1983,Maria,Jones,student1983@univ.edu,Female,19,Mathematics,76.33,73.21,68.65,51.99,76.72,95.85,94.1,72.543,B
S1984,Ali,Johnson,student1984@univ.edu,Female,22,Business,69.92,62.9,91.86,52.7,57.71,60.38,99.72,73.797,B
S1985,Emma,Williams,student1985@univ.edu,Male,24,Business,93.84,76.59,82.54,94.28,97.73,70.2,89.96,85.885,A
S1986,Ahmed,Brown,student1986@univ.edu,Male,22,Business,64.22,75.3,52.43,82.34,79.47,81.01,68.37,68.397,C
S1987,Sara,Smith,student1987@univ.edu,Female,19,CS,51.62,73.41,63.32,61.28,64.18,91.45,48.64,63.886,C
S1988,Ali,Brown,student1988@univ.edu,Female,20,Mathematics,95.59,82.41,50.07,79.82,64.94,52.62,73.49,69.509,C
S1989,Ahmed,Williams,student1989@univ.edu,Female,18,Mathematics,61.23,54.58,84.72,88.85,62.84,95.59,94.69,76.315,B
S1990,Emma,Johnson,student1990@univ.edu,Male,25,Engineering,89.68,56.59,98.03,81.62,68.94,87.81,51.65,78.388,B
S1991,John,Smith,student1991@univ.edu,Female,25,Business,58.09,68.05,97.39,70.03,86.16,66.35,98.21,80.895,B
S1992,Liam,Johnson,student1992@univ.edu,Female,21,Mathematics,86.23,77.22,40.81,71.13,91.68,59.35,65.72,65.687,C
S1993,John,Johnson,student1993@univ.edu,Male,21,CS,98.5,66.74,60.47,95.58,73.43,95.39,84.46,76.234,B
S1994,Maria,Jones,student1994@univ.edu,Male,18,CS,92.93,46.57,62.88,51.91,62.87,87.64,87.65,64.691,C
S1995,Ahmed,Williams,student1995@univ.edu,Male,25,Engineering,90.24,92.56,91.46,63.04,68.94,45.69,95.25,83.134,B
S1996,John,Smith,student1996@univ.edu,Male,19,Engineering,62.26,80.39,51.96,91.63,97.75,84.22,99.52,75.575,B
S1997,Emma,Davis,student1997@univ.edu,Female,25,Mathematics,50.77,97.26,48.36,95.67,81.05,79.34,84.53,73.913,B
S1998,Sara,Johnson,student1998@univ.edu,Male,21,Mathematics,69.26,78.7,78.84,61.14,89.8,58.03,48.34,72.205,B
S1999,Maria,Brown,student1999@univ.edu,Male,23,Business,69.59,92.52,81.69,74.05,57.98,94.55,98.93,81.496,B
S2000,Sara,Jones,student2000@univ.edu,Female,22,Business,76.82,78.45,59.61,91.2,60.44,72.69,73.0,71.913,B
S2001,Emma,Williams,student2001@univ.edu,Male,18,Engineering,59.88,62.82,88.95,55.84,52.4,60.86,58.07,67.703,C
S2002,Maria,Jones,student2002@univ.edu,Male,19,CS,94.55,91.69,49.97,67.81,88.54,95.86,56.15,72.218,B
S2003,Maria,Brown,student2003@univ.edu,Female,21,Business,94.32,68.99,45.93,54.33,71.87,58.75,71.93,62.476,C
S2004,Ali,Brown,student2004@univ.edu,Male,19,Engineering,96.63,56.57,62.93,50.96,85.27,89.17,98.97,70.382,B
S2005,Ahmed,Smith,student2005@univ.edu,Male,24,CS,57.76,64.26,83.11,98.09,57.62,93.95,72.21,75.955,B
S2006,Liam,Johnson,student2006@univ.edu,Female,22,CS,76.47,64.7,99.3,99.66,82.38,71.03,62.42,83.358,B
S2007,Omar,Jones,student2007@univ.edu,Female,23,CS,67.9,83.0,62.96,77.63,56.23,84.37,51.86,68.95,C
S2008,Liam,Brown,student2008@univ.edu,Male,23,Mathematics,94.44,73.81,42.63,96.11,55.41,61.51,56.81,65.709,C
S2009,Sara,Davis,student2009@univ.edu,Male,21,CS,68.56,61.0,85.62,60.17,59.73,78.28,66.82,70.337,B
S2010,Maria,Williams,student2010@univ.edu,Male,24,Mathematics,90.43,88.06,61.42,99.02,76.07,90.36,61.97,78.256,B
S2011,Liam,Davis,student2011@univ.edu,Male,24,Mathematics,97.48,79.97,75.05,89.97,86.69,44.6,58.6,78.511,B
S2012,Ali,Brown,student2012@univ.edu,Female,18,Mathematics,86.84,48.89,57.8,90.19,75.53,46.85,55.49,64.775,C
S2013,Ahmed,Jones,student2013@univ.edu,Female,21,Mathematics,52.64,42.23,99.58,57.2,56.15,66.35,61.73,67.27,C
S2014,Maria,Williams,student2014@univ.edu,Male,18,Engineering,97.6,44.34,43.59,86.71,97.21,69.6,61.08,64.02,C
S2015,Liam,Jones,student2015@univ.edu,Male,18,Business,81.84,87.48,65.47,64.75,98.17,99.76,67.61,76.599,B
S2016,Liam,Johnson,student2016@univ.edu,Male,20,Engineering,96.1,52.21,68.02,82.46,67.56,75.18,76.47,70.989,B
S2017,Ahmed,Williams,student2017@univ.edu,Female,21,Engineering,80.66,56.46,53.46,77.35,70.01,63.73,43.64,61.55,C
S2018,Liam,Jones,student2018@univ.edu,Male,22,Mathematics,92.61,91.22,58.79,68.7,58.75,43.21,41.3,67.612,C
S2019,Emma,Brown,student2019@univ.edu,Female,25,CS,91.08,88.25,70.07,65.69,54.45,94.67,89.65,76.776,B
S2020,John,Brown,student2020@univ.edu,Female,21,Engineering,54.66,71.29,86.04,78.68,51.84,79.63,93.95,75.898,B
S2021,John,Davis,student2021@univ.edu,Male,25,Engineering,76.7,81.7,54.36,62.96,82.26,43.78,83.98,68.575,C
S2022,Sara,Williams,student2022@univ.edu,Male,25,Business,70.07,82.61,41.94,62.45,64.15,60.14,80.84,62.985,C
S2023,John,Brown,student2023@univ.edu,Female,23,Business,95.34,95.97,64.56,73.86,56.16,96.92,75.18,77.155,B
S2024,John,Johnson,student2024@univ.edu,Male,21,Engineering,53.03,76.27,78.37,50.08,51.94,84.65,54.28,66.434,C
S2025,Ahmed,Brown,student2025@univ.edu,Male,20,CS,54.37,66.41,77.37,71.03,53.76,88.53,70.11,69.398,C
S2026,Maria,Smith,student2026@univ.edu,Female,25,Mathematics,90.17,92.94,80.82,54.56,82.51,57.17,42.22,75.367,B
S2027,Emma,Williams,student2027@univ.edu,Female,23,Engineering,80.82,40.45,40.59,77.0,61.08,67.62,92.35,58.623,D
S2028,Ahmed,Davis,student2028@univ.edu,Female,24,CS,58.63,76.48,53.44,83.84,58.75,82.44,45.53,64.317,C
S2029,Sara,Jones,student2029@univ.edu,Female,18,CS,89.03,70.05,53.81,66.99,80.37,89.93,70.11,68.649,C
S2030,Ahmed,Jones,student2030@univ.edu,Male,25,Engineering,77.36,92.44,61.91,51.99,82.12,93.36,73.71,72.846,B
S2031,Maria,Williams,student2031@univ.edu,Female,21,Business,84.72,83.47,87.09,51.46,67.73,72.98,57.8,75.214,B
S2032,John,Brown,student2032@univ.edu,Male,21,Engineering,59.64,79.13,71.84,97.94,60.2,58.19,67.02,73.664,B
S2033,Sara,Jones,student2033@univ.edu,Male,22,CS,76.71,44.68,81.43,94.38,51.59,81.25,55.06,69.921,C
S2034,Maria,Brown,student2034@univ.edu,Female,25,CS,93.29,45.29,72.33,79.66,93.73,44.5,59.07,69.54,C
S2035,Omar,Smith,student2035@univ.edu,Female,19,Engineering,63.85,81.59,50.92,75.52,75.25,67.53,61.23,66.332,C
S2036,John,Jones,student2036@univ.edu,Female,19,CS,75.08,40.2,54.32,91.6,99.94,86.86,61.49,66.07,C
S2037,Omar,Johnson,student2037@univ.edu,Male,23,Mathematics,58.5,47.9,49.07,96.67,91.53,48.51,91.58,65.388,C
S2038,Sara,Brown,student2038@univ.edu,Male,20,CS,71.33,48.7,93.38,75.49,69.36,54.34,64.43,72.306,B
S2039,Ahmed,Brown,student2039@univ.edu,Male,20,Business,99.31,40.77,78.99,53.41,54.74,80.16,43.26,63.602,C
S2040,Ali,Brown,student2040@univ.edu,Female,25,Mathematics,59.02,49.92,59.21,92.45,58.4,88.21,52.57,63.024,C
S2041,Emma,Jones,student2041@univ.edu,Male,21,Engineering,56.77,92.69,40.43,63.76,50.47,60.44,82.64,62.241,C
S2042,Ahmed,Smith,student2042@univ.edu,Male,25,Mathematics,59.91,80.41,49.38,51.42,72.59,69.08,63.08,61.621,C
S2043,Liam,Jones,student2043@univ.edu,Male,21,CS,96.0,82.17,91.09,78.87,52.03,70.44,84.54,82.371,B
S2044,Omar,Brown,student2044@univ.edu,Female,19,Business,91.04,90.86,56.42,90.53,95.43,79.86,81.66,79.483,B
S2045,Maria,Johnson,student2045@univ.edu,Female,18,Business,78.96,76.24,81.95,61.44,56.3,64.05,45.68,70.346,B
S2046,Ahmed,Jones,student2046@univ.edu,Male,23,Business,64.12,63.32,51.66,74.04,92.73,96.8,50.77,64.87,C
S2047,Emma,Davis,student2047@univ.edu,Female,24,Engineering,91.07,64.62,74.46,64.38,97.94,95.52,96.76,78.272,B
S2048,Omar,Williams,student2048@univ.edu,Male,25,Business,82.23,47.31,44.56,76.63,51.4,67.56,46.58,55.724,D
S2049,Liam,Brown,student2049@univ.edu,Male,21,Engineering,76.45,45.77,40.64,74.42,62.4,59.1,63.02,55.651,D
S2050,Ahmed,Williams,student2050@univ.edu,Female,24,Mathematics,66.88,70.19,97.15,84.68,79.77,63.28,62.35,79.949,B
S2051,Liam,Jones,student2051@univ.edu,Male,25,Engineering,99.43,74.94,95.24,76.05,58.08,70.56,90.73,83.32,B
S2052,Liam,Brown,student2052@univ.edu,Male,20,Engineering,64.46,68.65,76.49,81.89,98.09,76.76,71.98,76.251,B
S2053,Ali,Johnson,student2053@univ.edu,Female,21,Engineering,75.41,60.16,70.26,79.85,58.46,89.99,77.82,70.756,B
S2054,Omar,Johnson,student2054@univ.edu,Female,24,Business,76.09,69.4,53.33,61.57,78.23,78.75,90.66,67.55,C
S2055,Ali,Johnson,student2055@univ.edu,Male,25,Engineering,76.84,60.84,80.9,79.65,80.02,46.67,43.13,70.718,B
S2056,Liam,Brown,student2056@univ.edu,Female,23,Engineering,72.7,40.15,83.63,62.51,95.53,50.69,42.09,66.062,C
S2057,Emma,Johnson,student2057@univ.edu,Female,24,Mathematics,68.95,54.7,84.79,60.85,96.41,99.57,95.0,76.519,B
S2058,Liam,Brown,student2058@univ.edu,Male,20,Engineering,97.34,64.36,45.11,61.43,59.71,97.61,70.14,63.219,C
S2059,Emma,Jones,student2059@univ.edu,Male,25,Engineering,87.26,72.22,52.18,88.99,57.36,99.37,71.28,70.005,B
S2060,Ali,Williams,student2060@univ.edu,Male,23,Mathematics,57.55,42.15,83.39,54.7,62.99,96.78,53.15,63.86,C
S2061,Maria,Williams,student2061@univ.edu,Male,23,Engineering,68.13,89.62,78.56,81.35,61.85,90.05,99.12,81.107,B
S2062,Omar,Williams,student2062@univ.edu,Female,25,Business,93.97,91.28,95.22,99.96,70.65,77.26,65.49,88.69,A
S2063,Sara,Brown,student2063@univ.edu,Male,20,CS,65.79,73.09,46.53,98.7,54.0,50.12,74.23,65.29,C
S2064,Maria,Davis,student2064@univ.edu,Female,19,CS,75.82,68.16,75.13,65.41,75.56,66.56,81.2,72.569,B
S2065,Omar,Johnson,student2065@univ.edu,Female,23,Engineering,70.77,84.32,72.32,84.2,51.7,40.62,46.8,70.148,B
S2066,Sara,Smith,student2066@univ.edu,Female,23,Business,82.83,41.87,72.92,99.24,71.58,72.6,57.31,69.938,C
S2067,John,Davis,student2067@univ.edu,Male,22,Mathematics,91.7,69.06,97.22,90.71,98.22,91.39,96.53,89.799,A
S2068,John,Davis,student2068@univ.edu,Male,19,Mathematics,56.03,74.33,87.55,71.75,74.93,91.84,46.02,74.183,B
S2069,Omar,Williams,student2069@univ.edu,Female,19,Business,73.39,46.45,45.02,98.76,86.24,83.79,74.21,65.184,C
S2070,Ahmed,Davis,student2070@univ.edu,Male,24,Business,94.24,58.68,62.58,84.99,72.69,51.06,80.24,70.528,B
S2071,Omar,Williams,student2071@univ.edu,Female,24,Engineering,96.6,88.88,74.01,74.45,66.02,88.51,90.66,80.9,B
S2072,John,Jones,student2072@univ.edu,Male,19,CS,97.67,92.6,84.82,93.63,81.35,61.89,93.51,88.358,A
S2073,Omar,Williams,student2073@univ.edu,Male,22,CS,51.08,56.02,60.49,71.06,75.39,45.81,61.14,61.062,C
S2074,Ali,Jones,student2074@univ.edu,Female,20,Engineering,86.95,47.42,55.34,83.85,56.57,48.51,98.48,65.289,C
S2075,Emma,Jones,student2075@univ.edu,Female,24,CS,99.55,96.25,80.24,99.54,61.67,90.1,85.62,87.442,A
S2076,Sara,Johnson,student2076@univ.edu,Male,20,Mathematics,64.61,81.73,71.13,97.53,78.74,65.24,71.0,77.011,B
S2077,Liam,Johnson,student2077@univ.edu,Female,25,Business,82.07,65.26,59.94,61.46,64.81,99.01,88.81,68.773,C
S2078,John,Davis,student2078@univ.edu,Female,21,Business,64.22,41.34,56.55,55.09,97.44,47.88,99.15,61.971,C
S2079,John,Williams,student2079@univ.edu,Male,21,Business,91.24,87.9,52.41,96.85,77.33,60.01,82.58,75.946,B
S2080,Omar,Williams,student2080@univ.edu,Male,24,CS,65.18,62.96,43.78,98.63,51.34,94.34,75.3,64.419,C
S2081,John,Jones,student2081@univ.edu,Female,24,Mathematics,52.11,68.74,47.09,53.37,84.8,61.8,79.05,60.567,C
S2082,Emma,Johnson,student2082@univ.edu,Female,23,Mathematics,80.64,75.7,53.37,84.4,53.21,81.77,56.53,66.938,C
S2083,Liam,Davis,student2083@univ.edu,Male,24,Mathematics,87.16,41.14,98.34,56.7,96.61,92.55,56.41,74.88,B
S2084,Liam,Williams,student2084@univ.edu,Female,25,Engineering,98.68,65.04,61.0,90.36,76.67,67.18,77.37,73.493,B
S2085,Liam,Jones,student2085@univ.edu,Female,24,Business,68.64,85.77,80.26,93.09,58.04,42.33,52.96,75.276,B
S2086,Liam,Davis,student2086@univ.edu,Female,22,CS,70.11,78.8,98.83,71.18,82.6,51.95,77.2,81.674,B
S2087,Omar,Davis,student2087@univ.edu,Male,22,Mathematics,95.89,79.11,68.32,88.16,58.68,83.32,77.42,76.907,B
S2088,Emma,Jones,student2088@univ.edu,Female,25,Engineering,83.82,52.13,43.0,63.45,92.63,96.61,62.7,61.589,C
S2089,John,Williams,student2089@univ.edu,Female,24,CS,98.38,48.99,57.84,60.88,87.77,75.1,75.23,66.175,C
S2090,Sara,Brown,student2090@univ.edu,Male,24,Business,72.03,81.94,44.25,86.48,70.8,85.35,91.38,70.323,B
S2091,Emma,Johnson,student2091@univ.edu,Male,25,CS,57.09,48.4,98.24,98.2,65.7,94.11,56.75,76.541,B
S2092,John,Jones,student2092@univ.edu,Male,20,Mathematics,62.94,68.5,87.34,86.45,85.02,53.68,74.05,77.754,B
S2093,John,Smith,student2093@univ.edu,Male,25,Business,87.07,43.18,51.31,88.95,78.45,96.31,62.04,64.943,C
S2094,Emma,Davis,student2094@univ.edu,Male,19,CS,96.83,62.91,57.94,55.9,81.6,75.56,71.44,67.114,C
S2095,Sara,Jones,student2095@univ.edu,Female,19,Mathematics,70.64,40.84,50.68,80.86,82.88,92.52,56.89,61.168,C
S2096,Maria,Davis,student2096@univ.edu,Female,23,Mathematics,79.48,48.99,90.7,57.85,79.52,74.17,89.31,74.225,B
S2097,Emma,Smith,student2097@univ.edu,Male,24,CS,83.15,49.62,86.57,63.06,71.55,72.5,98.03,74.252,B
S2098,Maria,Jones,student2098@univ.edu,Male,20,Engineering,67.81,60.72,64.21,53.66,83.85,70.22,79.19,66.052,C
S2099,Maria,Davis,student2099@univ.edu,Female,20,CS,55.78,96.45,57.79,93.97,79.33,85.22,67.78,75.272,B
S2100,Ahmed,Williams,student2100@univ.edu,Male,22,Business,76.8,78.83,97.74,87.48,58.09,50.0,69.46,81.145,B
S2101,Emma,Williams,student2101@univ.edu,Male,24,Engineering,86.23,46.71,45.52,79.89,98.81,95.86,86.27,66.906,C
S2102,Omar,Davis,student2102@univ.edu,Female,18,Mathematics,70.23,97.01,64.43,54.46,70.1,66.51,84.92,72.751,B
S2103,Maria,Brown,student2103@univ.edu,Female,22,Business,95.28,89.03,74.65,86.0,63.11,90.41,70.84,80.544,B
S2104,Sara,Davis,student2104@univ.edu,Female,25,Mathematics,74.94,60.49,90.29,93.6,83.34,82.68,79.26,81.113,B
S2105,John,Williams,student2105@univ.edu,Female,23,Business,89.17,97.54,88.29,74.16,70.71,68.72,70.07,83.55,B
S2106,Maria,Davis,student2106@univ.edu,Male,22,CS,85.48,79.54,85.46,95.24,98.91,97.65,71.34,86.288,A
S2107,Ali,Smith,student2107@univ.edu,Female,23,Mathematics,60.03,60.55,98.3,85.04,81.92,78.47,74.06,79.88,B
S2108,Sara,Williams,student2108@univ.edu,Female,22,Engineering,68.8,61.0,89.24,99.76,60.32,69.79,70.23,77.361,B
S2109,Ahmed,Smith,student2109@univ.edu,Female,25,Engineering,98.08,42.77,57.4,60.34,54.55,90.3,63.18,60.921,C
S2110,Maria,Williams,student2110@univ.edu,Female,20,Mathematics,51.12,46.31,96.6,92.8,53.64,56.44,48.19,70.279,B
S2111,John,Jones,student2111@univ.edu,Female,19,CS,55.35,94.73,82.34,55.12,73.82,89.61,92.39,78.553,B
S2112,Liam,Davis,student2112@univ.edu,Female,21,Mathematics,67.2,76.44,55.95,85.88,59.27,48.88,87.31,68.777,C
S2113,Liam,Johnson,student2113@univ.edu,Female,21,Engineering,79.52,82.99,65.39,69.4,99.46,81.31,62.26,74.814,B
S2114,Omar,Smith,student2114@univ.edu,Female,19,Engineering,95.28,53.32,58.29,59.32,55.31,61.52,61.44,61.328,C
S2115,Ahmed,Brown,student2115@univ.edu,Female,24,Mathematics,55.4,41.77,84.83,75.48,74.53,73.12,46.45,66.419,C
S2116,Liam,Johnson,student2116@univ.edu,Female,23,CS,81.56,92.18,67.6,61.56,97.21,58.9,59.42,74.714,B
S2117,Omar,Davis,student2117@univ.edu,Female,23,Mathematics,92.39,98.94,62.46,99.01,66.15,72.24,51.28,77.971,B
S2118,Emma,Williams,student2118@univ.edu,Female,23,Business,77.49,75.93,70.35,62.24,65.0,55.99,61.56,68.832,C
S2119,Emma,Johnson,student2119@univ.edu,Male,19,Engineering,66.23,41.9,72.13,50.26,96.72,95.16,50.21,63.632,C
S2120,Ali,Johnson,student2120@univ.edu,Female,21,Mathematics,55.56,79.47,86.93,54.54,59.48,71.42,93.94,74.623,B
S2121,Maria,Johnson,student2121@univ.edu,Female,23,Engineering,73.01,73.37,58.91,86.15,90.91,55.41,84.49,72.881,B
S2122,Sara,Johnson,student2122@univ.edu,Male,25,CS,81.82,46.8,63.34,69.07,79.43,98.6,45.47,64.325,C
S2123,Liam,Jones,student2123@univ.edu,Male,18,Engineering,96.78,57.94,64.61,72.47,72.56,97.13,95.19,73.151,B
S2124,Omar,Brown,student2124@univ.edu,Male,19,Engineering,99.87,73.26,82.82,58.1,96.18,98.03,70.69,79.789,B
S2125,Liam,Davis,student2125@univ.edu,Male,21,Engineering,54.47,92.58,82.84,64.13,74.74,62.8,64.04,75.453,B
S2126,Maria,Jones,student2126@univ.edu,Female,18,CS,85.29,45.24,80.47,87.61,58.22,70.3,52.95,69.492,C
S2127,Ahmed,Williams,student2127@univ.edu,Male,19,Engineering,61.94,96.47,86.93,58.19,92.43,63.77,60.28,78.755,B
S2128,Ali,Williams,student2128@univ.edu,Female,19,Mathematics,81.2,70.23,75.63,89.03,73.7,57.62,62.42,74.703,B
S2129,Omar,Johnson,student2129@univ.edu,Male,19,Mathematics,79.32,77.62,41.8,71.42,56.71,65.91,56.92,61.367,C
S2130,Emma,Johnson,student2130@univ.edu,Female,23,CS,74.36,51.44,93.33,87.74,68.58,78.8,70.77,76.759,B
S2131,Ahmed,Davis,student2131@univ.edu,Male,24,Engineering,55.92,71.5,61.76,65.8,79.71,80.9,81.22,68.428,C
S2132,Emma,Brown,student2132@univ.edu,Female,18,Mathematics,72.35,94.6,61.21,74.56,95.29,64.47,48.11,73.266,B
S2133,Ahmed,Williams,student2133@univ.edu,Female,20,Business,87.15,54.63,50.92,83.35,91.12,75.42,74.79,67.782,C
S2134,Maria,Smith,student2134@univ.edu,Male,21,Mathematics,61.13,89.92,42.37,75.94,56.92,90.27,70.9,65.495,C
S2135,Ahmed,Smith,student2135@univ.edu,Female,20,Business,73.39,85.35,83.62,87.52,63.97,91.43,65.11,80.103,B
S2136,Emma,Davis,student2136@univ.edu,Female,21,CS,94.42,93.34,56.55,99.59,75.41,99.27,75.06,80.024,B
S2137,Liam,Smith,student2137@univ.edu,Female,25,Mathematics,83.04,47.57,68.25,93.98,83.11,66.59,74.36,71.466,B
S2138,Maria,Davis,student2138@univ.edu,Female,25,CS,89.44,51.5,74.57,81.97,90.09,52.53,63.98,71.944,B
S2139,Liam,Davis,student2139@univ.edu,Female,18,Mathematics,87.57,54.14,65.03,54.44,70.52,46.9,57.22,62.379,C
S2140,Emma,Williams,student2140@univ.edu,Female,22,Business,57.14,72.69,57.15,93.31,82.67,52.07,52.57,67.521,C
S2141,Sara,Williams,student2141@univ.edu,Male,20,Engineering,88.75,86.23,76.3,86.29,90.85,92.43,67.27,82.388,B
S2142,Ahmed,Davis,student2142@univ.edu,Male,22,Mathematics,72.16,98.66,76.64,79.81,77.88,75.28,75.88,81.051,B
S2143,Ali,Jones,student2143@univ.edu,Male,22,Engineering,87.8,89.21,85.21,56.25,52.88,47.49,67.35,75.02,B
S2144,Liam,Smith,student2144@univ.edu,Female,18,CS,70.31,76.19,96.05,65.78,57.17,96.15,95.01,80.977,B
S2145,John,Davis,student2145@univ.edu,Male,23,Business,50.17,68.28,94.74,51.15,96.86,84.43,62.42,74.917,B
S2146,Omar,Davis,student2146@univ.edu,Male,21,Business,57.58,67.28,81.68,58.81,91.99,82.29,46.65,70.518,B
S2147,Omar,Brown,student2147@univ.edu,Male,22,Engineering,65.47,75.42,65.71,94.0,94.87,48.57,49.91,72.35,B
S2148,Ali,Davis,student2148@univ.edu,Male,18,Mathematics,91.64,46.54,40.48,94.34,63.11,48.7,48.98,58.411,D
S2149,Liam,Smith,student2149@univ.edu,Male,21,Mathematics,57.88,65.57,91.84,61.19,80.97,41.18,71.5,72.939,B
S2150,Liam,Brown,student2150@univ.edu,Female,18,CS,56.15,59.9,65.6,86.63,65.53,60.85,72.46,67.111,C
S2151,Liam,Davis,student2151@univ.edu,Male,21,CS,68.88,84.63,96.84,67.36,71.16,67.28,46.49,78.099,B
S2152,Ahmed,Smith,student2152@univ.edu,Female,23,Business,59.04,73.83,76.17,54.84,73.98,61.74,88.61,71.093,B
S2153,Sara,Johnson,student2153@univ.edu,Female,23,Engineering,96.35,64.31,42.43,95.28,60.32,86.3,74.68,67.333,C
S2154,John,Davis,student2154@univ.edu,Male,24,Business,63.19,66.32,69.96,64.3,77.48,90.55,89.93,71.484,B
S2155,Omar,Williams,student2155@univ.edu,Male,20,CS,88.51,96.5,68.25,87.05,86.3,71.46,51.97,79.084,B
S2156,Sara,Jones,student2156@univ.edu,Male,21,Mathematics,70.77,83.0,75.41,87.86,79.07,64.24,82.76,78.874,B
S2157,Sara,Jones,student2157@univ.edu,Male,20,Business,58.78,83.11,70.73,59.06,83.07,63.35,98.58,73.911,B
S2158,Ali,Brown,student2158@univ.edu,Male,19,Business,53.88,41.94,48.9,56.33,69.28,46.72,73.23,53.482,D
S2159,Sara,Jones,student2159@univ.edu,Male,18,Mathematics,99.75,53.39,59.65,51.88,58.02,99.8,88.84,66.006,C
S2160,Sara,Williams,student2160@univ.edu,Male,21,CS,61.63,69.34,56.79,97.69,63.09,95.97,45.68,67.397,C
S2161,Emma,Williams,student2161@univ.edu,Female,20,CS,58.4,48.26,95.04,57.18,95.77,51.52,42.08,68.942,C
S2162,Liam,Williams,student2162@univ.edu,Female,23,Business,61.36,71.0,63.12,82.71,77.24,95.32,87.47,72.916,B
S2163,Liam,Williams,student2163@univ.edu,Female,21,CS,68.48,45.0,70.37,88.32,51.0,73.72,40.0,62.993,C
S2164,Sara,Williams,student2164@univ.edu,Male,20,Business,59.68,85.88,41.17,57.95,91.84,45.62,75.15,63.167,C
S2165,Ahmed,Davis,student2165@univ.edu,Female,19,Mathematics,81.26,53.64,86.58,58.63,97.22,81.96,94.97,76.94,B
S2166,Ali,Davis,student2166@univ.edu,Male,20,Mathematics,93.96,60.37,62.87,85.43,73.26,62.87,71.16,70.731,B
S2167,Liam,Brown,student2167@univ.edu,Male,20,Engineering,98.22,40.1,42.9,83.32,77.83,71.66,79.01,62.477,C
S2168,Omar,Williams,student2168@univ.edu,Female,22,Engineering,50.38,44.0,88.97,58.83,60.46,77.29,51.79,64.443,C
S2169,Ali,Smith,student2169@univ.edu,Male,25,Engineering,69.06,74.67,73.94,60.3,66.48,86.19,98.41,73.866,B
S2170,Sara,Brown,student2170@univ.edu,Male,22,Mathematics,67.48,69.62,66.98,60.06,57.0,91.39,83.78,68.423,C
S2171,Omar,Brown,student2171@univ.edu,Female,21,CS,60.76,84.28,68.7,92.83,63.83,70.59,83.43,75.722,B
S2172,Ahmed,Brown,student2172@univ.edu,Female,18,Engineering,94.54,99.28,40.25,78.77,79.14,57.62,53.07,69.303,C
S2173,Omar,Brown,student2173@univ.edu,Male,23,CS,83.59,82.42,60.86,77.3,79.01,42.99,65.87,71.334,B
S2174,Ali,Smith,student2174@univ.edu,Male,24,Mathematics,91.24,53.86,95.06,91.02,68.28,98.05,94.2,83.218,B
S2175,Omar,Brown,student2175@univ.edu,Female,25,CS,51.35,42.99,96.36,60.97,60.12,43.05,58.45,65.796,C
S2176,Emma,Davis,student2176@univ.edu,Female,25,Mathematics,88.31,60.21,72.56,50.08,71.66,51.56,91.27,69.024,C
S2177,John,Davis,student2177@univ.edu,Female,23,CS,97.02,41.1,96.63,74.3,55.29,65.54,93.96,76.258,B
S2178,Sara,Smith,student2178@univ.edu,Female,20,CS,72.28,44.79,43.45,99.65,79.06,86.17,91.16,65.499,C
S2179,John,Smith,student2179@univ.edu,Female,21,CS,50.3,43.13,73.75,51.71,92.49,43.73,62.5,61.223,C
S2180,Ahmed,Johnson,student2180@univ.edu,Female,22,CS,82.27,83.26,48.24,65.03,73.34,61.13,88.84,68.38,C
S2181,Ahmed,Davis,student2181@univ.edu,Male,19,Mathematics,69.4,69.17,42.85,95.04,58.79,51.96,64.77,62.839,C
S2182,Liam,Brown,student2182@univ.edu,Male,24,Business,82.06,75.76,75.21,82.12,65.86,84.47,92.06,78.255,B
S2183,Liam,Jones,student2183@univ.edu,Male,18,Engineering,79.66,62.88,84.24,81.53,62.29,71.77,74.45,75.306,B
S2184,Ali,Smith,student2184@univ.edu,Male,21,Business,92.65,79.93,63.48,69.25,83.97,96.71,79.59,75.874,B
S2185,Ahmed,Smith,student2185@univ.edu,Female,23,Business,59.15,48.49,56.27,55.09,85.66,89.28,79.08,61.696,C
S2186,Omar,Johnson,student2186@univ.edu,Female,21,Mathematics,55.97,60.42,57.8,93.62,68.99,90.31,48.14,65.293,C
S2187,Ali,Davis,student2187@univ.edu,Female,18,Business,72.08,97.39,77.73,71.02,79.26,64.93,70.79,78.909,B
S2188,Liam,Brown,student2188@univ.edu,Male,18,CS,72.96,94.71,83.69,51.25,75.19,54.56,61.02,75.382,B
S2189,Omar,Davis,student2189@univ.edu,Female,23,CS,90.37,67.24,81.86,59.92,96.46,53.91,88.06,77.178,B
S2190,Omar,Smith,student2190@univ.edu,Male,21,Mathematics,86.72,87.72,61.53,76.52,87.0,70.3,47.98,73.166,B
S2191,Sara,Smith,student2191@univ.edu,Male,21,Business,55.92,59.48,88.33,79.29,50.45,47.95,45.3,67.853,C
S2192,Omar,Johnson,student2192@univ.edu,Male,18,Mathematics,63.21,49.36,43.38,84.43,51.48,83.58,88.6,60.058,C
S2193,Omar,Smith,student2193@univ.edu,Male,20,CS,56.33,98.51,43.24,71.25,72.45,93.43,53.72,66.283,C
S2194,John,Johnson,student2194@univ.edu,Male,21,Engineering,78.33,41.93,85.89,80.81,89.43,64.64,74.74,73.757,B
S2195,Ali,Williams,student2195@univ.edu,Male,25,Business,64.8,43.84,46.02,61.47,68.97,43.33,49.43,52.281,D
S2196,Sara,Smith,student2196@univ.edu,Female,21,CS,96.19,48.4,68.99,92.21,68.03,97.08,65.95,72.079,B
S2197,Maria,Jones,student2197@univ.edu,Male,21,CS,79.96,59.55,80.0,85.76,67.94,51.73,97.82,75.932,B
S2198,Maria,Davis,student2198@univ.edu,Female,21,Mathematics,76.97,62.47,48.32,92.92,62.29,63.57,62.31,64.263,C
S2199,John,Davis,student2199@univ.edu,Male,22,Mathematics,87.6,55.56,82.88,80.31,66.33,60.73,95.4,75.992,B
S2200,Ali,Johnson,student2200@univ.edu,Female,18,CS,50.59,78.0,58.12,70.81,86.02,82.24,61.68,67.599,C
S2201,John,Jones,student2201@univ.edu,Male,18,Business,58.03,50.92,84.75,63.82,84.63,45.47,48.51,66.573,C
S2202,Ahmed,Brown,student2202@univ.edu,Female,22,CS,96.73,75.42,53.93,92.21,84.47,66.31,84.16,74.946,B
S2203,Liam,Johnson,student2203@univ.edu,Female,19,Mathematics,75.32,83.78,46.79,88.31,63.47,45.24,67.5,66.93,C
S2204,Omar,Davis,student2204@univ.edu,Female,18,Mathematics,70.98,62.09,96.43,54.8,63.41,74.84,77.0,74.448,B
S2205,Omar,Johnson,student2205@univ.edu,Female,22,Mathematics,78.56,55.6,73.7,69.52,97.31,72.25,91.78,74.035,B
S2206,Emma,Brown,student2206@univ.edu,Male,25,Business,63.0,96.77,49.85,85.99,82.83,99.23,90.49,75.801,B
S2207,Maria,Brown,student2207@univ.edu,Male,23,Engineering,88.37,45.33,51.1,95.82,68.41,61.25,89.23,66.433,C
S2208,Sara,Davis,student2208@univ.edu,Female,19,Mathematics,71.87,73.9,44.93,68.64,74.22,61.05,48.21,61.038,C
S2209,Maria,Smith,student2209@univ.edu,Male,19,Mathematics,94.92,92.49,82.82,50.15,69.45,73.82,56.04,76.599,B
S2210,Sara,Johnson,student2210@univ.edu,Female,24,Business,95.52,73.94,74.45,50.58,97.95,98.01,80.55,77.013,B
S2211,Liam,Davis,student2211@univ.edu,Male,23,Engineering,66.24,98.91,69.28,80.54,79.14,53.65,83.9,78.258,B
S2212,Sara,Williams,student2212@univ.edu,Female,23,Mathematics,86.84,77.88,91.44,86.33,94.87,84.28,51.98,83.54,B
S2213,Omar,Smith,student2213@univ.edu,Male,21,Mathematics,62.1,53.47,58.05,55.44,54.26,49.13,85.65,59.083,D
S2214,Omar,Davis,student2214@univ.edu,Female,23,Mathematics,67.0,40.39,97.4,89.89,90.21,98.47,84.23,79.849,B
S2215,Omar,Johnson,student2215@univ.edu,Female,21,CS,75.9,54.24,44.64,99.38,70.13,97.84,88.69,67.511,C
S2216,Ali,Jones,student2216@univ.edu,Female,21,Mathematics,65.85,53.77,61.32,68.73,64.29,66.17,41.15,59.897,D
S2217,Ali,Davis,student2217@univ.edu,Female,24,Business,84.73,60.29,68.43,66.45,66.08,94.61,41.04,66.47,C
S2218,Liam,Johnson,student2218@univ.edu,Male,20,Business,79.21,99.8,81.75,70.54,55.93,55.89,42.84,75.659,B
S2219,Ali,Smith,student2219@univ.edu,Female,18,CS,91.61,52.28,56.35,80.98,80.15,98.72,85.3,70.15,B
S2220,Emma,Davis,student2220@univ.edu,Male,23,Engineering,67.44,88.67,75.36,71.06,89.12,79.98,62.05,76.861,B
S2221,Maria,Jones,student2221@univ.edu,Female,25,Engineering,64.42,88.16,85.09,81.93,75.11,79.13,58.82,79.24,B
S2222,John,Brown,student2222@univ.edu,Female,22,CS,94.33,48.42,54.96,73.42,73.73,58.62,43.66,61.288,C
S2223,Liam,Davis,student2223@univ.edu,Male,24,Engineering,82.88,76.28,46.73,92.18,92.17,50.96,71.04,70.259,B
S2224,Liam,Davis,student2224@univ.edu,Male,23,CS,77.81,71.71,63.56,76.75,69.42,68.97,67.78,69.872,C
S2225,Sara,Brown,student2225@univ.edu,Male,20,Mathematics,84.48,83.41,53.88,75.76,92.71,68.24,76.72,73.013,B
S2226,John,Brown,student2226@univ.edu,Male,22,Engineering,56.58,44.58,49.53,68.45,94.2,63.66,75.6,59.864,D
S2227,Omar,Davis,student2227@univ.edu,Female,19,Engineering,96.12,75.0,40.56,99.01,54.73,96.4,98.79,71.803,B
S2228,Sara,Smith,student2228@univ.edu,Female,23,Mathematics,76.22,77.92,56.64,61.21,57.65,49.08,66.97,64.296,C
S2229,Liam,Johnson,student2229@univ.edu,Female,19,CS,65.35,99.35,84.71,53.77,81.58,53.31,84.35,79.142,B
S2230,Sara,Smith,student2230@univ.edu,Female,23,Engineering,94.92,63.86,62.5,60.38,76.71,60.74,86.4,69.419,C
S2231,John,Williams,student2231@univ.edu,Male,21,CS,60.13,93.76,72.68,55.2,52.77,72.19,94.61,73.197,B
S2232,Omar,Smith,student2232@univ.edu,Female,24,Mathematics,80.15,66.41,82.22,56.15,99.8,71.45,43.09,72.247,B
S2233,Maria,Williams,student2233@univ.edu,Female,19,Mathematics,84.89,43.1,58.56,72.23,91.74,77.84,68.56,65.434,C
S2234,Sara,Williams,student2234@univ.edu,Male,19,CS,72.38,95.55,63.8,78.71,73.55,70.8,78.32,76.022,B
S2235,Ahmed,Jones,student2235@univ.edu,Female,20,CS,66.45,91.75,56.34,99.84,76.2,59.39,57.53,73.216,B
S2236,Maria,Johnson,student2236@univ.edu,Male,18,Engineering,72.9,94.84,89.78,62.62,80.7,60.32,61.95,79.866,B
S2237,Maria,Jones,student2237@univ.edu,Male,25,Business,74.61,68.58,73.37,51.27,85.5,53.75,89.57,71.073,B
S2238,Ahmed,Jones,student2238@univ.edu,Female,22,Mathematics,71.61,97.1,52.91,51.96,77.95,54.25,68.22,67.578,C
S2239,John,Brown,student2239@univ.edu,Female,23,Business,84.96,79.21,79.99,68.24,89.35,99.83,63.55,78.852,B
S2240,Ahmed,Davis,student2240@univ.edu,Female,20,Business,94.96,78.26,79.08,76.71,89.06,89.69,63.58,80.127,B
S2241,Omar,Davis,student2241@univ.edu,Male,19,CS,72.26,81.47,43.03,85.53,66.38,87.06,56.74,65.924,C
S2242,Maria,Williams,student2242@univ.edu,Male,20,CS,81.14,51.81,67.41,71.95,98.09,95.44,95.1,73.583,B
S2243,Sara,Jones,student2243@univ.edu,Female,22,Mathematics,99.43,98.27,57.12,50.66,93.19,79.47,56.7,73.294,B
S2244,Emma,Brown,student2244@univ.edu,Male,24,CS,61.62,89.81,94.88,58.91,55.74,42.18,90.59,78.166,B
S2245,Emma,Jones,student2245@univ.edu,Male,19,Business,76.91,60.66,43.54,94.06,70.66,76.4,93.71,67.251,C
S2246,Emma,Davis,student2246@univ.edu,Female,21,CS,68.13,50.57,83.48,54.03,71.73,53.7,64.55,66.389,C
S2247,Sara,Williams,student2247@univ.edu,Female,24,Engineering,61.01,90.03,75.72,86.34,62.45,86.64,73.08,77.659,B
S2248,Sara,Brown,student2248@univ.edu,Male,18,CS,92.02,44.37,56.38,71.52,76.48,43.74,88.49,64.402,C
S2249,Ahmed,Davis,student2249@univ.edu,Female,20,CS,84.41,58.3,92.19,87.1,63.23,79.5,82.61,79.382,B
S2250,John,Johnson,student2250@univ.edu,Male,21,Mathematics,52.23,79.16,89.36,98.57,53.68,96.49,73.98,80.239,B
S2251,Ahmed,Williams,student2251@univ.edu,Male,24,Mathematics,97.89,88.71,44.65,75.5,75.88,94.22,90.56,73.606,B
S2252,Emma,Williams,student2252@univ.edu,Male,23,Mathematics,62.69,94.85,76.41,76.86,50.84,41.69,96.47,76.507,B
S2253,John,Jones,student2253@univ.edu,Male,24,Mathematics,70.45,59.3,47.78,95.89,81.89,44.99,74.24,65.485,C
S2254,John,Smith,student2254@univ.edu,Female,18,CS,80.45,98.46,59.94,55.78,98.94,64.46,83.96,75.599,B
S2255,Ali,Williams,student2255@univ.edu,Male,24,Mathematics,83.28,51.29,53.62,51.59,87.42,94.37,45.76,60.447,C
S2256,Omar,Davis,student2256@univ.edu,Male,21,CS,79.39,84.31,52.4,73.46,96.72,67.94,63.44,70.953,B
S2257,Liam,Jones,student2257@univ.edu,Female,23,CS,57.01,85.19,82.5,91.28,94.49,96.7,58.95,81.36,B
S2258,John,Williams,student2258@univ.edu,Male,25,Business,54.49,96.98,64.25,68.45,67.7,41.34,75.73,70.798,B
S2259,Sara,Williams,student2259@univ.edu,Female,24,Business,97.98,46.83,90.87,98.2,51.55,94.23,44.45,75.466,B
S2260,Ali,Johnson,student2260@univ.edu,Male,18,Business,75.7,89.22,78.07,68.94,77.31,55.12,83.47,78.01,B
S2261,Ali,Smith,student2261@univ.edu,Male,21,Engineering,61.49,51.06,97.85,97.38,53.84,82.64,54.21,75.26,B
S2262,Sara,Brown,student2262@univ.edu,Female,18,Engineering,95.27,45.56,56.28,67.23,90.53,59.13,60.81,63.698,C
S2263,Emma,Williams,student2263@univ.edu,Female,25,Business,64.53,57.12,60.96,77.14,66.86,53.05,95.25,66.6,C
S2264,Sara,Davis,student2264@univ.edu,Male,20,CS,77.07,71.5,70.6,71.93,55.27,79.04,45.73,68.028,C
S2265,Omar,Brown,student2265@univ.edu,Female,24,CS,60.47,54.95,85.1,63.5,60.73,43.23,43.49,64.675,C
S2266,Emma,Williams,student2266@univ.edu,Female,20,CS,90.38,69.8,71.98,71.91,52.95,44.03,81.84,71.059,B
S2267,Omar,Johnson,student2267@univ.edu,Male,21,CS,59.74,61.84,99.26,52.26,82.45,96.78,92.16,78.259,B
S2268,John,Johnson,student2268@univ.edu,Male,18,Mathematics,86.46,88.48,78.38,83.8,92.78,66.68,71.32,82.17,B
S2269,Sara,Smith,student2269@univ.edu,Male,19,Mathematics,85.05,70.95,98.45,50.13,56.63,87.69,63.08,76.105,B
S2270,Sara,Williams,student2270@univ.edu,Male,18,CS,62.9,58.84,77.16,77.66,59.0,83.86,63.72,69.32,C
S2271,John,Jones,student2271@univ.edu,Female,24,CS,85.51,59.27,68.21,73.88,92.33,73.38,87.76,73.628,B
S2272,John,Brown,student2272@univ.edu,Female,20,Engineering,77.1,72.1,42.26,58.3,55.32,50.76,68.58,58.481,D
S2273,Sara,Jones,student2273@univ.edu,Female,25,Engineering,81.08,70.05,53.27,63.26,65.56,60.16,45.89,61.741,C
S2274,Ahmed,Johnson,student2274@univ.edu,Male,20,Engineering,79.34,74.39,80.04,95.91,79.12,90.68,97.57,83.414,B
S2275,Sara,Johnson,student2275@univ.edu,Female,23,CS,73.63,94.22,81.28,67.27,90.31,53.75,51.15,77.515,B
S2276,Ahmed,Brown,student2276@univ.edu,Male,23,Mathematics,60.61,96.09,99.95,93.34,88.7,75.35,54.69,87.371,A
S2277,Maria,Brown,student2277@univ.edu,Female,21,Mathematics,93.35,83.36,82.41,78.26,75.61,84.67,40.57,78.321,B
S2278,Maria,Williams,student2278@univ.edu,Male,20,Engineering,70.46,54.12,91.02,82.48,61.44,46.19,53.43,71.344,B
S2279,Ali,Williams,student2279@univ.edu,Female,22,Mathematics,60.41,54.58,57.97,74.1,64.33,56.06,45.94,59.293,D
S2280,Liam,Davis,student2280@univ.edu,Female,18,Mathematics,84.34,45.42,85.77,82.6,75.91,46.85,51.77,70.749,B
S2281,Sara,Johnson,student2281@univ.edu,Male,18,Mathematics,87.07,79.0,75.26,55.56,86.79,89.05,45.49,73.1,B
S2282,Ahmed,Davis,student2282@univ.edu,Female,24,CS,95.3,90.86,69.99,88.6,63.99,65.32,44.14,76.068,B
S2283,Ali,Smith,student2283@univ.edu,Female,21,Mathematics,88.24,44.75,78.31,86.36,59.89,66.52,81.46,71.682,B
S2284,Maria,Brown,student2284@univ.edu,Male,23,Business,51.32,50.73,98.61,72.52,90.52,67.81,81.46,76.328,B
S2285,Ali,Brown,student2285@univ.edu,Female,21,CS,86.9,94.51,62.32,96.98,52.61,66.93,47.39,74.181,B
S2286,Omar,Johnson,student2286@univ.edu,Male,20,Mathematics,69.45,95.43,82.53,91.12,99.11,44.02,99.47,86.517,A
S2287,Emma,Williams,student2287@univ.edu,Female,19,Mathematics,83.64,51.12,92.05,58.99,77.45,42.35,76.14,72.528,B
S2288,Ali,Jones,student2288@univ.edu,Female,21,Engineering,88.11,51.62,58.27,60.52,53.91,66.98,49.45,59.379,D
S2289,Maria,Williams,student2289@univ.edu,Female,20,Mathematics,77.16,79.94,84.49,92.48,72.14,41.19,46.63,76.859,B
S2290,Emma,Smith,student2290@univ.edu,Male,25,Business,73.2,79.05,42.66,67.28,85.85,60.55,85.4,66.172,C
S2291,John,Johnson,student2291@univ.edu,Female,25,Engineering,54.13,87.85,75.49,53.98,51.02,82.61,84.73,71.432,B
S2292,Omar,Williams,student2292@univ.edu,Male,23,Business,62.14,78.11,80.66,77.57,81.28,72.95,90.5,78.495,B
S2293,Ali,Brown,student2293@univ.edu,Male,18,Engineering,91.65,46.1,41.3,97.38,71.96,72.6,46.24,60.832,C
S2294,Maria,Davis,student2294@univ.edu,Male,22,Business,89.66,83.3,42.23,84.8,87.38,40.01,40.43,65.796,C
S2295,John,Jones,student2295@univ.edu,Female,18,Engineering,71.24,95.83,97.81,63.52,62.55,82.76,94.2,84.974,B
S2296,Ali,Jones,student2296@univ.edu,Male,19,Engineering,73.89,46.79,95.3,82.37,94.92,61.37,45.25,74.778,B
S2297,Emma,Williams,student2297@univ.edu,Male,19,Mathematics,94.32,45.13,61.33,99.17,50.27,75.5,62.19,66.754,C
S2298,Sara,Johnson,student2298@univ.edu,Female,25,Mathematics,64.61,45.35,90.59,70.11,55.12,93.25,93.76,72.775,B
S2299,Sara,Williams,student2299@univ.edu,Male,21,Mathematics,98.52,95.59,84.59,65.39,99.36,41.27,85.38,84.693,B
S2300,Ahmed,Brown,student2300@univ.edu,Female,24,Mathematics,62.68,53.61,74.8,62.19,87.72,69.93,50.85,66.112,C
S2301,Maria,Williams,student2301@univ.edu,Female,22,Engineering,85.2,63.41,55.14,59.95,99.77,50.33,60.96,65.326,C
S2302,Maria,Johnson,student2302@univ.edu,Female,20,CS,79.73,83.0,95.84,93.62,56.15,59.68,68.56,82.823,B
S2303,John,Johnson,student2303@univ.edu,Female,24,Business,94.79,58.73,64.01,72.08,53.09,50.29,73.26,66.389,C
S2304,Ali,Williams,student2304@univ.edu,Female,25,CS,68.56,61.16,78.59,53.98,81.11,49.7,76.1,68.968,C
S2305,Ali,Davis,student2305@univ.edu,Male,24,Mathematics,74.39,98.87,99.59,77.61,60.64,69.34,77.99,86.061,A
S2306,Emma,Williams,student2306@univ.edu,Male,24,Mathematics,77.05,58.66,94.24,93.71,96.57,85.11,65.22,82.2,B
S2307,Ali,Williams,student2307@univ.edu,Male,21,Mathematics,55.11,70.55,82.2,93.29,85.03,83.09,87.83,79.715,B
S2308,Omar,Davis,student2308@univ.edu,Female,23,Engineering,71.61,66.87,85.62,91.28,83.59,70.46,64.13,78.208,B
S2309,Maria,Smith,student2309@univ.edu,Female,19,Engineering,68.74,60.82,60.13,53.52,86.05,65.55,59.44,62.931,C
S2310,Emma,Johnson,student2310@univ.edu,Female,18,Business,89.19,86.88,70.95,96.54,90.67,75.02,65.63,81.442,B
S2311,John,Jones,student2311@univ.edu,Female,23,CS,75.25,51.75,47.05,51.75,75.92,99.03,62.73,58.569,D
S2312,Ali,Jones,student2312@univ.edu,Female,25,Engineering,88.44,42.28,47.71,97.46,83.08,51.11,52.75,62.37,C
S2313,John,Jones,student2313@univ.edu,Male,23,Engineering,57.18,46.82,64.06,65.86,83.19,66.12,94.77,65.281,C
S2314,Omar,Brown,student2314@univ.edu,Female,21,CS,93.46,76.12,43.39,63.96,84.27,95.18,51.69,65.536,C
S2315,Ahmed,Johnson,student2315@univ.edu,Female,19,Mathematics,63.98,76.06,52.19,87.37,88.29,59.51,89.9,71.167,B
S2316,John,Brown,student2316@univ.edu,Male,22,Mathematics,59.95,49.23,91.41,57.72,75.4,64.62,58.05,68.498,C
S2317,Omar,Brown,student2317@univ.edu,Female,24,Business,79.67,61.25,41.68,78.34,70.37,96.11,86.47,64.962,C
S2318,Omar,Brown,student2318@univ.edu,Female,22,CS,57.92,67.24,62.11,60.57,65.31,43.11,68.19,62.464,C
S2319,Liam,Johnson,student2319@univ.edu,Female,19,Mathematics,84.54,41.87,66.01,65.03,70.23,58.08,93.86,65.698,C
S2320,Sara,Davis,student2320@univ.edu,Male,24,CS,50.73,78.32,58.09,97.54,91.57,49.61,72.5,71.683,B
S2321,Liam,Davis,student2321@univ.edu,Male,25,Mathematics,80.31,82.1,43.02,81.12,83.79,61.9,75.78,68.577,C
S2322,Emma,Brown,student2322@univ.edu,Female,19,CS,59.6,98.62,85.48,79.1,91.62,51.85,82.44,83.192,B
S2323,Ali,Smith,student2323@univ.edu,Female,20,Engineering,93.88,97.15,66.45,73.44,88.33,85.46,55.17,78.392,B
S2324,Omar,Williams,student2324@univ.edu,Female,24,Business,55.25,99.93,55.0,63.68,59.67,76.59,91.37,70.496,B
S2325,Ahmed,Brown,student2325@univ.edu,Female,25,Business,92.46,66.42,76.04,70.61,88.2,83.31,95.91,78.51,B
S2326,Ahmed,Jones,student2326@univ.edu,Male,18,Engineering,74.37,76.4,50.73,61.89,73.13,57.81,45.3,61.953,C
S2327,Omar,Brown,student2327@univ.edu,Female,19,Business,86.77,97.2,40.12,90.15,76.9,58.56,86.56,72.95,B
S2328,Ali,Williams,student2328@univ.edu,Female,24,Business,61.9,99.36,60.13,93.31,81.95,45.08,66.73,75.219,B
S2329,Ali,Williams,student2329@univ.edu,Female,22,Mathematics,63.73,83.77,56.39,84.04,97.0,78.57,74.07,73.686,B
S2330,Ali,Smith,student2330@univ.edu,Female,20,CS,68.55,54.28,61.88,63.23,91.13,81.89,56.11,64.578,C
S2331,Liam,Davis,student2331@univ.edu,Female,22,Engineering,87.3,49.25,80.58,91.85,59.38,51.89,72.24,72.288,B
S2332,John,Davis,student2332@univ.edu,Male,19,CS,52.04,50.69,78.73,58.09,91.56,70.52,73.81,67.737,C
S2333,Ali,Jones,student2333@univ.edu,Female,22,Business,62.57,48.24,93.54,81.09,80.54,91.53,52.24,73.985,B
S2334,Omar,Brown,student2334@univ.edu,Female,20,CS,55.56,54.52,73.9,53.8,96.0,83.07,70.74,67.528,C
S2335,Liam,Brown,student2335@univ.edu,Female,18,Business,86.0,67.8,73.12,64.51,88.22,80.17,45.06,71.109,B
S2336,Sara,Johnson,student2336@univ.edu,Female,22,Business,70.12,64.46,42.45,60.0,62.2,70.8,98.77,61.276,C
S2337,Sara,Smith,student2337@univ.edu,Female,23,CS,97.86,57.54,86.06,59.27,86.13,85.83,54.71,74.378,B
S2338,Maria,Davis,student2338@univ.edu,Male,19,Business,81.12,82.37,47.43,84.16,68.63,65.88,68.32,68.428,C
S2339,John,Brown,student2339@univ.edu,Female,21,Business,99.74,45.03,58.75,53.22,76.06,88.73,56.92,62.323,C
S2340,Liam,Brown,student2340@univ.edu,Female,22,Business,77.1,48.47,42.4,82.99,56.82,78.63,92.7,61.456,C
S2341,Ali,Davis,student2341@univ.edu,Male,21,Business,87.16,43.22,52.78,78.75,57.57,71.22,97.92,64.117,C
S2342,Omar,Johnson,student2342@univ.edu,Female,22,CS,86.64,74.73,99.94,95.69,92.2,67.01,65.61,87.077,A
S2343,Liam,Johnson,student2343@univ.edu,Female,25,Business,75.34,63.13,62.36,74.21,91.73,64.64,81.94,70.599,B
S2344,John,Davis,student2344@univ.edu,Male,18,Business,89.17,74.4,59.14,85.58,51.97,58.4,47.03,67.196,C
S2345,Ahmed,Williams,student2345@univ.edu,Male,25,Engineering,68.61,95.99,96.97,61.08,77.31,43.46,47.18,78.934,B
S2346,Liam,Brown,student2346@univ.edu,Male,22,Business,52.42,54.81,47.04,50.54,66.48,69.96,43.3,52.373,D
S2347,Liam,Jones,student2347@univ.edu,Female,23,Business,72.08,97.41,62.27,91.35,90.12,68.56,68.17,78.331,B
S2348,Ali,Williams,student2348@univ.edu,Male,24,Mathematics,96.84,55.54,90.92,72.77,60.5,73.59,87.25,77.438,B
S2349,Sara,Williams,student2349@univ.edu,Male,18,Engineering,87.03,83.04,89.03,87.15,83.52,88.35,67.02,84.564,B
S2350,Ali,Smith,student2350@univ.edu,Female,21,Business,93.26,96.24,79.91,60.47,76.94,54.45,66.4,78.674,B
S2351,Liam,Smith,student2351@univ.edu,Male,25,Mathematics,63.09,85.04,57.72,59.17,84.54,40.92,83.98,68.407,C
S2352,Ahmed,Brown,student2352@univ.edu,Female,21,Mathematics,97.06,99.66,59.54,97.28,62.03,77.95,86.52,80.844,B
S2353,Omar,Jones,student2353@univ.edu,Female,21,Business,82.34,46.21,64.24,90.41,86.87,50.01,99.07,71.404,B
S2354,John,Williams,student2354@univ.edu,Female,19,Engineering,86.69,62.92,75.93,90.54,95.3,98.37,66.54,78.715,B
S2355,Omar,Williams,student2355@univ.edu,Male,22,CS,83.13,66.12,87.14,66.85,57.39,46.5,51.34,70.904,B
S2356,Maria,Johnson,student2356@univ.edu,Female,19,CS,67.4,46.26,80.77,64.22,58.23,91.69,89.01,69.164,C
S2357,Sara,Johnson,student2357@univ.edu,Female,25,Mathematics,76.2,89.04,48.32,83.42,81.9,83.58,43.53,69.159,C
S2358,Sara,Davis,student2358@univ.edu,Male,22,Engineering,66.51,85.35,97.49,77.52,74.27,55.5,77.06,82.504,B
S2359,Sara,Jones,student2359@univ.edu,Female,24,CS,97.17,40.17,45.15,78.43,55.78,85.63,63.28,59.248,D
S2360,Sara,Brown,student2360@univ.edu,Female,19,Engineering,82.61,92.7,54.81,63.06,63.46,94.59,63.26,70.105,B
S2361,Emma,Jones,student2361@univ.edu,Female,20,Engineering,89.7,85.92,41.77,84.3,52.51,90.58,42.04,65.314,C
S2362,John,Davis,student2362@univ.edu,Female,20,Engineering,58.74,77.62,46.06,59.9,78.37,43.62,57.0,59.919,D
S2363,Emma,Jones,student2363@univ.edu,Female,19,Business,70.09,50.98,62.15,87.55,53.58,69.16,54.69,63.267,C
S2364,Ahmed,Brown,student2364@univ.edu,Female,18,CS,95.11,57.32,54.41,86.28,89.66,75.35,85.1,71.484,B
S2365,Emma,Jones,student2365@univ.edu,Male,19,CS,99.4,77.61,97.45,82.74,79.99,88.04,98.9,89.399,A
S2366,Sara,Williams,student2366@univ.edu,Male,23,Engineering,83.45,66.3,89.16,96.52,98.43,53.34,86.57,83.998,B
S2367,John,Williams,student2367@univ.edu,Female,20,Business,94.25,46.67,82.06,61.17,61.31,40.73,51.34,65.854,C
S2368,Liam,Smith,student2368@univ.edu,Male,25,CS,78.17,78.97,72.77,61.12,57.73,98.42,84.55,73.759,B
S2369,Ahmed,Jones,student2369@univ.edu,Female,24,Engineering,58.35,57.63,83.02,59.37,97.07,76.43,65.14,71.215,B
S2370,Maria,Brown,student2370@univ.edu,Male,25,Engineering,81.08,67.41,52.61,78.06,52.9,79.83,88.59,67.222,C
S2371,Liam,Brown,student2371@univ.edu,Female,24,CS,74.85,72.16,69.04,67.13,74.3,52.2,72.94,70.032,B
S2372,Emma,Johnson,student2372@univ.edu,Female,20,CS,98.52,55.18,55.71,50.59,56.82,74.34,91.83,63.771,C
S2373,Maria,Brown,student2373@univ.edu,Female,23,Mathematics,67.44,72.63,73.22,88.06,66.7,82.34,99.35,77.167,B
S2374,Ali,Brown,student2374@univ.edu,Male,24,Business,92.27,78.79,75.67,53.34,73.91,91.78,80.66,75.733,B
S2375,Omar,Williams,student2375@univ.edu,Female,22,CS,96.01,77.53,96.14,66.84,74.83,66.95,63.38,81.143,B
S2376,Liam,Smith,student2376@univ.edu,Male,21,Engineering,86.92,89.34,69.4,78.42,75.19,87.04,96.07,80.621,B
S2377,Ahmed,Smith,student2377@univ.edu,Female,23,Engineering,88.99,85.23,93.85,80.36,87.99,77.68,64.14,85.251,A
S2378,Maria,Davis,student2378@univ.edu,Female,21,Mathematics,80.01,81.71,49.06,72.01,56.86,61.2,65.67,65.175,C
S2379,Emma,Jones,student2379@univ.edu,Female,19,Engineering,95.97,58.99,82.79,88.43,53.52,90.39,89.08,78.276,B
S2380,Emma,Smith,student2380@univ.edu,Male,20,Engineering,82.43,54.97,75.48,65.74,98.34,82.36,63.79,72.073,B
S2381,Omar,Brown,student2381@univ.edu,Female,22,CS,61.36,95.18,73.95,86.76,82.64,77.63,46.48,77.165,B
S2382,John,Brown,student2382@univ.edu,Male,22,Mathematics,75.69,53.27,42.98,80.71,87.98,71.2,42.86,59.868,D
S2383,Ahmed,Davis,student2383@univ.edu,Female,22,Engineering,51.43,52.3,94.66,87.29,82.31,87.92,74.02,77.124,B
S2384,Omar,Williams,student2384@univ.edu,Female,23,Mathematics,70.29,58.7,90.03,61.15,54.88,84.0,90.9,73.729,B
S2385,Liam,Johnson,student2385@univ.edu,Female,21,Business,69.91,55.67,68.23,55.2,63.79,49.46,83.41,64.067,C
S2386,Ahmed,Smith,student2386@univ.edu,Male,25,Engineering,56.18,45.09,47.97,66.26,80.3,53.44,56.23,55.291,D
S2387,Sara,Jones,student2387@univ.edu,Male,25,Engineering,81.08,72.51,76.08,53.16,86.97,92.91,93.26,76.077,B
S2388,Sara,Brown,student2388@univ.edu,Female,18,Business,94.11,56.84,85.57,83.47,93.01,64.67,92.87,80.792,B
S2389,Omar,Jones,student2389@univ.edu,Female,19,Mathematics,99.79,79.43,59.78,88.85,78.64,43.12,92.26,76.373,B
S2390,Sara,Johnson,student2390@univ.edu,Male,25,CS,87.78,60.46,89.55,72.9,77.9,64.06,43.01,73.964,B
S2391,John,Brown,student2391@univ.edu,Female,23,Engineering,91.41,72.38,60.91,51.03,99.11,81.98,61.23,69.678,C
S2392,Ahmed,Brown,student2392@univ.edu,Female,20,CS,85.09,42.18,50.76,53.59,71.69,65.55,62.92,56.95,D
S2393,Ali,Smith,student2393@univ.edu,Female,24,CS,77.62,81.09,63.96,83.53,92.35,87.35,83.18,77.618,B
S2394,Ahmed,Johnson,student2394@univ.edu,Female,21,Mathematics,59.6,82.12,88.54,53.27,89.91,55.13,78.3,76.514,B
S2395,Maria,Smith,student2395@univ.edu,Male,20,Business,58.26,59.53,76.88,77.59,80.3,55.56,55.95,68.837,C
S2396,Maria,Jones,student2396@univ.edu,Male,23,Mathematics,69.15,50.17,42.63,68.26,89.85,52.85,61.6,57.764,D
S2397,Omar,Davis,student2397@univ.edu,Male,18,CS,84.6,75.77,69.7,93.71,52.39,80.62,49.84,72.835,B
S2398,John,Jones,student2398@univ.edu,Male,18,Business,98.62,89.05,94.86,98.12,57.62,67.92,84.66,88.472,A
S2399,Ali,Brown,student2399@univ.edu,Female,20,Engineering,97.16,51.65,82.28,62.63,66.97,48.42,76.95,70.938,B
S2400,Omar,Williams,student2400@univ.edu,Female,18,Business,90.78,62.3,74.46,90.17,67.48,73.8,59.36,73.775,B
S2401,Maria,Smith,student2401@univ.edu,Male,20,Business,52.25,44.18,76.76,96.09,63.98,77.41,85.89,70.36,B
S2402,Emma,Smith,student2402@univ.edu,Male,23,Business,86.65,73.95,62.92,80.12,76.67,59.28,49.35,69.915,C
S2403,Ahmed,Brown,student2403@univ.edu,Male,20,Business,83.34,90.7,64.79,82.02,77.09,89.73,41.46,74.556,B
S2404,Sara,Williams,student2404@univ.edu,Female,25,Engineering,65.82,88.84,87.39,50.18,83.79,74.71,47.65,74.974,B
S2405,Liam,Williams,student2405@univ.edu,Female,19,Business,53.19,57.98,91.46,94.09,92.23,72.3,44.04,75.708,B
S2406,Liam,Smith,student2406@univ.edu,Female,24,Engineering,84.72,58.89,83.31,66.48,95.49,81.85,49.14,73.77,B
S2407,Sara,Jones,student2407@univ.edu,Male,22,Mathematics,55.66,83.29,46.97,95.26,80.15,40.77,75.51,68.209,C
S2408,John,Brown,student2408@univ.edu,Female,20,Business,67.93,58.78,66.06,99.42,57.96,51.7,74.43,69.104,C
S2409,Omar,Davis,student2409@univ.edu,Female,18,Engineering,76.32,68.41,97.85,90.2,81.83,55.52,43.42,79.5,B
S2410,Emma,Brown,student2410@univ.edu,Female,24,Engineering,84.28,67.31,92.72,54.69,88.04,88.05,86.32,79.748,B
S2411,Sara,Jones,student2411@univ.edu,Male,19,Mathematics,96.08,86.76,45.82,92.43,61.07,73.08,49.49,69.281,C
S2412,Ali,Johnson,student2412@univ.edu,Female,25,CS,95.5,50.75,52.3,52.93,58.67,78.49,95.83,62.704,C
S2413,John,Davis,student2413@univ.edu,Male,18,Mathematics,82.03,77.12,60.44,90.35,91.4,57.21,70.75,74.387,B
S2414,Ali,Smith,student2414@univ.edu,Male,23,CS,74.9,77.6,64.72,88.21,94.14,43.3,80.72,75.309,B
S2415,Maria,Jones,student2415@univ.edu,Female,24,Business,74.94,70.53,66.19,51.58,94.75,66.18,88.38,70.816,B
S2416,Ahmed,Williams,student2416@univ.edu,Male,19,Engineering,69.39,57.78,50.67,79.76,73.06,91.52,75.23,65.065,C
S2417,Omar,Smith,student2417@univ.edu,Male,24,Engineering,93.33,76.54,70.57,84.35,66.89,90.24,67.56,76.421,B
S2418,John,Johnson,student2418@univ.edu,Female,20,Engineering,83.13,81.83,40.91,85.61,56.25,95.83,59.55,66.165,C
S2419,Omar,Smith,student2419@univ.edu,Male,25,Mathematics,52.28,70.8,51.78,82.99,55.77,44.25,95.57,64.717,C
S2420,Ahmed,Williams,student2420@univ.edu,Male,25,Business,80.74,57.66,58.75,63.68,65.34,45.36,98.94,65.479,C
S2421,Emma,Davis,student2421@univ.edu,Female,21,Business,74.65,64.81,94.49,69.9,91.9,92.07,60.66,79.118,B
S2422,Emma,Williams,student2422@univ.edu,Female,24,Mathematics,95.95,88.6,41.49,97.9,63.51,60.64,96.32,73.462,B
S2423,John,Williams,student2423@univ.edu,Female,25,Business,66.84,57.92,57.36,54.91,99.08,82.29,47.31,62.466,C
S2424,Emma,Brown,student2424@univ.edu,Female,20,Mathematics,55.45,48.61,73.98,89.95,81.53,99.17,85.1,72.575,B
S2425,Sara,Davis,student2425@univ.edu,Male,18,CS,61.52,97.22,61.68,87.33,66.67,45.94,95.31,75.695,B
S2426,Omar,Williams,student2426@univ.edu,Male,18,Engineering,78.75,74.23,50.68,80.56,71.87,49.39,54.52,65.117,C
S2427,Liam,Davis,student2427@univ.edu,Female,22,Mathematics,84.36,64.06,79.56,83.97,82.04,64.48,86.97,77.837,B
S2428,Ahmed,Jones,student2428@univ.edu,Female,18,Business,61.36,95.07,98.93,67.78,71.46,78.0,63.11,82.353,B
S2429,Maria,Davis,student2429@univ.edu,Female,21,Business,88.71,98.77,80.78,55.98,59.59,63.68,48.59,75.258,B
S2430,Ali,Jones,student2430@univ.edu,Male,24,CS,62.45,88.29,89.73,99.58,79.7,82.38,69.29,84.777,B
S2431,Sara,Davis,student2431@univ.edu,Female,25,CS,67.43,89.56,65.65,56.75,71.44,66.52,44.65,67.798,C
S2432,Omar,Brown,student2432@univ.edu,Female,18,Engineering,86.51,80.41,93.22,90.39,65.47,64.7,80.44,84.083,B
S2433,Ahmed,Jones,student2433@univ.edu,Female,22,Mathematics,65.31,54.99,93.76,61.9,96.8,59.83,49.72,72.586,B
S2434,Maria,Williams,student2434@univ.edu,Male,21,Business,84.2,73.25,71.16,76.65,88.25,56.65,44.87,72.06,B
S2435,Ahmed,Johnson,student2435@univ.edu,Male,19,CS,61.59,89.82,71.63,85.36,95.11,83.4,89.28,81.025,B
S2436,Omar,Brown,student2436@univ.edu,Male,22,Engineering,77.45,68.46,66.19,96.19,68.21,66.8,43.46,70.23,B
S2437,Omar,Williams,student2437@univ.edu,Female,20,Business,74.26,84.37,77.25,84.46,63.65,76.96,47.46,75.103,B
S2438,Ali,Davis,student2438@univ.edu,Female,19,Engineering,91.87,61.46,73.81,70.29,76.16,79.66,91.94,74.959,B
S2439,John,Brown,student2439@univ.edu,Male,25,CS,62.99,99.83,83.04,67.89,54.29,81.35,40.29,74.886,B
S2440,Ali,Smith,student2440@univ.edu,Female,22,Business,58.95,74.09,46.41,98.39,59.24,84.51,91.11,68.655,C
S2441,Emma,Jones,student2441@univ.edu,Female,19,Business,84.3,84.2,65.52,50.71,82.24,65.76,79.12,71.957,B
S2442,Ahmed,Davis,student2442@univ.edu,Male,19,CS,89.34,71.23,49.38,97.77,73.61,79.99,78.62,71.882,B
S2443,Sara,Williams,student2443@univ.edu,Female,25,Engineering,77.47,67.27,55.87,54.48,57.87,87.67,49.83,61.287,C
S2444,Emma,Davis,student2444@univ.edu,Male,21,Business,72.12,68.34,67.39,92.69,62.28,97.8,79.86,74.105,B
S2445,Omar,Davis,student2445@univ.edu,Female,20,Business,79.64,43.89,85.8,89.97,52.27,42.59,83.95,71.729,B
S2446,Emma,Jones,student2446@univ.edu,Male,24,CS,52.27,46.37,44.54,81.9,89.03,73.53,70.89,59.816,D
S2447,Maria,Jones,student2447@univ.edu,Female,21,Engineering,95.82,89.38,92.39,97.58,86.91,77.01,55.45,87.898,A
S2448,Emma,Johnson,student2448@univ.edu,Female,21,CS,71.66,96.58,53.63,92.54,82.51,91.9,43.52,73.65,B
S2449,Maria,Brown,student2449@univ.edu,Female,23,Business,74.42,47.88,44.06,65.6,98.57,88.1,98.42,64.18,C
S2450,Maria,Johnson,student2450@univ.edu,Male,25,Mathematics,90.62,64.35,50.16,63.19,75.05,74.1,65.57,64.225,C
S2451,John,Williams,student2451@univ.edu,Male,22,Business,55.14,58.93,75.23,75.55,61.3,65.98,53.46,65.977,C
S2452,Ahmed,Smith,student2452@univ.edu,Female,19,Engineering,96.6,85.33,96.49,58.89,75.58,42.38,48.81,79.064,B
S2453,Omar,Jones,student2453@univ.edu,Female,20,CS,51.3,53.31,83.26,55.01,83.35,88.27,95.88,71.358,B
S2454,Omar,Davis,student2454@univ.edu,Male,22,CS,60.59,81.68,76.61,51.73,62.3,40.69,59.06,67.308,C
S2455,Ahmed,Jones,student2455@univ.edu,Female,18,CS,93.63,71.87,66.19,84.72,51.68,95.34,98.64,76.101,B
S2456,Omar,Jones,student2456@univ.edu,Female,20,CS,64.17,44.94,92.91,61.02,67.43,65.42,48.04,67.249,C
S2457,Maria,Davis,student2457@univ.edu,Female,18,CS,83.48,67.27,52.83,60.63,50.06,63.93,76.83,62.631,C
S2458,Emma,Smith,student2458@univ.edu,Female,21,Business,92.79,42.62,40.84,78.23,73.92,72.1,76.97,60.484,C
S2459,Ahmed,Williams,student2459@univ.edu,Female,19,Mathematics,96.18,77.34,88.11,75.68,69.14,64.36,87.28,81.731,B
S2460,John,Davis,student2460@univ.edu,Male,25,Engineering,62.41,68.49,66.78,67.01,66.25,47.57,49.24,63.952,C
S2461,Maria,Johnson,student2461@univ.edu,Female,25,Business,54.62,82.12,95.61,59.31,65.18,77.02,53.89,75.224,B
S2462,Liam,Jones,student2462@univ.edu,Male,22,CS,65.72,94.78,44.97,54.37,92.96,54.18,49.62,64.141,C
S2463,Ahmed,Davis,student2463@univ.edu,Male,23,Mathematics,84.56,46.19,65.58,51.0,53.58,51.33,48.78,57.821,D
S2464,Ahmed,Brown,student2464@univ.edu,Male,19,CS,67.8,65.08,51.48,60.82,98.17,66.26,43.73,61.866,C
S2465,Maria,Davis,student2465@univ.edu,Male,24,Business,51.52,90.57,97.46,76.83,72.72,60.82,92.57,83.599,B
S2466,Emma,Smith,student2466@univ.edu,Male,24,Business,97.58,58.56,74.21,86.12,89.97,49.13,62.84,74.389,B
S2467,Ali,Smith,student2467@univ.edu,Female,18,Business,56.47,59.22,56.51,78.57,65.39,68.43,92.26,65.416,C
S2468,Emma,Williams,student2468@univ.edu,Female,25,CS,90.88,95.76,82.01,78.14,53.18,42.45,67.38,78.743,B
S2469,John,Williams,student2469@univ.edu,Male,25,CS,76.8,40.08,69.04,69.9,74.18,65.66,91.5,66.744,C
S2470,Ahmed,Williams,student2470@univ.edu,Female,24,CS,68.12,99.61,87.33,58.09,79.32,43.29,91.72,80.915,B
S2471,Sara,Davis,student2471@univ.edu,Male,22,CS,92.75,98.81,80.77,94.52,93.99,57.8,45.44,84.279,B
S2472,Omar,Jones,student2472@univ.edu,Female,23,Engineering,92.31,57.05,52.82,91.64,57.72,88.89,75.71,68.02,C
S2473,Sara,Jones,student2473@univ.edu,Male,20,Mathematics,67.15,63.93,53.9,83.52,58.99,80.46,71.57,65.278,C
S2474,Omar,Williams,student2474@univ.edu,Female,25,Engineering,82.36,52.84,70.55,79.28,57.66,98.1,61.46,68.678,C
S2475,Ali,Williams,student2475@univ.edu,Female,23,Mathematics,50.97,89.2,47.21,60.82,53.83,91.54,67.81,62.964,C
S2476,Emma,Johnson,student2476@univ.edu,Female,22,Engineering,85.75,84.13,59.79,85.59,72.02,54.73,81.87,74.302,B
S2477,Maria,Davis,student2477@univ.edu,Female,20,CS,57.89,97.04,68.04,50.94,85.57,86.72,58.14,71.957,B
S2478,John,Jones,student2478@univ.edu,Female,21,Mathematics,70.59,78.78,77.26,65.87,54.04,73.44,77.58,72.707,B
S2479,Liam,Davis,student2479@univ.edu,Female,22,Business,52.62,92.21,92.56,66.13,78.22,84.09,58.58,79.276,B
S2480,John,Davis,student2480@univ.edu,Female,23,Mathematics,77.71,64.57,90.42,94.98,96.28,80.59,42.9,80.006,B
S2481,Omar,Jones,student2481@univ.edu,Male,20,CS,72.85,63.06,78.34,94.72,77.08,77.44,65.19,75.706,B
S2482,Maria,Smith,student2482@univ.edu,Male,19,Engineering,90.79,72.22,52.83,98.22,68.46,59.18,93.14,73.224,B
S2483,Sara,Brown,student2483@univ.edu,Female,19,Business,98.51,87.62,44.41,83.15,65.16,41.25,82.6,70.009,B
S2484,Emma,Smith,student2484@univ.edu,Male,25,Engineering,64.46,59.1,76.14,68.3,55.57,70.81,83.82,68.832,C
S2485,Ahmed,Williams,student2485@univ.edu,Male,21,Engineering,63.75,74.35,81.72,92.54,90.06,52.04,93.64,80.614,B
S2486,Ahmed,Johnson,student2486@univ.edu,Female,25,Engineering,65.86,92.44,80.44,53.99,66.94,60.89,50.81,72.124,B
S2487,Maria,Davis,student2487@univ.edu,Male,24,Business,58.19,59.3,79.76,54.73,88.35,62.44,74.44,69.218,C
S2488,Emma,Smith,student2488@univ.edu,Female,20,CS,54.58,78.1,55.77,55.4,70.69,56.02,53.28,61.317,C
S2489,Ali,Smith,student2489@univ.edu,Female,21,CS,78.1,56.65,40.23,78.74,84.04,86.69,87.46,64.504,C
S2490,Ali,Johnson,student2490@univ.edu,Female,22,Business,63.47,76.87,83.39,71.88,57.37,41.56,72.53,72.588,B
S2491,Emma,Smith,student2491@univ.edu,Female,25,CS,63.76,95.17,70.89,65.69,84.05,55.59,41.64,71.879,B
S2492,Omar,Jones,student2492@univ.edu,Male,20,Mathematics,57.63,93.76,43.19,50.25,89.22,54.92,92.24,65.901,C
S2493,Ali,Williams,student2493@univ.edu,Female,25,Engineering,92.42,43.76,58.37,51.45,61.13,51.71,98.35,61.756,C
S2494,Liam,Brown,student2494@univ.edu,Male,22,Engineering,51.08,67.51,77.04,90.29,91.82,50.11,84.96,75.449,B
S2495,John,Jones,student2495@univ.edu,Female,19,CS,67.67,95.65,85.86,85.21,50.06,98.75,95.81,83.961,B
S2496,John,Jones,student2496@univ.edu,Female,18,Engineering,91.52,51.85,82.7,93.91,99.06,70.75,41.78,76.04,B
S2497,Emma,Jones,student2497@univ.edu,Female,21,Mathematics,92.88,45.37,73.42,81.78,66.38,60.35,85.84,70.894,B
S2498,Maria,Jones,student2498@univ.edu,Female,20,Business,62.28,43.77,47.48,52.8,77.6,50.81,44.76,51.922,D
S2499,Ali,Davis,student2499@univ.edu,Female,23,Mathematics,65.76,50.66,48.4,57.04,90.35,77.85,66.06,59.318,D
S2500,Emma,Williams,student2500@univ.edu,Female,24,CS,68.91,41.54,92.27,51.71,62.53,72.48,89.92,69.505,C
S2501,Ali,Williams,student2501@univ.edu,Female,18,Engineering,70.42,85.07,81.0,52.21,69.6,44.8,48.47,70.234,B
S2502,Ali,Williams,student2502@univ.edu,Female,18,Business,94.29,87.19,71.33,82.95,95.14,58.77,89.0,82.061,B
S2503,Emma,Davis,student2503@univ.edu,Female,23,Business,92.67,67.6,88.07,54.58,86.34,72.05,67.44,76.376,B
S2504,Ahmed,Brown,student2504@univ.edu,Male,24,Business,64.92,84.55,59.94,71.7,57.95,59.1,64.92,67.381,C
S2505,Liam,Johnson,student2505@univ.edu,Male,24,Business,65.59,55.56,57.4,89.04,84.92,64.8,41.36,64.115,C
S2506,Ali,Brown,student2506@univ.edu,Male,24,Engineering,99.73,51.45,44.71,83.75,52.4,64.64,73.17,62.028,C
S2507,Maria,Smith,student2507@univ.edu,Female,19,CS,55.3,67.3,50.91,76.11,86.71,58.44,76.58,64.93,C
S2508,Omar,Williams,student2508@univ.edu,Female,25,Mathematics,62.71,70.68,81.51,71.54,81.19,53.08,81.22,74.486,B
S2509,Omar,Davis,student2509@univ.edu,Female,18,Business,64.02,74.55,59.29,83.92,65.31,47.3,72.52,67.835,C
S2510,Sara,Davis,student2510@univ.edu,Female,24,Engineering,51.6,60.63,56.77,75.94,69.25,91.61,77.22,64.935,C
S2511,Sara,Brown,student2511@univ.edu,Male,21,Mathematics,92.2,41.98,59.81,54.77,98.1,99.95,53.32,63.914,C
S2512,Ahmed,Jones,student2512@univ.edu,Female,21,Business,50.79,88.82,71.66,87.39,76.46,92.36,86.92,78.405,B
S2513,Ahmed,Jones,student2513@univ.edu,Female,18,Engineering,57.55,92.05,93.27,88.12,65.11,43.86,94.34,83.502,B
S2514,Sara,Jones,student2514@univ.edu,Male,23,Engineering,86.19,65.7,57.26,58.71,97.22,86.8,55.48,67.353,C
S2515,Liam,Smith,student2515@univ.edu,Female,24,CS,94.65,84.74,77.31,92.72,78.68,64.35,99.56,84.556,B
S2516,Maria,Brown,student2516@univ.edu,Male,25,Mathematics,81.32,66.7,51.31,89.64,79.7,59.96,70.98,68.377,C
S2517,Liam,Johnson,student2517@univ.edu,Female,18,Mathematics,66.74,50.87,78.76,82.59,80.95,98.0,67.12,72.572,B
S2518,Omar,Johnson,student2518@univ.edu,Female,22,CS,54.27,49.84,40.43,55.73,80.42,75.95,93.57,57.08,D
S2519,Ahmed,Williams,student2519@univ.edu,Female,20,Business,76.18,82.09,95.84,64.0,67.59,98.4,89.93,83.06,B
S2520,Emma,Brown,student2520@univ.edu,Female,23,Business,80.68,82.8,52.56,66.22,83.83,70.24,40.93,66.317,C
S2521,Maria,Brown,student2521@univ.edu,Male,22,Engineering,82.78,96.78,95.87,51.21,67.32,67.9,40.71,78.274,B
S2522,Ali,Smith,student2522@univ.edu,Female,20,Engineering,52.28,98.2,73.91,51.91,88.92,88.98,58.17,73.986,B
S2523,Omar,Williams,student2523@univ.edu,Male,25,CS,58.47,83.29,89.98,80.16,77.64,73.57,60.08,78.974,B
S2524,Liam,Brown,student2524@univ.edu,Male,19,Business,88.45,41.75,53.41,55.52,96.13,70.08,87.25,63.388,C
S2525,Ahmed,Smith,student2525@univ.edu,Female,25,Mathematics,66.59,81.79,92.89,82.29,99.77,72.5,44.26,81.255,B
S2526,Ali,Davis,student2526@univ.edu,Female,20,Engineering,89.52,43.67,75.24,86.33,75.51,51.59,59.45,69.283,C
S2527,John,Brown,student2527@univ.edu,Male,18,Engineering,76.07,71.08,96.04,95.78,51.63,43.96,45.92,76.955,B
S2528,Emma,Jones,student2528@univ.edu,Female,25,Business,94.56,72.12,63.37,82.94,69.21,54.05,80.26,72.981,B
S2529,Omar,Davis,student2529@univ.edu,Female,24,Mathematics,60.61,68.1,99.55,95.81,56.07,84.78,69.53,80.716,B
S2530,Ahmed,Johnson,student2530@univ.edu,Female,25,Mathematics,51.2,65.68,40.36,52.88,96.07,92.7,76.11,60.149,C
S2531,Liam,Davis,student2531@univ.edu,Male,23,Business,71.37,65.9,62.22,52.14,85.66,42.67,50.92,62.596,C
S2532,Omar,Smith,student2532@univ.edu,Female,21,CS,61.46,53.89,62.01,51.36,89.42,46.8,77.96,62.309,C
S2533,Ali,Smith,student2533@univ.edu,Male,24,Mathematics,63.6,55.43,53.45,65.59,77.55,44.64,89.71,62.278,C
S2534,Ahmed,Smith,student2534@univ.edu,Female,20,Mathematics,61.94,88.88,47.07,84.98,63.77,85.67,45.35,66.034,C
S2535,Maria,Jones,student2535@univ.edu,Female,20,Engineering,53.6,77.06,78.79,76.19,61.94,41.24,86.68,72.762,B
S2536,Omar,Brown,student2536@univ.edu,Male,21,Mathematics,82.6,54.83,71.51,88.78,84.02,51.44,72.71,72.241,B
S2537,Ali,Smith,student2537@univ.edu,Male,22,CS,94.47,78.4,58.81,69.23,97.03,47.37,72.13,72.439,B
S2538,Maria,Jones,student2538@univ.edu,Female,18,Business,85.22,78.23,53.98,67.54,99.35,88.14,97.81,74.616,B
S2539,Emma,Johnson,student2539@univ.edu,Female,24,CS,93.87,59.66,58.81,94.86,59.07,73.34,84.79,71.244,B
S2540,Omar,Davis,student2540@univ.edu,Male,20,CS,65.37,49.0,58.07,80.88,69.34,46.83,69.97,62.162,C
S2541,John,Brown,student2541@univ.edu,Male,19,Engineering,87.06,76.83,87.67,89.14,58.47,47.74,66.9,78.668,B
S2542,Sara,Davis,student2542@univ.edu,Male,22,Business,72.94,92.45,58.74,88.72,79.86,76.25,45.44,73.056,B
S2543,Sara,Brown,student2543@univ.edu,Male,21,CS,57.28,84.55,99.46,66.79,69.96,43.13,66.15,78.262,B
S2544,Ahmed,Jones,student2544@univ.edu,Male,22,Business,95.73,80.23,73.41,69.13,68.64,92.85,67.08,76.226,B
S2545,Ahmed,Smith,student2545@univ.edu,Female,21,Engineering,82.43,45.91,99.28,81.99,69.07,83.83,83.81,78.987,B
S2546,Ahmed,Davis,student2546@univ.edu,Female,25,Business,82.48,63.49,66.0,87.99,86.41,79.44,91.49,75.707,B
S2547,Ali,Davis,student2547@univ.edu,Female,21,Engineering,60.41,59.06,65.82,56.55,99.24,77.3,56.39,65.51,C
S2548,Ali,Johnson,student2548@univ.edu,Female,20,Business,70.54,44.61,43.26,73.63,67.62,65.78,84.88,58.538,D
S2549,Sara,Jones,student2549@univ.edu,Male,19,Business,78.93,48.09,81.33,85.6,95.61,63.92,71.41,74.648,B
S2550,Ali,Smith,student2550@univ.edu,Female,19,Mathematics,85.9,72.61,86.3,74.42,77.15,89.17,55.05,77.843,B
S2551,Emma,Johnson,student2551@univ.edu,Female,25,CS,70.83,96.57,77.14,91.94,81.58,72.24,74.38,82.538,B
S2552,John,Johnson,student2552@univ.edu,Male,20,Mathematics,84.52,85.15,50.84,69.17,68.37,46.46,71.79,67.449,C
S2553,Liam,Davis,student2553@univ.edu,Male,21,Mathematics,96.77,98.05,87.28,87.53,95.61,86.64,42.66,86.76,A
S2554,Emma,Smith,student2554@univ.edu,Male,23,Engineering,88.27,43.05,46.74,60.53,65.12,88.79,72.43,58.733,D
S2555,Liam,Johnson,student2555@univ.edu,Male,24,Business,89.13,99.64,73.02,73.68,59.3,84.8,89.57,80.926,B
S2556,Omar,Davis,student2556@univ.edu,Female,23,CS,87.28,63.49,99.12,59.06,82.25,79.12,44.52,76.654,B
S2557,Maria,Williams,student2557@univ.edu,Female,22,Mathematics,61.82,65.67,90.44,88.27,74.87,44.69,71.34,76.544,B
S2558,Liam,Jones,student2558@univ.edu,Male,19,Mathematics,72.36,61.88,72.38,95.14,83.41,76.93,63.81,74.166,B
S2559,Liam,Williams,student2559@univ.edu,Male,18,Mathematics,55.49,93.51,71.7,50.41,76.36,45.41,90.91,72.32,B
S2560,Omar,Davis,student2560@univ.edu,Female,23,CS,92.8,63.84,82.81,77.84,76.67,42.12,59.78,74.318,B
S2561,Emma,Johnson,student2561@univ.edu,Female,25,Engineering,77.18,66.45,71.01,85.89,58.14,42.83,54.51,68.601,C
S2562,Sara,Davis,student2562@univ.edu,Female,18,Mathematics,65.1,76.91,97.5,73.3,84.0,62.91,63.02,79.984,B
S2563,Maria,Davis,student2563@univ.edu,Female,18,CS,52.8,89.21,96.36,72.69,63.63,70.98,83.68,81.214,B
S2564,Ahmed,Davis,student2564@univ.edu,Male,23,Business,95.44,69.2,90.33,53.9,69.82,69.85,64.59,75.502,B
S2565,John,Davis,student2565@univ.edu,Male,24,Business,61.61,50.83,90.94,90.43,75.82,47.79,58.27,72.972,B
S2566,Liam,Jones,student2566@univ.edu,Male,20,CS,69.62,75.34,53.08,57.57,57.61,95.79,52.98,62.438,C
S2567,Omar,Brown,student2567@univ.edu,Female,21,Engineering,59.81,99.62,56.25,93.72,53.21,74.08,86.12,74.475,B
S2568,Omar,Smith,student2568@univ.edu,Male,21,Mathematics,69.97,85.85,60.42,51.83,56.65,92.53,42.67,64.626,C
S2569,Liam,Brown,student2569@univ.edu,Male,21,Mathematics,92.61,51.36,55.07,61.05,86.08,69.87,72.48,64.561,C
S2570,Ali,Brown,student2570@univ.edu,Female,24,CS,57.34,94.25,48.36,65.16,93.51,65.76,92.89,70.794,B
S2571,Maria,Davis,student2571@univ.edu,Female,23,Business,76.73,80.12,60.76,59.14,67.18,88.22,77.19,69.644,C
S2572,Maria,Jones,student2572@univ.edu,Male,23,CS,86.7,71.09,42.6,91.19,83.33,64.65,43.04,65.216,C
S2573,Ali,Smith,student2573@univ.edu,Female,21,Engineering,51.48,48.78,46.56,93.5,55.51,63.48,68.21,58.443,D
S2574,Maria,Smith,student2574@univ.edu,Male,19,Business,84.91,84.56,90.81,96.28,85.76,54.87,70.17,85.424,A
S2575,Omar,Jones,student2575@univ.edu,Male,25,Engineering,73.83,68.1,74.18,94.41,56.17,80.32,93.57,76.409,B
S2576,Maria,Johnson,student2576@univ.edu,Male,18,Business,57.5,66.6,55.83,67.9,59.49,94.59,78.93,64.576,C
S2577,Sara,Davis,student2577@univ.edu,Male,19,Engineering,60.38,69.32,70.08,70.32,58.74,59.8,71.44,67.482,C
S2578,Liam,Smith,student2578@univ.edu,Female,20,CS,66.05,98.02,82.52,70.76,97.14,60.54,42.13,78.533,B
S2579,Maria,Williams,student2579@univ.edu,Male,22,Engineering,88.44,74.0,76.58,76.13,74.97,99.42,43.74,74.879,B
S2580,John,Smith,student2580@univ.edu,Female,18,Engineering,53.98,55.31,57.28,77.78,59.3,86.26,84.41,63.995,C
S2581,John,Jones,student2581@univ.edu,Male,25,Mathematics,83.42,66.65,49.31,98.56,58.42,92.52,45.99,66.316,C
S2582,Ali,Davis,student2582@univ.edu,Male,24,CS,56.68,74.58,62.88,90.13,56.59,60.33,57.38,67.381,C
S2583,Ahmed,Jones,student2583@univ.edu,Female,25,Engineering,71.92,52.52,74.48,62.23,56.03,72.16,53.02,63.888,C
S2584,John,Smith,student2584@univ.edu,Female,22,Business,96.97,98.88,52.54,76.77,77.42,79.17,56.27,74.078,B
S2585,Liam,Brown,student2585@univ.edu,Male,24,CS,50.55,62.87,66.99,71.84,78.43,73.6,87.43,68.768,C
S2586,Ali,Jones,student2586@univ.edu,Male,20,CS,98.89,82.19,77.38,81.57,86.32,43.93,68.24,79.429,B
S2587,Omar,Johnson,student2587@univ.edu,Female,21,Engineering,80.84,70.73,69.53,53.2,79.99,76.05,91.3,72.001,B
S2588,Omar,Davis,student2588@univ.edu,Female,25,Mathematics,79.62,59.71,93.28,58.53,92.74,94.77,71.77,77.857,B
S2589,John,Johnson,student2589@univ.edu,Male,25,Mathematics,55.54,41.29,71.21,71.32,60.53,75.25,52.41,60.93,C
S2590,Liam,Davis,student2590@univ.edu,Female,18,Mathematics,68.69,63.83,72.26,58.48,55.58,67.83,64.2,65.454,C
S2591,Emma,Jones,student2591@univ.edu,Female,19,Business,72.23,90.7,91.85,90.74,77.03,75.61,59.85,83.998,B
S2592,Ali,Smith,student2592@univ.edu,Female,24,Mathematics,69.62,50.33,83.27,82.77,90.93,98.58,65.04,74.951,B
S2593,John,Johnson,student2593@univ.edu,Male,19,Business,63.3,85.51,42.95,75.55,63.73,49.74,62.49,62.759,C
S2594,Sara,Jones,student2594@univ.edu,Male,24,Engineering,94.75,91.31,83.24,80.64,93.79,44.9,42.92,80.721,B
S2595,Emma,Jones,student2595@univ.edu,Female,23,CS,88.79,82.21,51.35,72.3,72.95,97.05,56.9,69.409,C
S2596,Emma,Jones,student2596@univ.edu,Male,23,Mathematics,95.62,92.4,84.69,57.05,83.13,74.18,53.2,79.349,B
S2597,Maria,Smith,student2597@univ.edu,Female,21,Business,75.81,76.8,78.14,72.44,89.47,90.58,71.16,77.841,B
S2598,Ali,Williams,student2598@univ.edu,Male,25,Mathematics,86.87,65.27,65.6,86.56,91.23,67.24,52.03,72.093,B
S2599,John,Brown,student2599@univ.edu,Male,20,Engineering,80.94,73.52,50.96,98.66,83.9,65.74,97.5,74.312,B
S2600,Omar,Davis,student2600@univ.edu,Male,25,CS,58.52,70.04,51.34,72.53,76.17,69.63,82.5,65.49,C
S2601,Liam,Jones,student2601@univ.edu,Male,18,CS,62.2,83.27,83.34,70.3,84.35,52.87,59.6,75.46,B
S2602,Sara,Johnson,student2602@univ.edu,Female,21,CS,58.46,92.84,46.32,72.46,82.63,62.98,97.32,70.323,B
S2603,Ahmed,Brown,student2603@univ.edu,Female,23,CS,57.4,47.55,76.6,87.79,79.21,56.3,41.64,66.298,C
S2604,Liam,Smith,student2604@univ.edu,Male,21,CS,99.58,53.14,72.6,84.88,79.25,48.58,57.12,71.164,B
S2605,John,Johnson,student2605@univ.edu,Female,21,Engineering,74.15,62.54,56.55,51.8,94.74,83.38,58.24,64.125,C
S2606,Ali,Brown,student2606@univ.edu,Female,20,Business,73.7,69.76,81.71,61.47,67.88,67.6,58.79,71.103,B
S2607,Omar,Williams,student2607@univ.edu,Male,24,Engineering,50.25,44.97,94.02,89.13,79.18,80.66,43.83,71.928,B
S2608,Liam,Johnson,student2608@univ.edu,Female,19,Mathematics,68.67,85.74,81.57,67.22,88.19,66.32,67.64,77.468,B
S2609,John,Johnson,student2609@univ.edu,Male,22,Mathematics,84.93,60.9,66.27,53.39,93.32,84.25,66.64,68.771,C
S2610,Maria,Davis,student2610@univ.edu,Male,22,Engineering,73.85,46.52,58.89,65.37,80.08,41.78,43.0,58.558,D
S2611,John,Smith,student2611@univ.edu,Male,19,Business,61.55,45.58,53.63,60.46,52.96,62.42,56.19,54.465,D
S2612,Omar,Jones,student2612@univ.edu,Male,23,Engineering,81.91,74.13,49.37,71.21,67.85,58.94,72.28,65.469,C
S2613,Emma,Smith,student2613@univ.edu,Female,24,CS,95.32,51.78,90.88,78.05,84.65,81.02,80.04,79.38,B
S2614,Emma,Brown,student2614@univ.edu,Female,20,Mathematics,93.52,55.39,52.92,70.53,93.74,97.31,43.29,65.454,C
S2615,Maria,Williams,student2615@univ.edu,Female,24,CS,85.67,92.01,96.46,79.79,86.22,60.68,62.95,85.827,A
S2616,Ali,Johnson,student2616@univ.edu,Female,18,CS,82.4,98.69,41.79,86.67,85.34,45.12,73.47,71.652,B
S2617,Liam,Davis,student2617@univ.edu,Female,19,CS,74.73,61.25,43.38,60.3,54.82,47.0,80.69,57.683,D
S2618,John,Brown,student2618@univ.edu,Male,24,Engineering,63.07,90.93,58.13,77.92,72.9,71.18,58.77,70.346,B
S2619,Ali,Smith,student2619@univ.edu,Male,20,Mathematics,91.27,73.0,81.4,83.37,79.98,98.79,42.72,77.862,B
S2620,John,Smith,student2620@univ.edu,Female,18,Business,55.53,98.08,82.81,53.76,65.25,41.54,40.97,70.775,B
S2621,Omar,Jones,student2621@univ.edu,Female,22,Engineering,98.14,59.05,69.98,83.25,66.84,86.66,40.67,70.19,B
S2622,Ahmed,Smith,student2622@univ.edu,Male,23,CS,68.43,47.35,67.25,62.11,86.55,94.49,93.63,68.547,C
S2623,John,Williams,student2623@univ.edu,Male,25,CS,95.8,76.72,45.24,60.73,66.49,93.03,83.97,67.303,C
S2624,Ahmed,Johnson,student2624@univ.edu,Female,21,Engineering,89.58,53.88,44.66,91.76,92.23,46.46,42.84,62.726,C
S2625,John,Jones,student2625@univ.edu,Male,18,CS,77.73,47.24,86.33,90.44,60.15,67.97,91.51,75.25,B
S2626,Liam,Jones,student2626@univ.edu,Female,21,CS,79.87,60.53,69.0,92.03,95.58,41.45,77.61,73.989,B
S2627,Ahmed,Jones,student2627@univ.edu,Male,18,Business,55.36,90.53,70.66,63.22,52.03,41.27,88.14,70.404,B
S2628,John,Jones,student2628@univ.edu,Female,19,Mathematics,95.63,72.19,51.29,78.51,75.06,67.06,96.73,71.697,B
S2629,Omar,Johnson,student2629@univ.edu,Male,23,Business,66.71,82.26,62.88,77.38,63.77,56.63,59.45,68.748,C
S2630,Ahmed,Brown,student2630@univ.edu,Male,20,Engineering,51.4,76.38,98.69,80.01,75.52,96.13,87.01,83.084,B
S2631,Maria,Smith,student2631@univ.edu,Male,19,Business,69.05,61.93,77.33,95.82,93.35,63.88,85.64,77.956,B
S2632,Emma,Brown,student2632@univ.edu,Female,18,Engineering,72.93,48.33,81.32,67.04,58.46,56.06,99.09,69.969,C
S2633,Emma,Davis,student2633@univ.edu,Male,21,Engineering,76.33,77.62,67.57,95.78,70.13,71.59,91.74,77.561,B
S2634,Ahmed,Smith,student2634@univ.edu,Female,25,Mathematics,66.36,53.85,97.26,58.09,82.79,41.89,96.48,75.319,B
S2635,Emma,Johnson,student2635@univ.edu,Female,20,Business,96.35,95.23,61.06,74.01,84.31,57.13,85.66,77.954,B
S2636,Ali,Davis,student2636@univ.edu,Male,22,Mathematics,65.82,92.9,53.25,93.95,73.96,46.08,93.37,74.267,B
S2637,Liam,Williams,student2637@univ.edu,Male,20,Business,65.8,49.87,87.36,53.12,54.65,60.02,62.29,65.425,C
S2638,Liam,Davis,student2638@univ.edu,Male,20,Mathematics,53.03,51.65,64.37,99.01,73.6,64.22,69.15,67.282,C
S2639,Maria,Davis,student2639@univ.edu,Female,18,CS,94.43,83.31,50.52,52.99,91.75,92.65,95.93,72.61,B
S2640,Liam,Johnson,student2640@univ.edu,Male,20,Engineering,65.92,74.75,88.25,85.2,72.81,79.47,67.51,78.803,B
S2641,John,Davis,student2641@univ.edu,Female,20,Mathematics,76.22,45.8,43.28,66.11,87.25,60.27,96.68,61.089,C
S2642,Liam,Jones,student2642@univ.edu,Male,19,Business,51.48,93.96,98.62,59.41,78.49,43.15,65.53,78.997,B
S2643,Ali,Davis,student2643@univ.edu,Male,24,CS,64.23,53.77,61.99,90.71,90.97,42.98,42.34,64.861,C
S2644,Emma,Johnson,student2644@univ.edu,Female,23,CS,72.48,41.32,63.0,73.88,84.4,66.79,82.61,65.534,C
S2645,Liam,Davis,student2645@univ.edu,Male,19,Mathematics,91.54,85.13,76.8,70.49,91.2,97.87,80.8,81.887,B
S2646,Maria,Williams,student2646@univ.edu,Male,22,Mathematics,89.8,88.61,82.64,60.63,60.8,88.21,44.67,75.546,B
S2647,Omar,Williams,student2647@univ.edu,Female,25,Engineering,88.45,64.29,40.09,62.17,82.95,73.07,62.37,61.241,C
S2648,Ahmed,Davis,student2648@univ.edu,Female,19,Business,87.59,80.0,86.7,90.69,87.98,94.1,81.98,86.073,A
S2649,Ali,Jones,student2649@univ.edu,Female,20,Mathematics,62.64,45.3,48.35,51.71,74.84,72.02,99.9,58.661,D
S2650,Liam,Smith,student2650@univ.edu,Female,20,Engineering,98.03,90.5,90.93,71.48,81.52,40.6,83.65,84.451,B
S2651,Omar,Johnson,student2651@univ.edu,Female,23,Business,80.87,80.42,81.82,62.76,72.37,63.75,95.89,78.144,B
S2652,Ali,Jones,student2652@univ.edu,Female,18,Engineering,52.84,68.84,54.25,76.53,63.13,99.59,51.29,63.228,C
S2653,John,Davis,student2653@univ.edu,Female,23,Business,71.91,96.8,60.37,60.01,62.89,56.72,42.45,67.033,C
S2654,Omar,Williams,student2654@univ.edu,Male,22,Mathematics,95.14,84.2,75.07,63.17,78.86,57.65,52.58,74.377,B
S2655,Emma,Davis,student2655@univ.edu,Female,25,Mathematics,58.45,47.18,46.22,96.09,71.64,88.91,94.51,64.621,C
S2656,Liam,Jones,student2656@univ.edu,Female,23,Engineering,88.34,83.59,63.65,59.53,82.66,71.15,91.97,74.597,B
S2657,Sara,Brown,student2657@univ.edu,Male,23,Business,55.83,84.85,77.82,70.48,78.77,54.99,53.26,72.423,B
S2658,Emma,Williams,student2658@univ.edu,Male,24,Mathematics,70.76,79.34,83.12,62.66,67.18,67.26,58.97,73.257,B
S2659,Sara,Williams,student2659@univ.edu,Male,18,Mathematics,87.23,89.1,97.67,88.86,70.74,84.89,74.6,87.951,A
S2660,Ahmed,Johnson,student2660@univ.edu,Female,25,CS,99.39,81.34,96.05,67.24,92.8,45.8,97.47,86.425,A
S2661,Ali,Brown,student2661@univ.edu,Female,18,Engineering,58.16,93.4,61.96,68.09,81.82,83.79,54.96,71.165,B
S2662,Emma,Williams,student2662@univ.edu,Male,22,Mathematics,88.65,78.42,81.96,74.45,65.9,86.95,47.12,75.954,B
S2663,Liam,Williams,student2663@univ.edu,Female,24,CS,76.13,51.74,77.65,73.72,53.32,47.67,72.37,67.266,C
S2664,Ahmed,Brown,student2664@univ.edu,Female,21,Engineering,55.94,76.99,52.61,80.9,71.84,90.32,48.63,65.473,C
S2665,Sara,Brown,student2665@univ.edu,Female,18,Business,67.95,63.04,72.07,62.62,76.7,62.0,76.82,68.869,C
S2666,John,Johnson,student2666@univ.edu,Male,23,CS,96.41,40.62,50.23,93.21,78.42,46.71,78.97,64.89,C
S2667,Ahmed,Williams,student2667@univ.edu,Male,20,Business,88.82,93.65,63.51,51.7,53.28,63.05,44.92,67.393,C
S2668,Liam,Jones,student2668@univ.edu,Male,18,Business,79.03,58.81,69.69,64.84,69.66,49.95,48.71,64.633,C
S2669,Liam,Williams,student2669@univ.edu,Male,22,Mathematics,65.48,77.49,51.76,80.68,57.64,80.54,83.2,67.787,C
S2670,Ali,Williams,student2670@univ.edu,Female,18,CS,59.8,72.54,50.77,50.7,69.03,75.19,71.07,61.093,C
S2671,Omar,Brown,student2671@univ.edu,Male,20,Business,83.25,52.68,85.18,93.58,98.34,68.04,51.64,76.852,B
S2672,Ahmed,Davis,student2672@univ.edu,Male,20,Engineering,82.75,65.4,50.91,98.13,88.73,64.12,91.35,72.562,B
S2673,Emma,Williams,student2673@univ.edu,Male,21,Engineering,81.59,86.66,98.02,75.85,98.93,44.02,88.05,87.173,A
S2674,Liam,Davis,student2674@univ.edu,Female,21,Engineering,65.76,84.65,40.32,78.58,91.66,96.67,99.84,71.373,B
S2675,Sara,Davis,student2675@univ.edu,Female,21,CS,73.97,50.75,42.12,84.43,86.54,62.76,83.36,62.975,C
S2676,Sara,Brown,student2676@univ.edu,Male,24,Business,93.18,90.43,67.27,89.88,51.27,89.73,42.99,74.98,B
S2677,Ali,Johnson,student2677@univ.edu,Male,22,Mathematics,94.55,92.19,81.94,79.9,57.28,66.81,93.89,82.917,B
S2678,Maria,Johnson,student2678@univ.edu,Female,18,CS,66.33,62.5,90.27,56.44,98.27,46.18,87.6,75.576,B
S2679,Emma,Brown,student2679@univ.edu,Female,20,CS,94.73,60.52,73.53,76.99,52.22,91.88,72.21,72.222,B
S2680,Ali,Williams,student2680@univ.edu,Male,24,CS,93.47,77.21,81.69,70.4,91.91,68.61,84.91,80.968,B
S2681,John,Johnson,student2681@univ.edu,Male,20,Business,72.34,56.87,45.4,68.93,72.2,53.1,66.64,59.107,D
S2682,John,Brown,student2682@univ.edu,Female,20,Engineering,69.8,98.73,93.68,68.63,90.77,44.01,95.9,85.992,A
S2683,Omar,Jones,student2683@univ.edu,Male,22,Business,93.62,79.87,86.95,96.24,77.38,80.13,48.26,82.428,B
S2684,John,Brown,student2684@univ.edu,Female,22,Business,56.46,55.46,98.0,71.17,87.08,43.59,43.64,72.065,B
S2685,Emma,Williams,student2685@univ.edu,Male,22,Business,52.68,95.7,62.75,59.81,71.68,41.04,75.03,68.928,C
S2686,Sara,Williams,student2686@univ.edu,Male,19,Business,50.11,83.29,61.78,52.74,65.96,92.83,45.78,63.93,C
S2687,John,Williams,student2687@univ.edu,Female,18,Business,84.55,73.65,54.63,75.95,84.94,45.41,66.48,68.379,C
S2688,Emma,Williams,student2688@univ.edu,Female,18,Mathematics,57.96,85.44,87.81,84.79,89.9,55.5,78.94,81.605,B
S2689,Maria,Jones,student2689@univ.edu,Female,20,Mathematics,65.64,91.52,64.49,71.69,59.05,99.03,66.99,72.524,B
S2690,Maria,Smith,student2690@univ.edu,Male,21,Business,92.56,89.26,89.45,53.51,75.21,41.29,75.52,79.107,B
S2691,Ali,Jones,student2691@univ.edu,Female,21,CS,51.23,41.29,84.98,91.77,89.47,81.27,97.91,75.442,B
S2692,Ahmed,Brown,student2692@univ.edu,Female,22,CS,60.89,81.78,70.89,67.54,82.19,77.68,48.73,70.819,B
S2693,Sara,Johnson,student2693@univ.edu,Female,25,Mathematics,81.55,89.76,72.98,76.42,89.14,91.0,45.8,77.508,B
S2694,Ahmed,Williams,student2694@univ.edu,Female,20,Engineering,71.05,88.89,42.67,85.37,87.85,88.16,62.87,69.97,C
S2695,John,Jones,student2695@univ.edu,Female,23,Business,71.21,95.77,95.97,75.11,78.23,58.36,71.68,84.242,B
S2696,Ahmed,Johnson,student2696@univ.edu,Male,20,Mathematics,80.82,68.68,57.84,76.7,78.98,55.08,53.98,66.725,C
S2697,Ali,Johnson,student2697@univ.edu,Male,19,Business,50.77,42.92,97.6,97.69,64.4,52.74,54.38,72.11,B
S2698,Omar,Davis,student2698@univ.edu,Female,21,Business,68.13,87.97,52.29,65.86,61.55,86.89,56.53,66.126,C
S2699,Maria,Jones,student2699@univ.edu,Female,23,Mathematics,96.03,90.25,57.72,88.66,61.2,49.12,77.63,74.607,B
S2700,Emma,Davis,student2700@univ.edu,Male,18,CS,76.2,61.02,86.67,58.66,71.54,99.85,71.73,73.944,B
S2701,Emma,Williams,student2701@univ.edu,Female,25,Engineering,83.88,81.61,47.16,61.63,56.49,63.5,57.49,62.675,C
S2702,Liam,Smith,student2702@univ.edu,Male,24,Mathematics,62.06,75.12,85.63,90.37,52.68,50.46,74.44,75.71,B
S2703,Ali,Brown,student2703@univ.edu,Male,22,Engineering,54.66,72.47,87.56,50.01,77.16,49.4,94.8,73.395,B
S2704,Liam,Williams,student2704@univ.edu,Female,21,CS,95.2,40.06,86.32,82.64,90.35,92.39,47.1,74.188,B
S2705,Ali,Davis,student2705@univ.edu,Female,18,Mathematics,79.97,43.7,86.86,66.72,93.21,56.65,98.6,74.816,B
S2706,Sara,Jones,student2706@univ.edu,Female,18,CS,98.95,59.96,75.34,89.68,57.4,87.49,88.42,76.898,B
S2707,Omar,Johnson,student2707@univ.edu,Male,25,Engineering,64.52,44.61,44.02,93.52,90.19,67.22,85.49,63.537,C
S2708,John,Johnson,student2708@univ.edu,Male,18,Engineering,91.53,64.47,78.07,72.96,88.2,82.99,56.75,75.056,B
S2709,John,Smith,student2709@univ.edu,Female,20,Mathematics,61.57,88.17,67.81,97.34,69.67,52.59,64.0,74.732,B
S2710,Emma,Jones,student2710@univ.edu,Male,22,Business,58.1,61.33,41.39,62.85,69.1,82.45,79.98,58.951,D
S2711,John,Davis,student2711@univ.edu,Female,24,Mathematics,89.15,67.73,65.12,69.13,59.78,82.57,85.09,70.982,B
S2712,Emma,Williams,student2712@univ.edu,Female,23,Business,77.74,80.66,53.74,86.02,67.99,56.68,94.52,72.016,B
S2713,Omar,Brown,student2713@univ.edu,Female,21,CS,64.23,78.98,91.69,58.24,96.68,63.71,81.16,79.432,B
S2714,Ahmed,Jones,student2714@univ.edu,Female,25,CS,65.63,78.94,57.8,92.34,74.46,79.76,63.13,71.289,B
S2715,Ali,Brown,student2715@univ.edu,Male,18,Business,83.6,49.31,57.95,62.36,78.01,99.56,47.29,62.469,C
S2716,Maria,Jones,student2716@univ.edu,Male,18,Engineering,54.51,47.99,94.77,65.39,95.14,52.39,56.13,71.035,B
S2717,John,Brown,student2717@univ.edu,Female,24,Mathematics,93.78,77.6,72.18,94.74,78.84,51.1,62.34,77.436,B
S2718,Liam,Johnson,student2718@univ.edu,Male,22,Business,72.76,71.49,56.21,72.71,89.54,46.31,95.61,70.174,B
S2719,Maria,Johnson,student2719@univ.edu,Male,23,Mathematics,79.3,52.56,44.39,72.6,88.88,49.41,79.75,61.983,C
S2720,Ahmed,Jones,student2720@univ.edu,Female,22,Mathematics,74.87,62.02,88.08,63.91,97.79,73.79,47.96,74.166,B
S2721,Maria,Williams,student2721@univ.edu,Female,18,Business,93.98,68.05,56.12,85.69,92.21,86.43,48.07,71.047,B
S2722,Liam,Brown,student2722@univ.edu,Male,21,Engineering,60.07,85.7,89.43,57.48,65.69,78.44,44.55,73.544,B
S2723,Ahmed,Williams,student2723@univ.edu,Female,22,Mathematics,73.25,55.81,77.58,68.41,73.52,87.31,98.59,73.599,B
S2724,Liam,Brown,student2724@univ.edu,Male,22,Business,57.05,70.5,60.18,54.27,79.9,77.32,92.56,67.112,C
S2725,Liam,Jones,student2725@univ.edu,Female,21,Business,63.0,98.97,44.51,94.13,59.52,63.89,49.96,67.709,C
S2726,Maria,Jones,student2726@univ.edu,Female,25,Mathematics,64.17,69.33,95.68,51.25,86.63,40.67,40.05,71.376,B
S2727,Liam,Davis,student2727@univ.edu,Male,24,CS,75.32,79.31,49.24,57.52,62.27,47.9,92.34,64.65,C
S2728,Ali,Jones,student2728@univ.edu,Female,18,Business,64.68,88.99,69.54,96.8,90.01,58.95,90.31,80.628,B
S2729,Emma,Williams,student2729@univ.edu,Female,24,Mathematics,85.83,64.2,95.1,56.96,62.32,72.06,97.84,78.116,B
S2730,Maria,Smith,student2730@univ.edu,Female,24,Engineering,95.67,48.31,41.42,85.26,66.03,58.79,94.2,63.407,C
S2731,Ahmed,Smith,student2731@univ.edu,Female,21,CS,76.37,96.7,80.17,50.59,71.02,49.95,48.25,73.041,B
S2732,Maria,Jones,student2732@univ.edu,Male,20,Mathematics,82.68,78.63,67.24,91.15,65.25,70.8,73.33,75.237,B
S2733,Omar,Davis,student2733@univ.edu,Male,24,Business,83.58,54.32,59.74,56.9,97.37,41.14,88.38,66.311,C
S2734,Emma,Johnson,student2734@univ.edu,Male,23,Mathematics,80.84,98.74,94.9,81.24,64.16,75.9,96.66,88.365,A
S2735,John,Johnson,student2735@univ.edu,Male,21,Engineering,77.7,74.09,71.03,58.01,72.25,77.21,75.36,71.22,B
S2736,Maria,Williams,student2736@univ.edu,Female,22,Mathematics,59.17,93.1,83.74,84.62,60.24,95.67,76.69,80.829,B
S2737,Ali,Williams,student2737@univ.edu,Female,23,Business,97.28,80.42,76.6,61.3,68.19,90.55,66.69,76.002,B
S2738,Maria,Davis,student2738@univ.edu,Female,23,Mathematics,96.14,79.82,96.02,61.16,70.96,95.22,66.17,82.032,B
S2739,Liam,Johnson,student2739@univ.edu,Female,25,CS,85.56,70.3,60.72,69.13,90.39,91.5,88.47,73.662,B
S2740,Sara,Johnson,student2740@univ.edu,Male,25,Mathematics,80.83,87.09,66.16,92.2,73.02,79.41,93.54,79.805,B
S2741,Emma,Jones,student2741@univ.edu,Female,19,CS,58.1,81.51,57.52,55.24,54.64,89.52,67.77,64.371,C
S2742,Emma,Johnson,student2742@univ.edu,Female,24,Engineering,77.03,74.92,42.37,83.37,64.52,41.7,46.82,61.122,C
S2743,Liam,Brown,student2743@univ.edu,Female,24,Mathematics,54.48,42.48,79.58,53.79,50.26,92.71,89.04,64.452,C
S2744,Ali,Williams,student2744@univ.edu,Male,22,Engineering,65.47,50.57,93.08,85.47,72.78,97.81,48.89,74.463,B
S2745,Ahmed,Davis,student2745@univ.edu,Female,21,Business,53.62,53.82,83.19,94.68,95.95,78.44,65.45,75.347,B
S2746,Maria,Williams,student2746@univ.edu,Male,20,Business,54.01,85.12,74.3,96.35,85.22,86.6,73.92,79.412,B
S2747,Maria,Brown,student2747@univ.edu,Female,24,Engineering,94.74,78.77,95.7,62.9,60.22,87.16,40.58,77.811,B
S2748,Ali,Jones,student2748@univ.edu,Male,18,Engineering,70.35,79.28,46.64,90.56,66.67,77.3,60.29,67.028,C
S2749,Liam,Brown,student2749@univ.edu,Female,24,Engineering,76.41,54.17,99.37,99.41,89.58,85.3,40.22,80.443,B
S2750,Liam,Johnson,student2750@univ.edu,Female,25,Business,58.0,69.85,52.69,72.54,91.77,93.26,68.86,67.184,C
S2751,John,Williams,student2751@univ.edu,Female,19,Engineering,68.64,74.71,44.28,81.27,90.01,61.15,86.02,67.941,C
S2752,Sara,Johnson,student2752@univ.edu,Female,24,CS,51.49,43.54,75.46,90.28,65.93,80.53,41.49,64.805,C
S2753,Emma,Brown,student2753@univ.edu,Female,24,Engineering,89.76,74.1,41.42,95.87,70.11,70.1,70.37,68.156,C
S2754,Maria,Brown,student2754@univ.edu,Male,19,Business,87.07,98.76,82.22,61.73,83.65,84.07,55.82,80.535,B
S2755,Omar,Davis,student2755@univ.edu,Male,25,Business,84.35,65.86,56.26,76.43,83.77,44.83,87.76,69.344,C
S2756,Emma,Johnson,student2756@univ.edu,Female,22,Mathematics,56.86,63.67,54.86,56.39,68.95,55.15,65.57,59.546,D
S2757,Maria,Brown,student2757@univ.edu,Female,25,CS,75.88,40.2,79.02,58.07,84.17,54.49,84.2,67.606,C
S2758,John,Davis,student2758@univ.edu,Female,23,CS,82.26,94.46,96.94,63.23,50.99,78.99,81.84,82.917,B
S2759,Maria,Davis,student2759@univ.edu,Female,23,CS,77.14,60.87,46.54,52.86,75.96,56.44,57.7,57.967,D
S2760,Sara,Johnson,student2760@univ.edu,Male,20,CS,64.16,76.73,82.24,73.57,51.6,43.54,91.62,73.969,B
S2761,Liam,Williams,student2761@univ.edu,Male,21,Business,81.38,60.8,49.81,79.85,55.93,97.55,84.49,66.138,C
S2762,Omar,Smith,student2762@univ.edu,Female,24,Mathematics,54.95,43.29,54.49,60.0,66.36,63.51,57.51,55.062,D
S2763,Sara,Smith,student2763@univ.edu,Female,24,Mathematics,84.46,64.62,81.71,83.74,58.42,55.34,66.47,73.7,B
S2764,Maria,Brown,student2764@univ.edu,Male,22,Mathematics,68.82,89.03,42.52,74.84,78.31,89.21,61.08,67.07,C
S2765,Omar,Johnson,student2765@univ.edu,Male,18,Mathematics,75.54,87.26,83.68,93.57,91.91,73.26,75.74,84.573,B
S2766,Sara,Brown,student2766@univ.edu,Male,20,CS,75.6,54.67,80.49,78.25,89.04,62.44,96.12,76.017,B
S2767,Liam,Williams,student2767@univ.edu,Female,23,Mathematics,57.85,96.34,45.13,68.85,57.95,48.07,93.91,66.509,C
S2768,Ahmed,Smith,student2768@univ.edu,Female,24,Engineering,81.88,49.19,98.66,74.44,74.31,56.42,54.89,74.531,B
S2769,Liam,Brown,student2769@univ.edu,Male,24,Mathematics,90.09,70.02,74.11,59.05,79.99,56.07,67.55,71.661,B
S2770,Sara,Brown,student2770@univ.edu,Female,22,Business,99.59,77.43,68.65,68.68,64.41,95.29,86.69,76.217,B
S2771,Maria,Smith,student2771@univ.edu,Male,25,Business,80.76,95.31,50.39,52.71,68.74,53.95,94.07,69.14,C
S2772,Emma,Williams,student2772@univ.edu,Female,21,Business,92.0,67.93,71.49,80.18,64.19,43.54,76.23,72.479,B
S2773,Ahmed,Brown,student2773@univ.edu,Female,18,Engineering,59.59,53.76,61.67,63.08,99.06,90.4,45.82,63.682,C
S2774,Ahmed,Davis,student2774@univ.edu,Female,19,Engineering,91.08,70.59,41.2,57.48,83.11,81.87,44.67,61.08,C
S2775,John,Brown,student2775@univ.edu,Female,20,Mathematics,97.87,80.44,73.21,64.17,59.72,79.79,94.6,76.885,B
S2776,Ahmed,Jones,student2776@univ.edu,Male,22,Business,91.3,49.71,45.41,59.26,88.51,81.27,48.99,59.398,D
S2777,John,Johnson,student2777@univ.edu,Female,20,Mathematics,57.34,90.22,57.69,76.38,61.39,70.93,64.1,68.638,C
S2778,Omar,Jones,student2778@univ.edu,Male,19,Business,58.43,87.7,75.5,53.39,79.84,75.59,58.03,71.608,B
S2779,Maria,Jones,student2779@univ.edu,Female,23,Mathematics,58.6,96.51,49.37,98.07,60.86,88.02,80.83,73.253,B
S2780,Sara,Williams,student2780@univ.edu,Female,20,Engineering,78.73,66.27,54.17,63.99,66.16,77.11,45.98,62.046,C
S2781,John,Brown,student2781@univ.edu,Male,24,CS,97.97,67.88,92.26,80.14,79.14,72.86,59.91,80.62,B
S2782,Emma,Johnson,student2782@univ.edu,Female,24,Engineering,62.78,51.31,75.54,88.27,51.18,46.71,74.77,67.373,C
S2783,Maria,Brown,student2783@univ.edu,Female,18,Engineering,87.27,97.64,96.03,92.56,81.18,60.99,52.4,87.355,A
S2784,John,Brown,student2784@univ.edu,Female,18,Mathematics,84.7,62.53,99.57,85.91,72.58,96.01,54.78,81.27,B
S2785,Omar,Jones,student2785@univ.edu,Female,21,CS,52.37,54.37,83.07,65.95,91.64,47.86,47.06,67.188,C
S2786,Emma,Jones,student2786@univ.edu,Male,20,Engineering,60.99,42.81,86.7,79.79,83.79,47.88,52.72,68.684,C
S2787,Ahmed,Smith,student2787@univ.edu,Female,19,CS,65.37,44.96,72.43,85.79,54.41,97.81,55.67,66.025,C
S2788,Omar,Williams,student2788@univ.edu,Female,22,Engineering,69.37,92.38,76.13,60.12,70.58,54.89,63.24,73.397,B
S2789,Ali,Smith,student2789@univ.edu,Female,23,Mathematics,72.17,65.9,73.12,62.15,83.15,61.81,69.26,69.987,C
S2790,Emma,Johnson,student2790@univ.edu,Female,19,CS,89.18,75.47,93.08,70.28,73.92,62.68,89.94,81.998,B
S2791,Liam,Brown,student2791@univ.edu,Female,20,Engineering,68.2,63.78,83.71,69.21,74.16,54.97,72.07,72.442,B
S2792,Ali,Smith,student2792@univ.edu,Female,19,CS,97.78,83.67,48.94,76.86,73.68,76.95,60.55,69.994,C
S2793,Omar,Davis,student2793@univ.edu,Female,25,Business,94.8,88.28,90.79,59.43,99.39,54.22,73.85,83.323,B
S2794,Ali,Smith,student2794@univ.edu,Female,24,Business,73.6,59.79,44.43,66.85,54.11,65.32,53.28,56.679,D
S2795,John,Davis,student2795@univ.edu,Male,22,Mathematics,54.01,49.16,51.71,84.11,50.06,57.22,75.01,58.731,D
S2796,Emma,Smith,student2796@univ.edu,Male,21,CS,60.51,64.47,86.09,64.55,56.48,44.5,63.72,68.7,C
S2797,Ali,Davis,student2797@univ.edu,Female,20,Mathematics,70.54,57.09,42.78,72.61,82.66,47.94,46.93,57.553,D
S2798,Maria,Jones,student2798@univ.edu,Male,24,Business,54.82,75.53,64.94,60.09,78.56,89.67,95.27,70.95,B
S2799,Sara,Johnson,student2799@univ.edu,Female,22,CS,72.22,74.67,96.78,71.9,98.88,49.67,72.64,81.611,B
S2800,Maria,Davis,student2800@univ.edu,Male,24,Mathematics,80.07,89.58,81.58,99.71,97.62,51.29,75.49,85.229,A
S2801,Ali,Jones,student2801@univ.edu,Female,23,CS,70.24,99.2,73.66,89.93,64.2,81.17,64.67,79.397,B
S2802,Sara,Davis,student2802@univ.edu,Female,19,Business,72.91,48.78,82.29,70.32,60.26,44.58,95.42,70.079,B
S2803,Omar,Jones,student2803@univ.edu,Female,18,Business,60.14,56.38,69.0,94.46,93.59,65.79,97.93,74.601,B
S2804,Omar,Smith,student2804@univ.edu,Female,22,Engineering,83.96,83.89,68.96,97.03,53.01,78.87,83.4,78.001,B
S2805,Ahmed,Brown,student2805@univ.edu,Female,21,CS,84.57,79.16,78.67,86.77,90.21,75.58,41.22,77.828,B
S2806,Ahmed,Jones,student2806@univ.edu,Female,25,CS,78.69,46.24,75.07,61.22,55.32,81.06,95.99,68.005,C
S2807,Omar,Brown,student2807@univ.edu,Male,18,Mathematics,66.74,83.08,65.8,72.43,86.75,77.1,64.68,72.893,B
S2808,John,Johnson,student2808@univ.edu,Female,20,Engineering,85.15,70.25,96.32,57.8,65.37,71.37,94.75,79.712,B
S2809,Omar,Smith,student2809@univ.edu,Female,19,Mathematics,83.05,49.84,40.22,63.15,63.76,54.46,72.4,56.151,D
S2810,John,Johnson,student2810@univ.edu,Female,25,Mathematics,58.1,99.54,64.5,52.75,55.07,46.97,43.4,65.176,C
S2811,Liam,Johnson,student2811@univ.edu,Male,21,Mathematics,90.06,72.55,91.57,55.96,92.78,44.39,96.36,80.514,B
S2812,Liam,Smith,student2812@univ.edu,Male,24,Engineering,90.97,71.33,52.27,93.59,64.85,78.23,55.71,69.05,C
S2813,Ahmed,Jones,student2813@univ.edu,Female,23,CS,50.2,74.63,40.39,77.98,93.26,40.59,69.03,62.019,C
S2814,Ahmed,Brown,student2814@univ.edu,Male,22,Engineering,99.87,88.07,88.03,76.5,86.52,55.61,82.68,85.186,A
S2815,Ali,Jones,student2815@univ.edu,Male,18,Business,63.42,64.04,85.01,91.46,82.61,95.65,56.58,77.074,B
S2816,Ahmed,Williams,student2816@univ.edu,Male,19,CS,67.31,77.53,98.87,76.53,72.13,55.21,77.54,81.105,B
S2817,Sara,Williams,student2817@univ.edu,Male,24,Engineering,73.42,59.29,64.57,79.86,79.32,43.04,90.71,69.705,C
S2818,John,Johnson,student2818@univ.edu,Male,25,Business,71.79,84.49,90.42,92.49,82.14,58.63,96.38,85.86,A
S2819,Emma,Williams,student2819@univ.edu,Male,19,Mathematics,61.9,79.76,63.71,50.11,65.65,94.49,48.9,64.951,C
S2820,Maria,Davis,student2820@univ.edu,Female,25,Mathematics,89.28,95.33,99.43,73.19,65.86,88.67,60.98,85.919,A
S2821,Emma,Williams,student2821@univ.edu,Female,19,CS,93.13,77.36,99.33,50.98,95.65,99.39,74.1,84.175,B
S2822,Sara,Johnson,student2822@univ.edu,Female,24,Mathematics,64.4,68.49,81.88,60.91,95.92,81.32,75.92,75.088,B
S2823,Emma,Brown,student2823@univ.edu,Male,23,Business,87.42,40.81,43.86,86.75,55.02,77.34,61.48,58.591,D
S2824,Sara,Davis,student2824@univ.edu,Male,25,Business,71.38,79.46,75.18,93.29,88.05,83.84,90.53,81.627,B
S2825,Emma,Jones,student2825@univ.edu,Female,21,Business,53.12,74.18,56.94,53.5,87.12,61.5,89.65,66.007,C
S2826,Sara,Williams,student2826@univ.edu,Female,22,Mathematics,57.14,97.8,73.05,56.73,67.18,52.1,91.86,74.208,B
S2827,Ali,Davis,student2827@univ.edu,Male,20,Engineering,70.55,76.96,44.99,60.51,85.52,54.46,40.02,60.297,C
S2828,Ali,Brown,student2828@univ.edu,Female,21,CS,90.56,77.79,69.11,53.83,84.82,77.36,47.05,70.477,B
S2829,Maria,Jones,student2829@univ.edu,Male,25,Engineering,56.28,69.74,89.23,82.2,63.01,69.9,58.39,74.31,B
S2830,Ali,Brown,student2830@univ.edu,Male,24,CS,58.72,85.21,45.27,81.59,90.34,76.35,58.68,67.453,C
S2831,Ahmed,Williams,student2831@univ.edu,Male,25,Engineering,89.73,68.04,85.79,73.61,74.28,89.7,74.49,78.722,B
S2832,Ali,Davis,student2832@univ.edu,Male,19,Mathematics,69.89,99.35,77.33,85.55,56.27,82.6,42.72,76.919,B
S2833,Omar,Davis,student2833@univ.edu,Female,19,Engineering,96.16,51.31,47.77,99.48,72.0,70.35,72.25,67.073,C
S2834,Sara,Williams,student2834@univ.edu,Male,20,Business,75.7,94.54,83.5,78.55,81.63,84.2,96.07,85.29,A
S2835,Omar,Johnson,student2835@univ.edu,Male,20,Business,66.09,83.25,45.41,71.54,86.12,63.54,72.89,66.691,C
S2836,Ali,Smith,student2836@univ.edu,Male,20,Mathematics,80.11,99.68,94.08,70.77,64.55,63.73,80.14,84.442,B
S2837,Ali,Williams,student2837@univ.edu,Female,18,Business,73.82,48.54,75.37,52.6,62.35,44.55,89.63,65.016,C
S2838,Ahmed,Smith,student2838@univ.edu,Female,25,CS,56.03,78.59,58.5,81.97,52.48,65.18,77.57,67.43,C
S2839,Sara,Jones,student2839@univ.edu,Female,20,Mathematics,80.45,72.7,79.75,70.63,80.87,87.06,89.18,78.463,B
S2840,Ahmed,Williams,student2840@univ.edu,Male,20,Mathematics,72.2,50.19,62.59,59.52,84.76,44.62,75.92,63.262,C
S2841,Ahmed,Jones,student2841@univ.edu,Male,21,Mathematics,96.24,42.97,55.91,55.93,90.52,73.69,92.19,65.336,C
S2842,Omar,Davis,student2842@univ.edu,Female,24,Mathematics,53.95,96.85,93.29,98.96,55.27,47.43,76.06,83.1,B
S2843,Maria,Jones,student2843@univ.edu,Male,23,Business,96.78,87.08,87.55,92.08,72.02,53.31,96.82,86.72,A
S2844,Omar,Davis,student2844@univ.edu,Male,20,Mathematics,87.97,80.79,95.31,51.22,93.49,94.39,93.49,84.648,B
S2845,Emma,Davis,student2845@univ.edu,Female,19,Engineering,97.45,40.01,58.26,51.35,61.2,72.27,63.39,59.0,D
S2846,Sara,Davis,student2846@univ.edu,Female,20,Mathematics,61.34,92.41,95.99,52.19,90.75,57.39,69.13,80.099,B
S2847,Ali,Johnson,student2847@univ.edu,Male,24,CS,79.58,76.12,94.99,96.71,85.64,59.64,78.47,85.579,A
S2848,Sara,Jones,student2848@univ.edu,Male,22,Business,81.36,42.92,73.51,89.33,89.23,74.16,92.66,74.07,B
S2849,Emma,Johnson,student2849@univ.edu,Male,22,CS,96.69,48.21,72.57,72.8,88.35,50.23,77.48,71.096,B
S2850,Liam,Johnson,student2850@univ.edu,Female,18,Mathematics,88.31,97.06,54.22,53.03,57.49,86.11,73.07,69.825,C
S2851,Ali,Davis,student2851@univ.edu,Female,19,Mathematics,60.21,73.13,76.32,55.61,72.09,79.57,76.31,70.703,B
S2852,John,Smith,student2852@univ.edu,Male,24,Engineering,54.28,89.42,74.87,53.92,77.4,70.12,75.62,72.669,B
S2853,John,Johnson,student2853@univ.edu,Female,25,CS,93.84,94.41,99.53,93.2,89.19,65.59,94.82,93.785,A
S2854,Maria,Johnson,student2854@univ.edu,Male,21,Engineering,56.4,99.02,95.03,79.31,66.16,64.06,45.3,80.199,B
S2855,Emma,Johnson,student2855@univ.edu,Male,23,Engineering,76.15,63.47,65.57,67.6,67.57,40.65,40.46,62.955,C
S2856,Liam,Smith,student2856@univ.edu,Male,21,Mathematics,68.93,61.39,71.04,68.39,97.08,88.81,57.34,70.624,B
S2857,Ali,Smith,student2857@univ.edu,Female,23,Engineering,53.7,93.7,61.87,68.39,69.02,40.29,54.78,67.324,C
S2858,Liam,Jones,student2858@univ.edu,Male,19,CS,89.26,66.87,81.06,79.67,79.35,93.26,83.5,79.516,B
S2859,Maria,Johnson,student2859@univ.edu,Male,20,CS,76.69,65.79,48.41,73.6,59.34,68.96,96.82,65.454,C
S2860,Sara,Brown,student2860@univ.edu,Male,19,Engineering,99.06,59.81,40.35,82.3,61.63,74.98,80.13,64.243,C
S2861,Ahmed,Davis,student2861@univ.edu,Male,22,Business,94.71,92.52,55.55,54.42,98.13,90.04,82.38,75.356,B
S2862,John,Smith,student2862@univ.edu,Female,19,CS,99.7,63.77,69.52,93.76,94.49,97.8,73.7,79.353,B
S2863,Ali,Johnson,student2863@univ.edu,Female,21,CS,99.56,53.6,79.25,57.02,57.25,77.55,66.26,69.233,C
S2864,Maria,Smith,student2864@univ.edu,Female,20,Mathematics,66.0,85.75,87.49,71.35,98.05,80.13,41.71,78.682,B
S2865,Ahmed,Davis,student2865@univ.edu,Male,21,Business,51.97,68.09,79.26,68.32,61.81,46.95,91.66,70.535,B
S2866,Liam,Johnson,student2866@univ.edu,Female,18,Engineering,93.65,77.32,70.16,73.48,89.6,63.67,75.32,76.574,B
S2867,Emma,Smith,student2867@univ.edu,Male,20,Mathematics,84.92,73.19,86.88,74.62,95.86,50.33,45.91,77.08,B
S2868,Sara,Brown,student2868@univ.edu,Male,22,Engineering,61.14,46.41,87.8,52.12,59.45,45.5,92.73,67.047,C
S2869,Omar,Davis,student2869@univ.edu,Male,19,Engineering,98.27,53.33,52.62,79.29,74.64,60.79,65.19,65.195,C
S2870,Sara,Jones,student2870@univ.edu,Female,20,Mathematics,67.07,63.99,63.11,54.94,97.66,63.89,57.16,65.355,C
S2871,Ahmed,Williams,student2871@univ.edu,Male,22,Business,62.23,62.33,41.14,77.95,82.22,82.46,49.65,60.034,C
S2872,Sara,Brown,student2872@univ.edu,Female,19,Mathematics,75.33,55.31,52.15,62.08,67.94,84.46,43.45,58.914,D
S2873,Ahmed,Smith,student2873@univ.edu,Male,20,Engineering,81.2,56.65,82.13,81.21,87.96,75.28,41.98,73.028,B
S2874,Liam,Jones,student2874@univ.edu,Male,19,CS,79.27,50.49,63.75,83.42,74.75,93.46,40.8,65.891,C
S2875,Sara,Williams,student2875@univ.edu,Female,20,Engineering,76.6,54.3,46.08,62.97,73.55,79.34,87.46,61.858,C
S2876,Omar,Davis,student2876@univ.edu,Female,20,Mathematics,57.07,56.84,72.78,57.36,91.81,74.25,51.96,65.603,C
S2877,Maria,Davis,student2877@univ.edu,Female,22,Engineering,56.89,91.55,48.84,77.12,99.85,78.99,46.02,68.755,C
S2878,Ahmed,Brown,student2878@univ.edu,Male,25,Engineering,89.05,67.36,78.68,91.73,70.63,79.89,84.69,79.267,B
S2879,Emma,Davis,student2879@univ.edu,Male,21,CS,52.21,75.33,71.41,66.56,67.45,59.92,69.47,68.382,C
S2880,Emma,Johnson,student2880@univ.edu,Female,19,Mathematics,79.9,55.81,99.4,92.35,93.91,89.42,42.1,80.897,B
S2881,Ali,Jones,student2881@univ.edu,Male,20,Mathematics,91.51,51.77,52.45,54.13,95.92,75.02,81.03,64.805,C
S2882,Ahmed,Johnson,student2882@univ.edu,Male,21,CS,68.72,41.31,82.97,85.64,69.43,41.76,85.5,70.452,B
S2883,Maria,Jones,student2883@univ.edu,Male,19,Mathematics,81.2,51.31,47.78,76.11,50.79,73.35,91.05,61.984,C
S2884,Omar,Davis,student2884@univ.edu,Female,24,Business,85.26,98.62,45.54,65.36,91.59,53.74,73.93,70.955,B
S2885,Ali,Johnson,student2885@univ.edu,Male,19,CS,59.19,61.57,87.66,59.29,64.44,42.72,85.28,70.532,B
S2886,Omar,Smith,student2886@univ.edu,Male,18,Engineering,86.35,84.5,78.17,82.87,58.93,84.45,85.47,80.079,B
S2887,Sara,Jones,student2887@univ.edu,Female,24,CS,73.42,72.54,73.48,50.48,60.06,56.72,69.28,67.236,C
S2888,Ali,Brown,student2888@univ.edu,Female,21,Engineering,81.04,66.89,80.38,77.83,68.16,92.22,53.72,74.07,B
S2889,John,Williams,student2889@univ.edu,Female,24,Business,82.44,75.2,70.26,72.71,94.03,93.62,64.41,75.793,B
S2890,Sara,Davis,student2890@univ.edu,Male,19,Business,61.43,83.68,43.92,88.34,95.03,61.01,96.76,71.535,B
S2891,Maria,Davis,student2891@univ.edu,Male,24,Engineering,83.34,97.57,52.05,65.48,89.8,96.58,64.63,73.557,B
S2892,Liam,Smith,student2892@univ.edu,Male,24,Engineering,64.7,85.0,84.14,66.4,62.34,71.31,46.85,73.157,B
S2893,Maria,Brown,student2893@univ.edu,Male,23,Engineering,76.68,93.8,47.51,64.57,96.72,48.18,61.16,68.564,C
S2894,Ali,Jones,student2894@univ.edu,Male,22,Engineering,97.59,59.04,63.52,58.61,76.61,85.15,62.0,67.533,C
S2895,Sara,Jones,student2895@univ.edu,Female,18,Engineering,79.22,91.0,99.63,78.63,90.22,48.11,50.58,84.291,B
S2896,Omar,Williams,student2896@univ.edu,Female,25,Business,60.69,75.41,48.23,53.14,64.45,83.66,87.18,62.937,C
S2897,Sara,Brown,student2897@univ.edu,Female,21,Engineering,95.73,99.33,90.12,97.34,81.62,97.16,55.68,89.664,A
S2898,Maria,Brown,student2898@univ.edu,Female,18,Business,80.11,42.79,67.65,66.8,87.42,94.93,99.04,70.276,B
S2899,Maria,Johnson,student2899@univ.edu,Male,23,Business,51.93,97.19,67.37,73.08,97.25,90.82,60.28,76.098,B
S2900,Ali,Jones,student2900@univ.edu,Male,18,Mathematics,90.12,72.39,73.07,60.05,57.03,88.28,83.5,72.885,B
S2901,Ahmed,Johnson,student2901@univ.edu,Male,22,Mathematics,75.72,44.92,63.26,90.99,53.32,84.06,52.45,63.963,C
S2902,John,Jones,student2902@univ.edu,Female,25,CS,51.82,66.88,74.24,50.37,54.16,43.98,69.26,62.927,C
S2903,Liam,Smith,student2903@univ.edu,Female,18,Engineering,84.45,61.15,69.86,98.12,83.89,79.14,59.62,74.659,B
S2904,Ahmed,Smith,student2904@univ.edu,Male,18,CS,53.88,59.95,94.05,76.12,50.59,61.56,49.96,70.144,B
S2905,Liam,Williams,student2905@univ.edu,Male,21,Mathematics,91.79,61.74,60.78,82.0,71.41,70.67,69.4,69.675,C
S2906,Liam,Williams,student2906@univ.edu,Female,21,Mathematics,50.0,75.14,40.82,65.55,74.16,71.97,49.94,58.115,D
S2907,Maria,Davis,student2907@univ.edu,Male,24,Engineering,71.11,98.91,44.93,91.48,64.87,62.64,59.0,69.613,C
S2908,Maria,Johnson,student2908@univ.edu,Female,22,Engineering,64.96,53.59,66.81,82.53,55.2,82.35,68.79,66.153,C
S2909,Maria,Davis,student2909@univ.edu,Female,23,CS,86.17,67.45,82.06,68.25,64.53,78.22,46.2,71.947,B
S2910,Emma,Johnson,student2910@univ.edu,Female,19,Engineering,80.32,69.17,70.18,71.01,61.31,86.12,56.24,69.632,C
S2911,Omar,Johnson,student2911@univ.edu,Male,23,Mathematics,81.08,60.29,83.72,86.4,94.09,47.88,60.05,76.05,B
S2912,Sara,Smith,student2912@univ.edu,Female,22,CS,78.5,76.96,47.58,50.26,99.99,53.26,49.78,62.695,C
S2913,Emma,Johnson,student2913@univ.edu,Male,21,Mathematics,55.07,74.29,71.73,65.41,97.6,78.66,87.35,74.123,B
S2914,Liam,Davis,student2914@univ.edu,Female,21,Mathematics,61.36,62.1,44.5,99.18,86.83,44.11,89.22,66.594,C
S2915,John,Davis,student2915@univ.edu,Male,18,Mathematics,51.86,58.23,41.43,56.46,86.32,79.04,92.94,59.608,D
S2916,Liam,Brown,student2916@univ.edu,Male,19,Mathematics,77.36,61.93,47.18,50.68,54.98,56.48,89.35,59.135,D
S2917,John,Johnson,student2917@univ.edu,Female,24,CS,89.43,45.89,69.23,66.81,94.74,84.19,57.86,68.381,C
S2918,John,Smith,student2918@univ.edu,Female,24,CS,89.84,67.11,83.65,96.7,99.13,59.15,77.23,82.599,B
S2919,Sara,Brown,student2919@univ.edu,Female,20,Engineering,75.84,41.01,52.83,93.68,80.74,45.79,60.16,62.066,C
S2920,John,Davis,student2920@univ.edu,Female,19,Mathematics,56.96,58.93,56.88,79.52,94.83,87.23,49.93,65.312,C
S2921,John,Davis,student2921@univ.edu,Female,24,Engineering,86.64,80.34,77.61,77.93,59.5,84.47,69.38,76.816,B
S2922,Ali,Williams,student2922@univ.edu,Female,25,Mathematics,59.37,86.04,87.85,87.3,53.11,56.42,67.33,77.46,B
S2923,Sara,Smith,student2923@univ.edu,Male,22,CS,91.31,98.05,63.3,66.09,95.46,56.98,55.47,75.586,B
S2924,Liam,Williams,student2924@univ.edu,Female,20,CS,57.88,71.8,58.09,50.36,89.99,41.65,56.13,61.824,C
S2925,Maria,Smith,student2925@univ.edu,Female,19,CS,91.59,65.36,94.38,98.63,94.56,70.49,80.21,86.341,A
S2926,Omar,Johnson,student2926@univ.edu,Female,23,Business,61.82,87.35,42.45,81.05,66.68,71.09,94.77,68.244,C
S2927,Sara,Jones,student2927@univ.edu,Male,20,Engineering,62.57,88.02,82.48,98.15,75.22,79.66,51.11,79.944,B
S2928,Emma,Jones,student2928@univ.edu,Female,21,Mathematics,53.11,89.54,76.7,59.38,94.66,62.86,46.88,72.433,B
S2929,John,Davis,student2929@univ.edu,Female,24,Business,68.65,92.51,77.56,87.42,88.99,60.07,60.79,79.73,B
S2930,Ahmed,Davis,student2930@univ.edu,Male,19,CS,56.97,54.79,55.36,88.75,73.92,50.54,95.11,66.006,C
S2931,Ahmed,Jones,student2931@univ.edu,Male,22,CS,88.95,40.55,87.53,93.76,87.13,65.81,50.1,74.341,B
S2932,Emma,Brown,student2932@univ.edu,Female,21,Business,89.13,59.07,42.21,72.27,53.65,88.95,76.07,61.65,C
S2933,Emma,Johnson,student2933@univ.edu,Male,24,Mathematics,95.55,91.78,53.14,77.88,72.59,76.67,59.98,72.626,B
S2934,Maria,Johnson,student2934@univ.edu,Female,20,Business,67.2,60.9,83.36,52.01,59.02,69.34,40.1,65.088,C
S2935,Emma,Davis,student2935@univ.edu,Female,18,CS,80.72,58.93,41.04,88.16,68.27,68.78,86.77,64.337,C
S2936,Liam,Jones,student2936@univ.edu,Male,21,Engineering,72.34,46.63,92.23,89.32,99.96,53.38,90.56,79.348,B
S2937,Ali,Jones,student2937@univ.edu,Male,20,Mathematics,72.06,81.86,92.96,99.75,68.21,89.91,50.59,82.804,B
S2938,John,Brown,student2938@univ.edu,Female,24,CS,61.51,63.19,95.71,92.17,94.95,92.8,72.47,82.709,B
S2939,Ali,Smith,student2939@univ.edu,Female,24,Mathematics,57.51,46.93,80.79,53.63,91.98,71.26,83.92,68.572,C
S2940,Ali,Williams,student2940@univ.edu,Male,18,CS,71.26,78.08,68.91,61.65,77.9,50.55,69.07,69.887,C
S2941,Omar,Brown,student2941@univ.edu,Female,20,Business,81.33,66.95,82.75,77.48,77.3,98.13,64.14,77.02,B
S2942,Ahmed,Johnson,student2942@univ.edu,Female,20,Engineering,94.19,84.81,40.03,91.01,95.8,73.49,59.08,71.204,B
S2943,Maria,Smith,student2943@univ.edu,Male,21,Business,50.72,62.89,59.24,99.63,85.19,82.63,81.01,71.118,B
S2944,Ali,Johnson,student2944@univ.edu,Male,21,Mathematics,73.58,62.4,60.88,80.15,91.55,47.25,94.4,71.082,B
S2945,John,Jones,student2945@univ.edu,Male,19,Engineering,91.37,89.58,69.97,59.37,70.26,68.46,83.26,75.725,B
S2946,Ahmed,Johnson,student2946@univ.edu,Male,23,Engineering,74.92,92.47,72.31,54.59,56.71,60.4,71.1,71.668,B
S2947,Liam,Brown,student2947@univ.edu,Male,21,Business,73.55,64.26,99.26,50.73,81.04,97.9,89.99,79.592,B
S2948,Liam,Jones,student2948@univ.edu,Female,20,Engineering,73.96,59.61,83.1,69.92,97.5,80.92,53.39,73.871,B
S2949,Liam,Smith,student2949@univ.edu,Male,25,Business,89.41,44.3,96.08,51.52,94.4,86.05,93.14,77.41,B
S2950,Ali,Jones,student2950@univ.edu,Female,25,Mathematics,89.74,72.59,84.37,74.57,50.15,87.42,59.51,75.326,B
S2951,Sara,Smith,student2951@univ.edu,Female,21,Business,63.54,45.09,68.75,72.93,78.42,85.72,68.8,65.945,C
S2952,Ali,Davis,student2952@univ.edu,Female,19,Mathematics,66.64,96.41,83.07,57.3,80.65,60.83,92.37,79.805,B
S2953,Ali,Jones,student2953@univ.edu,Female,20,Mathematics,62.13,43.77,48.61,67.29,72.87,57.18,79.61,57.751,D
S2954,Ahmed,Brown,student2954@univ.edu,Female,21,Engineering,57.39,86.68,54.52,83.28,87.68,88.29,75.37,72.643,B
S2955,Omar,Jones,student2955@univ.edu,Female,23,Business,67.49,54.81,91.2,84.21,56.69,91.67,61.28,74.083,B
S2956,Maria,Smith,student2956@univ.edu,Female,19,Engineering,83.86,77.53,56.14,79.28,50.39,73.77,77.59,69.113,C
S2957,Ali,Williams,student2957@univ.edu,Male,20,Business,72.3,70.61,47.2,84.57,79.1,74.41,43.01,64.129,C
S2958,Emma,Johnson,student2958@univ.edu,Male,24,Business,97.54,60.48,48.67,53.58,59.3,98.06,85.74,63.895,C
S2959,Omar,Brown,student2959@univ.edu,Male,23,Mathematics,88.64,94.37,75.08,78.37,87.39,58.73,75.87,81.28,B
S2960,Sara,Johnson,student2960@univ.edu,Female,22,Business,84.02,91.15,67.48,74.65,99.5,80.73,94.02,81.462,B
S2961,John,Davis,student2961@univ.edu,Male,19,CS,79.99,63.52,82.04,69.84,85.32,83.68,67.78,75.285,B
S2962,Liam,Johnson,student2962@univ.edu,Female,23,Mathematics,91.83,52.54,93.8,65.65,53.39,53.99,54.24,71.141,B
S2963,Omar,Smith,student2963@univ.edu,Female,22,Mathematics,78.03,48.02,81.28,76.61,68.45,67.65,81.28,71.638,B
S2964,John,Davis,student2964@univ.edu,Female,21,CS,50.45,74.14,98.4,86.46,71.99,75.62,80.65,81.407,B
S2965,Liam,Johnson,student2965@univ.edu,Male,18,Business,70.14,74.48,63.39,75.18,94.99,67.79,97.97,74.889,B
S2966,Emma,Johnson,student2966@univ.edu,Female,25,CS,57.96,85.51,56.82,89.01,97.21,88.26,78.68,75.297,B
S2967,Emma,Brown,student2967@univ.edu,Female,22,Business,89.56,76.18,40.49,51.5,83.56,69.13,55.66,61.443,C
S2968,John,Williams,student2968@univ.edu,Male,20,Mathematics,83.36,80.81,83.53,58.9,57.77,86.86,52.38,73.75,B
S2969,John,Brown,student2969@univ.edu,Female,21,Mathematics,65.83,55.02,86.46,84.99,95.17,69.31,46.21,73.877,B
S2970,Emma,Jones,student2970@univ.edu,Female,24,Engineering,91.17,63.09,43.72,67.19,56.08,85.75,42.57,59.082,D
S2971,Maria,Williams,student2971@univ.edu,Male,20,Business,62.25,72.04,46.15,72.81,78.95,73.13,95.42,66.493,C
S2972,Maria,Smith,student2972@univ.edu,Female,23,Mathematics,77.07,47.7,40.41,72.43,95.11,91.25,42.49,58.557,D
S2973,Ali,Davis,student2973@univ.edu,Female,22,Business,70.71,61.87,79.96,85.51,73.95,55.93,78.38,74.289,B
S2974,Sara,Johnson,student2974@univ.edu,Female,21,CS,91.89,57.0,99.26,99.99,90.48,44.82,71.83,83.838,B
S2975,Ali,Williams,student2975@univ.edu,Female,21,CS,83.83,49.44,50.52,51.58,77.88,43.67,72.38,58.373,D
S2976,John,Johnson,student2976@univ.edu,Male,21,CS,81.8,51.83,98.91,94.95,54.77,59.85,63.91,77.322,B
S2977,Omar,Williams,student2977@univ.edu,Male,18,Engineering,54.21,97.83,43.33,71.46,88.5,47.58,60.46,65.98,C
S2978,Omar,Johnson,student2978@univ.edu,Male,20,Engineering,80.64,86.99,83.06,53.2,58.56,72.71,89.84,76.835,B
S2979,Maria,Davis,student2979@univ.edu,Male,22,Engineering,51.67,42.83,85.43,95.45,60.43,50.43,77.25,69.969,C
S2980,Ali,Davis,student2980@univ.edu,Female,22,Mathematics,83.52,59.72,98.82,72.44,88.46,90.47,90.48,83.225,B
S2981,Liam,Davis,student2981@univ.edu,Female,23,CS,81.27,45.89,57.17,77.82,91.66,83.75,90.59,68.541,C
S2982,Liam,Davis,student2982@univ.edu,Female,23,Mathematics,92.31,73.55,58.36,94.05,84.48,54.12,80.88,74.799,B
S2983,John,Jones,student2983@univ.edu,Male,25,CS,56.59,47.47,57.29,68.85,73.8,84.4,83.34,62.602,C
S2984,Ali,Brown,student2984@univ.edu,Male,24,Business,81.61,83.9,98.62,59.27,58.61,65.24,84.34,80.975,B
S2985,Sara,Johnson,student2985@univ.edu,Male,23,Engineering,55.26,84.67,97.39,68.9,66.71,46.11,61.14,77.102,B
S2986,Omar,Williams,student2986@univ.edu,Male,19,Mathematics,69.61,71.08,44.46,93.73,94.69,52.49,59.3,66.598,C
S2987,John,Jones,student2987@univ.edu,Female,18,Mathematics,96.05,69.06,91.44,70.74,98.7,92.43,67.35,82.686,B
S2988,Maria,Jones,student2988@univ.edu,Male,24,Mathematics,71.27,95.83,57.35,62.31,59.32,56.94,78.52,69.475,C
S2989,Omar,Johnson,student2989@univ.edu,Female,24,CS,67.63,80.34,45.7,87.13,91.49,98.47,98.26,73.509,B
S2990,Maria,Johnson,student2990@univ.edu,Male,25,Engineering,70.32,44.2,60.78,99.84,63.87,68.78,55.02,64.41,C
S2991,Maria,Davis,student2991@univ.edu,Female,18,Mathematics,90.13,77.43,86.56,56.48,86.54,48.97,91.19,79.16,B
S2992,Maria,Jones,student2992@univ.edu,Male,20,Business,85.09,90.45,62.38,89.04,70.7,41.71,98.91,77.716,B
S2993,Ahmed,Brown,student2993@univ.edu,Female,24,Mathematics,88.63,50.05,62.62,72.38,79.93,53.98,76.21,66.829,C
S2994,Ali,Brown,student2994@univ.edu,Female,21,Business,68.27,54.03,90.24,81.71,60.53,49.44,99.09,75.395,B
S2995,Omar,Smith,student2995@univ.edu,Female,24,Business,95.77,87.03,40.78,97.55,80.2,77.78,49.99,70.758,B
S2996,John,Johnson,student2996@univ.edu,Female,19,Business,57.03,40.17,96.4,91.62,50.2,84.81,40.35,69.696,C
S2997,John,Johnson,student2997@univ.edu,Female,21,CS,95.13,62.22,60.82,53.14,54.49,42.95,79.38,63.709,C
S2998,Ahmed,Williams,student2998@univ.edu,Male,19,CS,62.61,95.0,53.71,86.74,76.91,54.94,76.7,72.493,B
S2999,Omar,Smith,student2999@univ.edu,Female,21,CS,51.92,76.91,69.92,81.59,60.44,99.89,75.63,72.39,B
S3000,Omar,Smith,student3000@univ.edu,Male,20,Business,82.98,67.9,84.14,69.21,68.53,67.94,44.0,72.152,B
S3001,Sara,Williams,student3001@univ.edu,Male,20,CS,66.15,90.23,55.67,80.08,82.62,42.17,79.94,71.739,B
S3002,Ahmed,Jones,student3002@univ.edu,Female,18,Business,60.81,66.42,65.87,59.04,52.49,78.74,42.87,61.455,C
S3003,Maria,Williams,student3003@univ.edu,Female,21,CS,58.93,81.7,73.84,62.09,66.01,73.83,93.81,73.372,B
S3004,Sara,Williams,student3004@univ.edu,Female,18,CS,57.41,95.23,95.35,62.01,96.18,49.82,43.21,79.123,B
S3005,Emma,Johnson,student3005@univ.edu,Female,19,Mathematics,63.81,58.91,59.95,59.93,58.83,80.25,49.89,60.022,C
S3006,Ahmed,Johnson,student3006@univ.edu,Female,25,CS,70.81,68.69,93.01,87.88,62.16,67.75,70.58,78.565,B
S3007,Ali,Smith,student3007@univ.edu,Male,23,CS,51.45,88.69,69.08,74.96,92.71,86.3,52.38,73.675,B
S3008,Emma,Williams,student3008@univ.edu,Male,23,Engineering,69.72,40.87,60.41,67.29,83.49,83.58,54.79,61.37,C
S3009,Sara,Jones,student3009@univ.edu,Female,24,Mathematics,63.3,87.89,75.18,61.42,58.97,43.69,91.02,72.859,B
S3010,John,Davis,student3010@univ.edu,Male,25,Engineering,94.52,87.89,75.69,68.85,81.26,73.95,74.74,79.362,B
S3011,Sara,Jones,student3011@univ.edu,Male,24,CS,87.81,83.87,59.64,64.21,70.41,43.11,99.31,72.206,B
S3012,John,Jones,student3012@univ.edu,Male,23,Engineering,51.2,80.55,97.96,93.58,72.59,69.79,40.83,79.487,B
S3013,Liam,Smith,student3013@univ.edu,Male,22,Business,88.6,45.79,41.3,58.99,96.97,54.04,55.05,57.161,D
S3014,Liam,Jones,student3014@univ.edu,Female,21,Mathematics,54.78,79.99,44.99,86.24,71.59,87.38,97.94,69.231,C
S3015,Omar,Brown,student3015@univ.edu,Female,25,Mathematics,77.04,84.41,71.24,54.98,92.37,89.08,49.71,72.867,B
S3016,Liam,Smith,student3016@univ.edu,Male,25,CS,87.17,87.87,99.89,87.6,55.42,73.62,78.65,86.486,A
S3017,Liam,Brown,student3017@univ.edu,Female,25,CS,73.46,42.25,95.59,87.01,91.04,43.93,49.76,73.801,B
S3018,Liam,Jones,student3018@univ.edu,Male,22,Engineering,97.18,97.43,99.9,76.8,96.76,44.14,82.69,90.846,A
S3019,Maria,Davis,student3019@univ.edu,Male,20,CS,97.93,71.15,85.86,68.16,88.5,78.98,61.73,78.977,B
S3020,Ali,Brown,student3020@univ.edu,Male,23,CS,87.64,96.58,77.93,71.16,65.44,85.42,72.99,80.247,B
S3021,Emma,Brown,student3021@univ.edu,Male,19,Business,59.83,44.28,43.16,93.51,90.48,79.59,69.6,61.801,C
S3022,Sara,Jones,student3022@univ.edu,Female,23,CS,51.2,84.67,55.88,53.02,89.66,43.41,87.84,66.692,C
S3023,Omar,Johnson,student3023@univ.edu,Female,24,Mathematics,61.85,45.9,65.63,55.54,63.85,69.43,87.98,62.039,C
S3024,Maria,Brown,student3024@univ.edu,Male,23,Engineering,52.21,70.35,42.07,75.0,74.48,44.42,97.07,62.538,C
S3025,John,Williams,student3025@univ.edu,Female,22,Business,72.02,55.53,91.23,55.9,83.22,53.65,99.96,75.062,B
S3026,Sara,Brown,student3026@univ.edu,Female,22,Business,57.51,96.51,59.91,62.37,87.7,44.95,97.04,73.103,B
S3027,Omar,Smith,student3027@univ.edu,Female,23,Business,86.25,74.24,56.47,66.84,81.23,51.01,48.02,65.916,C
S3028,Ali,Davis,student3028@univ.edu,Female,19,Mathematics,73.92,51.13,71.31,65.63,55.04,40.25,81.68,64.54,C
S3029,Omar,Jones,student3029@univ.edu,Female,18,Business,85.02,89.48,77.34,75.19,64.23,66.95,89.85,79.634,B
S3030,Sara,Smith,student3030@univ.edu,Male,25,CS,76.85,97.68,52.15,61.03,64.61,79.69,62.46,68.712,C
S3031,Liam,Jones,student3031@univ.edu,Male,25,Engineering,73.37,87.59,92.33,82.96,78.05,81.38,95.21,86.393,A
S3032,Maria,Smith,student3032@univ.edu,Male,25,CS,51.85,42.45,94.13,98.1,94.48,93.7,51.67,75.929,B
S3033,Ahmed,Brown,student3033@univ.edu,Male,24,Business,64.08,57.94,73.68,89.27,76.98,63.29,46.88,69.041,C
S3034,Sara,Davis,student3034@univ.edu,Male,20,Mathematics,54.09,75.68,92.43,75.51,88.43,64.66,40.56,75.733,B
S3035,Liam,Davis,student3035@univ.edu,Female,18,Mathematics,95.2,66.47,73.99,67.13,66.31,79.08,68.46,72.511,B
S3036,Ahmed,Williams,student3036@univ.edu,Female,25,CS,63.23,49.8,41.08,50.25,67.61,45.98,89.29,54.134,D
S3037,Omar,Williams,student3037@univ.edu,Male,21,Business,86.24,89.71,61.7,69.84,76.29,96.71,92.91,77.308,B
S3038,Ahmed,Smith,student3038@univ.edu,Male,19,Mathematics,97.29,49.54,86.51,76.63,78.26,61.44,73.83,75.366,B
S3039,Ali,Smith,student3039@univ.edu,Male,21,Mathematics,87.67,59.43,52.65,50.45,66.7,65.34,40.53,58.006,D
S3040,Emma,Williams,student3040@univ.edu,Female,23,CS,67.14,95.12,67.6,89.86,82.58,76.0,93.23,80.878,B
S3041,Maria,Williams,student3041@univ.edu,Female,20,Business,60.26,57.58,79.47,82.69,60.43,99.37,57.57,70.555,B
S3042,Maria,Williams,student3042@univ.edu,Female,21,Engineering,71.31,79.63,89.68,78.16,84.11,47.4,42.78,76.744,B
S3043,Emma,Davis,student3043@univ.edu,Male,22,CS,55.49,64.54,82.61,58.37,69.66,86.2,57.58,69.029,C
S3044,Maria,Jones,student3044@univ.edu,Male,18,Engineering,63.75,61.69,88.29,86.05,83.6,46.86,45.6,73.371,B
S3045,Ali,Johnson,student3045@univ.edu,Female,23,Business,65.15,93.1,59.69,81.22,79.21,40.29,40.4,69.201,C
S3046,John,Smith,student3046@univ.edu,Male,22,Engineering,69.54,96.02,99.76,85.93,94.33,98.69,47.99,88.142,A
S3047,Ali,Davis,student3047@univ.edu,Male,18,Mathematics,69.65,68.86,49.09,89.88,89.75,79.47,50.48,66.942,C
S3048,Emma,Smith,student3048@univ.edu,Male,25,Mathematics,87.99,69.36,85.09,58.6,50.49,78.82,62.35,72.213,B
S3049,Sara,Johnson,student3049@univ.edu,Female,23,Business,85.4,98.63,97.51,67.8,61.79,57.58,66.13,83.36,B
S3050,John,Brown,student3050@univ.edu,Male,20,Engineering,64.94,89.73,75.2,50.84,86.31,65.44,56.51,72.18,B
S3051,Liam,Johnson,student3051@univ.edu,Male,24,CS,61.8,94.85,60.65,65.9,85.56,70.32,92.43,74.545,B
S3052,Sara,Jones,student3052@univ.edu,Female,20,Mathematics,87.64,79.0,90.01,77.3,72.79,69.59,69.45,80.865,B
S3053,Omar,Smith,student3053@univ.edu,Female,19,Mathematics,71.6,69.79,95.02,90.69,55.22,99.67,86.47,82.38,B
S3054,Omar,Davis,student3054@univ.edu,Male,18,CS,57.54,99.95,59.38,63.52,83.41,69.75,93.51,74.266,B
S3055,Sara,Davis,student3055@univ.edu,Male,23,Engineering,85.5,92.1,59.38,54.76,94.77,77.43,92.66,75.612,B
S3056,John,Jones,student3056@univ.edu,Female,20,Business,65.2,77.97,67.71,71.53,60.96,81.48,65.61,69.887,C
S3057,John,Davis,student3057@univ.edu,Male,18,CS,83.97,70.28,44.53,83.63,60.68,73.41,69.77,65.072,C
S3058,Omar,Jones,student3058@univ.edu,Male,18,Engineering,69.59,72.39,52.77,79.35,99.11,93.5,61.27,69.883,C
S3059,Omar,Davis,student3059@univ.edu,Male,20,Mathematics,53.86,79.77,83.51,51.48,94.67,43.14,91.96,74.935,B
S3060,Emma,Williams,student3060@univ.edu,Male,24,Mathematics,53.83,82.87,76.45,52.94,92.15,79.98,54.56,71.503,B
S3061,Ali,Brown,student3061@univ.edu,Female,22,Mathematics,80.9,71.75,54.13,65.41,66.16,66.01,44.42,62.849,C
S3062,Emma,Jones,student3062@univ.edu,Female,20,Mathematics,82.61,51.81,71.55,90.32,94.02,64.96,74.17,73.703,B
S3063,Emma,Jones,student3063@univ.edu,Female,18,Engineering,72.98,98.77,86.72,86.95,77.38,77.1,56.19,83.323,B
S3064,Emma,Jones,student3064@univ.edu,Female,23,CS,66.55,42.35,64.16,87.63,72.32,40.95,48.96,61.693,C
S3065,Emma,Smith,student3065@univ.edu,Male,25,CS,52.72,93.03,83.31,51.92,53.67,62.36,70.11,72.155,B
S3066,Sara,Davis,student3066@univ.edu,Female,25,Business,82.73,52.18,94.91,71.89,51.5,66.08,80.5,74.469,B
S3067,Sara,Davis,student3067@univ.edu,Female,19,Engineering,50.92,84.13,87.62,97.3,53.74,86.41,81.0,80.593,B
S3068,Liam,Brown,student3068@univ.edu,Female,19,CS,78.88,42.87,54.14,91.82,85.65,72.74,83.43,67.022,C
S3069,Emma,Johnson,student3069@univ.edu,Male,23,CS,84.79,71.53,95.08,90.04,82.71,54.46,90.38,84.847,B
S3070,Omar,Brown,student3070@univ.edu,Male,23,CS,59.1,93.81,69.13,53.36,60.73,68.25,49.23,67.823,C
S3071,Ali,Jones,student3071@univ.edu,Female,23,Business,60.68,50.04,86.52,85.75,84.24,40.66,40.06,69.357,C
S3072,Maria,Davis,student3072@univ.edu,Male,24,CS,83.83,62.46,45.54,83.18,98.55,88.16,85.29,69.806,C
S3073,John,Smith,student3073@univ.edu,Female,23,CS,99.02,83.67,40.97,83.16,53.31,89.05,61.25,67.309,C
S3074,John,Smith,student3074@univ.edu,Female,18,Engineering,79.71,60.98,61.69,86.79,81.21,59.47,58.92,68.679,C
S3075,John,Brown,student3075@univ.edu,Female,25,Business,57.0,80.05,70.54,52.38,51.76,86.36,74.04,67.627,C
S3076,Maria,Williams,student3076@univ.edu,Female,19,Business,50.18,95.52,56.56,95.62,74.48,97.85,84.32,76.206,B
S3077,Emma,Johnson,student3077@univ.edu,Female,20,Engineering,63.22,92.94,47.18,80.14,90.99,51.23,94.34,72.18,B
S3078,Omar,Smith,student3078@univ.edu,Female,20,Mathematics,72.56,83.79,90.68,69.56,82.64,46.02,75.87,79.804,B
S3079,Ali,Smith,student3079@univ.edu,Female,22,Engineering,95.73,96.47,97.14,93.6,72.24,76.76,58.66,88.977,A
S3080,Emma,Jones,student3080@univ.edu,Female,18,CS,63.91,51.93,76.9,73.08,73.09,70.57,60.2,67.666,C
S3081,Sara,Jones,student3081@univ.edu,Female,20,Business,69.42,65.11,48.49,59.33,75.1,53.65,71.8,60.783,C
S3082,Ali,Johnson,student3082@univ.edu,Female,21,Mathematics,62.11,60.87,67.8,50.37,87.97,53.19,46.8,62.417,C
S3083,Omar,Johnson,student3083@univ.edu,Female,22,Engineering,62.42,48.47,86.15,95.97,88.73,45.15,97.75,77.082,B
S3084,Sara,Smith,student3084@univ.edu,Male,22,CS,65.23,61.13,48.61,62.94,55.73,61.5,67.31,58.152,D
S3085,Omar,Jones,student3085@univ.edu,Female,22,CS,76.74,56.32,65.42,86.02,75.32,47.16,49.55,66.312,C
S3086,Ali,Brown,student3086@univ.edu,Male,25,Engineering,53.08,52.81,71.37,63.74,51.89,86.48,68.45,63.2,C
S3087,Ahmed,Williams,student3087@univ.edu,Male,21,CS,86.67,65.2,87.21,86.55,70.35,82.06,88.51,80.841,B
S3088,Sara,Johnson,student3088@univ.edu,Female,24,Business,84.34,77.44,91.08,52.47,66.83,64.5,69.76,76.0,B
S3089,Omar,Brown,student3089@univ.edu,Female,21,Mathematics,67.9,66.9,42.57,95.85,79.18,72.85,73.48,66.227,C
S3090,John,Jones,student3090@univ.edu,Female,18,Mathematics,95.02,65.98,88.86,78.32,62.86,80.96,84.54,79.892,B
S3091,Sara,Brown,student3091@univ.edu,Female,25,Mathematics,55.25,79.34,60.11,71.0,71.36,94.35,43.02,66.232,C
S3092,John,Jones,student3092@univ.edu,Male,20,CS,57.45,51.19,95.99,94.23,73.65,67.43,77.15,77.366,B
S3093,Omar,Jones,student3093@univ.edu,Female,23,Engineering,99.72,98.25,46.53,76.33,77.37,79.81,65.8,73.338,B
S3094,Omar,Davis,student3094@univ.edu,Male,23,Engineering,88.47,99.33,46.4,83.14,98.82,45.25,93.01,76.55,B
S3095,Ali,Smith,student3095@univ.edu,Female,21,Engineering,75.74,44.85,60.66,56.99,63.93,80.44,78.87,61.592,C
S3096,Liam,Jones,student3096@univ.edu,Female,21,Mathematics,84.95,48.4,98.54,59.41,88.84,65.4,50.63,73.865,B
S3097,Emma,Davis,student3097@univ.edu,Male,25,Business,94.5,45.23,53.48,61.36,83.17,97.45,72.96,64.23,C
S3098,Emma,Johnson,student3098@univ.edu,Male,18,Business,85.34,71.03,60.69,92.85,79.46,96.11,47.47,72.373,B
S3099,Omar,Johnson,student3099@univ.edu,Female,21,Mathematics,84.15,57.45,81.81,81.75,90.76,80.7,87.66,78.587,B
S3100,Ali,Davis,student3100@univ.edu,Male,24,Business,84.44,40.63,63.6,83.49,59.06,46.28,86.7,65.063,C
S3101,Liam,Brown,student3101@univ.edu,Female,18,Mathematics,64.93,63.91,71.59,66.12,83.15,67.81,57.99,68.175,C
S3102,Ali,Williams,student3102@univ.edu,Male,23,Business,78.56,42.31,91.7,97.92,53.12,94.13,55.0,74.035,B
S3103,Sara,Johnson,student3103@univ.edu,Male,18,Business,98.45,96.26,44.36,97.83,68.83,71.47,62.29,73.765,B
S3104,Liam,Johnson,student3104@univ.edu,Male,18,Business,84.2,59.71,48.12,58.06,53.02,99.74,91.44,62.94,C
S3105,Sara,Davis,student3105@univ.edu,Female,22,Mathematics,83.05,83.03,64.35,99.45,82.09,77.84,48.95,76.129,B
S3106,Ahmed,Davis,student3106@univ.edu,Male,23,Engineering,90.01,82.14,71.82,65.65,97.76,83.96,44.03,75.199,B
S3107,Maria,Williams,student3107@univ.edu,Male,18,CS,62.17,44.38,93.44,52.56,91.01,64.81,87.51,72.102,B
S3108,John,Williams,student3108@univ.edu,Male,25,Mathematics,83.53,79.91,72.18,70.87,58.67,94.77,92.32,76.457,B
S3109,Ahmed,Johnson,student3109@univ.edu,Male,25,CS,86.83,76.89,54.83,83.15,79.11,69.15,76.8,72.031,B
S3110,Ali,Johnson,student3110@univ.edu,Female,18,Mathematics,57.26,70.9,67.65,88.81,93.24,46.87,75.28,72.718,B
S3111,Sara,Jones,student3111@univ.edu,Female,19,Business,57.12,91.69,77.48,73.74,85.89,58.09,87.69,78.618,B
S3112,John,Jones,student3112@univ.edu,Female,18,Business,84.17,57.91,79.21,51.31,92.39,82.11,70.41,71.844,B
S3113,Sara,Williams,student3113@univ.edu,Male,20,Engineering,93.32,66.16,40.43,57.7,62.58,61.91,41.83,56.885,D
S3114,John,Smith,student3114@univ.edu,Female,25,Engineering,64.16,79.98,73.22,66.95,84.35,89.4,84.76,75.802,B
S3115,Maria,Brown,student3115@univ.edu,Male,22,Business,89.2,95.39,88.45,60.63,78.33,82.87,87.12,84.316,B
S3116,Emma,Brown,student3116@univ.edu,Female,24,Business,52.46,56.7,96.79,96.68,90.15,95.19,87.32,82.632,B
S3117,Ahmed,Davis,student3117@univ.edu,Male,23,Engineering,73.71,66.62,97.48,91.62,85.69,83.72,67.44,83.181,B
S3118,Ali,Johnson,student3118@univ.edu,Male,25,Mathematics,84.09,49.39,62.66,90.25,87.15,80.31,91.2,72.473,B
S3119,Liam,Davis,student3119@univ.edu,Male,24,CS,69.48,83.19,65.42,81.63,95.31,40.6,75.29,74.547,B
S3120,Ahmed,Davis,student3120@univ.edu,Female,18,Mathematics,72.43,48.38,98.42,89.56,70.47,59.6,87.56,78.662,B
S3121,Liam,Smith,student3121@univ.edu,Female,21,Engineering,70.92,97.7,73.65,53.52,97.81,95.12,88.5,80.142,B
S3122,Omar,Jones,student3122@univ.edu,Male,20,Mathematics,77.31,82.46,95.83,71.92,77.38,60.28,94.86,83.998,B
S3123,Ahmed,Johnson,student3123@univ.edu,Male,23,CS,54.98,94.55,69.29,64.17,52.49,85.32,68.38,71.174,B
S3124,John,Jones,student3124@univ.edu,Male,24,Engineering,85.61,65.04,80.06,52.25,52.19,49.9,64.04,67.543,C
S3125,Ali,Smith,student3125@univ.edu,Female,24,CS,54.85,89.37,52.91,72.08,64.97,41.07,50.83,63.677,C
S3126,Omar,Jones,student3126@univ.edu,Male,25,Mathematics,52.73,58.6,89.79,50.93,83.55,93.24,94.89,74.076,B
S3127,Sara,Davis,student3127@univ.edu,Female,19,Engineering,70.5,66.2,56.58,83.49,81.19,77.62,78.08,69.596,C
S3128,Omar,Smith,student3128@univ.edu,Female,25,Engineering,50.57,89.18,89.03,50.66,52.77,89.63,98.54,76.814,B
S3129,Maria,Davis,student3129@univ.edu,Male,19,Engineering,58.61,79.63,76.57,82.15,85.49,44.34,79.03,75.749,B
S3130,Emma,Davis,student3130@univ.edu,Male,21,CS,98.27,76.71,67.9,93.19,85.2,55.09,50.02,75.794,B
S3131,John,Brown,student3131@univ.edu,Male,24,CS,52.72,77.36,65.67,69.77,73.61,75.66,55.78,67.633,C
S3132,Omar,Jones,student3132@univ.edu,Male,19,Mathematics,79.36,96.76,71.77,56.25,62.09,42.74,98.49,75.452,B
S3133,Emma,Jones,student3133@univ.edu,Female,24,CS,72.19,96.3,59.1,93.51,86.38,44.05,86.11,77.687,B
S3134,Liam,Johnson,student3134@univ.edu,Female,25,Business,97.53,48.96,40.19,94.49,76.69,85.78,62.07,63.941,C
S3135,Liam,Johnson,student3135@univ.edu,Male,23,CS,73.64,70.47,47.34,82.38,80.71,49.89,93.72,67.954,C
S3136,Ahmed,Davis,student3136@univ.edu,Female,25,Business,61.78,69.82,94.79,85.97,67.5,80.62,67.62,79.018,B
S3137,Liam,Davis,student3137@univ.edu,Male,20,CS,76.77,46.64,56.43,74.49,65.3,92.54,85.55,64.82,C
S3138,Maria,Smith,student3138@univ.edu,Female,25,Engineering,77.92,78.72,95.96,52.14,68.01,86.42,99.71,81.238,B
S3139,Liam,Jones,student3139@univ.edu,Male,22,Business,50.18,66.38,82.8,67.23,60.72,86.72,55.29,69.156,C
S3140,Ali,Brown,student3140@univ.edu,Male,25,Engineering,62.42,65.72,93.0,98.51,98.13,88.17,58.5,82.134,B
S3141,Liam,Brown,student3141@univ.edu,Male,25,Business,93.14,74.85,44.95,93.46,94.78,98.74,65.39,72.742,B
S3142,Maria,Davis,student3142@univ.edu,Male,23,Mathematics,67.04,72.02,77.61,81.78,70.1,70.68,81.79,75.381,B
S3143,Omar,Davis,student3143@univ.edu,Female,23,Business,95.09,76.13,49.12,69.87,62.01,75.01,75.6,67.463,C
S3144,Maria,Johnson,student3144@univ.edu,Male,19,Engineering,88.36,53.17,69.84,98.75,67.69,66.14,61.89,71.499,B
S3145,Emma,Jones,student3145@univ.edu,Male,25,Mathematics,83.81,76.34,69.64,88.23,93.06,89.8,47.27,76.298,B
S3146,Ahmed,Johnson,student3146@univ.edu,Female,22,CS,83.75,83.73,55.09,87.41,90.57,65.55,73.44,74.438,B
S3147,Ali,Brown,student3147@univ.edu,Female,23,Business,64.71,50.93,71.18,59.93,64.74,42.62,61.06,61.712,C
S3148,John,Williams,student3148@univ.edu,Male,20,Business,75.95,98.73,88.05,75.46,69.13,52.92,83.09,82.943,B
S3149,Ahmed,Jones,student3149@univ.edu,Male,23,Mathematics,86.12,77.38,67.43,73.83,87.13,81.34,52.3,73.402,B
S3150,Maria,Johnson,student3150@univ.edu,Male,24,Engineering,89.89,70.33,85.91,82.82,71.82,67.78,71.43,78.965,B
S3151,Ahmed,Brown,student3151@univ.edu,Male,20,Mathematics,70.4,99.73,51.88,75.12,81.35,65.54,60.72,71.302,B
S3152,Sara,Johnson,student3152@univ.edu,Female,20,Mathematics,71.49,95.12,46.6,95.21,51.32,82.94,58.09,69.523,C
S3153,Emma,Smith,student3153@univ.edu,Male,23,Business,53.52,58.77,68.08,56.55,70.16,57.09,43.45,60.228,C
S3154,Emma,Williams,student3154@univ.edu,Female,18,Business,81.57,81.09,72.06,59.84,96.34,74.47,60.39,74.365,B
S3155,Emma,Brown,student3155@univ.edu,Female,22,CS,54.66,97.2,43.58,97.49,62.46,46.21,60.17,67.177,C
S3156,Sara,Brown,student3156@univ.edu,Female,20,Mathematics,62.77,88.71,44.81,64.64,93.85,69.69,61.27,66.154,C
S3157,John,Jones,student3157@univ.edu,Male,23,CS,74.6,74.11,84.98,97.82,82.18,89.66,64.04,81.554,B
S3158,Maria,Jones,student3158@univ.edu,Male,22,Engineering,51.78,43.41,63.64,65.46,77.61,89.97,48.36,59.867,D
S3159,Emma,Brown,student3159@univ.edu,Female,24,CS,85.56,57.48,81.33,81.16,92.01,85.83,71.46,77.263,B
S3160,Ahmed,Johnson,student3160@univ.edu,Female,21,Business,79.84,62.93,96.41,71.6,99.21,63.6,76.9,81.024,B
S3161,Emma,Brown,student3161@univ.edu,Female,19,Engineering,81.89,86.52,59.34,72.09,88.34,81.64,60.06,73.031,B
S3162,Ahmed,Brown,student3162@univ.edu,Female,25,Business,88.19,89.53,90.69,90.3,57.32,47.6,56.86,81.275,B
S3163,Liam,Smith,student3163@univ.edu,Male,24,CS,60.11,90.29,76.59,62.13,86.75,69.78,91.11,77.641,B
S3164,Liam,Brown,student3164@univ.edu,Female,23,CS,65.93,61.61,63.64,62.14,70.52,71.25,84.13,66.356,C
S3165,Emma,Williams,student3165@univ.edu,Male,18,Engineering,88.27,56.36,82.21,92.1,76.13,61.77,57.27,75.005,B
S3166,Ahmed,Jones,student3166@univ.edu,Female,18,CS,89.19,72.68,47.12,72.25,73.72,98.18,91.43,69.852,C
S3167,Maria,Williams,student3167@univ.edu,Male,24,CS,72.15,78.45,57.17,62.74,54.26,64.14,45.69,62.669,C
S3168,Maria,Williams,student3168@univ.edu,Female,23,Mathematics,85.93,73.19,93.48,56.82,96.95,57.07,95.07,81.853,B
S3169,Emma,Smith,student3169@univ.edu,Female,24,Mathematics,98.7,95.11,66.82,66.28,81.6,41.03,42.31,73.323,B
S3170,Maria,Jones,student3170@univ.edu,Male,20,Mathematics,71.3,46.35,97.4,53.56,50.46,91.48,88.6,72.134,B
S3171,Liam,Smith,student3171@univ.edu,Female,18,CS,75.2,93.93,41.92,77.54,77.23,93.22,76.12,70.509,B
S3172,Maria,Johnson,student3172@univ.edu,Female,18,CS,59.75,49.89,90.28,76.47,55.02,61.74,83.75,71.472,B
S3173,Ahmed,Jones,student3173@univ.edu,Male,20,Engineering,66.5,56.45,99.65,69.91,78.46,73.79,78.2,77.677,B
S3174,Sara,Johnson,student3174@univ.edu,Male,23,Business,79.9,90.62,62.59,86.36,62.31,69.17,62.42,73.777,B
S3175,Omar,Brown,student3175@univ.edu,Female,19,Mathematics,51.81,65.96,93.27,56.8,69.73,40.87,46.51,68.541,C
S3176,Omar,Smith,student3176@univ.edu,Male,21,CS,78.35,68.75,76.58,57.18,75.87,76.04,82.15,72.74,B
S3177,Ali,Williams,student3177@univ.edu,Male,25,Engineering,79.87,42.22,92.14,83.13,72.74,49.56,80.3,74.325,B
S3178,Ali,Brown,student3178@univ.edu,Female,24,Engineering,55.83,90.28,46.64,82.93,62.16,98.37,91.53,70.358,B
S3179,Emma,Smith,student3179@univ.edu,Male,19,Mathematics,61.45,51.51,77.3,93.39,99.54,55.05,90.34,75.386,B
S3180,Ali,Johnson,student3180@univ.edu,Male,25,Business,87.39,41.13,97.34,55.47,82.64,80.59,40.04,70.785,B
S3181,Ali,Johnson,student3181@univ.edu,Female,18,Engineering,89.61,82.88,94.14,80.44,63.56,76.38,46.75,80.695,B
S3182,Ahmed,Davis,student3182@univ.edu,Male,21,Business,59.0,83.92,53.21,86.32,86.31,66.34,52.09,68.752,C
S3183,Ahmed,Johnson,student3183@univ.edu,Female,24,Mathematics,77.09,92.24,78.29,88.25,79.33,93.35,66.31,82.113,B
S3184,Omar,Davis,student3184@univ.edu,Male,21,CS,63.52,79.4,59.34,61.1,88.1,70.65,68.22,68.364,C
S3185,John,Davis,student3185@univ.edu,Male,18,Business,94.25,98.28,90.99,99.58,56.37,77.88,83.92,89.238,A
S3186,John,Davis,student3186@univ.edu,Female,25,Mathematics,60.67,99.14,88.35,54.05,93.41,87.57,60.97,80.324,B
S3187,Ahmed,Davis,student3187@univ.edu,Male,18,Engineering,65.58,45.59,74.3,94.66,93.82,82.11,83.51,74.004,B
S3188,Emma,Smith,student3188@univ.edu,Female,20,Business,62.94,65.69,82.16,88.76,90.98,63.42,81.61,77.824,B
S3189,Emma,Brown,student3189@univ.edu,Male,22,CS,51.84,56.66,84.15,54.06,73.4,72.08,41.91,65.005,C
S3190,Maria,Smith,student3190@univ.edu,Male,25,Engineering,92.1,40.62,62.86,61.85,60.27,51.87,75.66,61.656,C
S3191,Maria,Brown,student3191@univ.edu,Female,25,Engineering,76.48,79.27,47.31,56.59,74.82,83.1,55.22,63.343,C
S3192,John,Davis,student3192@univ.edu,Male,19,CS,75.83,42.43,56.24,89.67,86.19,64.7,86.35,66.88,C
S3193,Omar,Williams,student3193@univ.edu,Male,20,CS,53.97,91.96,82.38,99.8,92.48,67.76,89.23,85.032,A
S3194,Emma,Brown,student3194@univ.edu,Male,23,Engineering,89.28,88.72,96.09,79.48,73.01,63.32,91.12,87.0,A
S3195,Sara,Johnson,student3195@univ.edu,Male,19,Business,62.28,67.02,49.64,76.8,60.84,87.47,42.18,60.719,C
S3196,Ahmed,Brown,student3196@univ.edu,Female,24,CS,61.08,73.45,78.04,93.24,50.58,42.26,40.8,69.447,C
S3197,Omar,Williams,student3197@univ.edu,Male,22,CS,84.03,77.27,79.48,83.6,55.07,61.6,74.14,76.242,B
S3198,Sara,Brown,student3198@univ.edu,Female,20,CS,98.74,41.5,57.13,59.71,80.18,84.88,40.07,60.538,C
S3199,Ali,Johnson,student3199@univ.edu,Female,22,Mathematics,70.26,95.06,78.09,66.64,70.13,80.19,96.38,80.122,B
S3200,Sara,Davis,student3200@univ.edu,Male,21,Engineering,77.77,65.14,40.74,68.06,52.93,72.89,83.54,60.528,C
S3201,Sara,Brown,student3201@univ.edu,Male,20,CS,90.33,68.99,88.94,86.12,61.18,64.44,49.3,76.701,B
S3202,Ahmed,Brown,student3202@univ.edu,Female,19,Business,68.31,75.29,96.93,93.89,52.42,99.93,56.92,80.982,B
S3203,Ahmed,Williams,student3203@univ.edu,Male,21,CS,94.94,47.14,83.78,70.13,54.8,53.46,60.81,68.809,C
S3204,Liam,Williams,student3204@univ.edu,Male,24,Engineering,76.56,85.48,77.35,96.21,72.85,45.32,60.89,78.029,B
S3205,Sara,Jones,student3205@univ.edu,Male,20,Mathematics,60.63,65.11,98.71,67.48,85.66,57.41,45.94,74.85,B
S3206,John,Williams,student3206@univ.edu,Male,22,CS,68.33,79.59,45.31,88.96,89.1,76.14,77.79,70.184,B
S3207,Maria,Smith,student3207@univ.edu,Male,24,CS,98.23,88.71,88.23,76.88,94.89,81.56,81.98,87.331,A
S3208,Emma,Davis,student3208@univ.edu,Male,20,Engineering,93.57,85.95,90.47,74.66,98.69,53.24,44.67,81.885,B
S3209,Liam,Smith,student3209@univ.edu,Female,24,Engineering,98.37,76.24,73.94,61.47,68.72,48.62,47.79,70.569,B
S3210,Liam,Smith,student3210@univ.edu,Female,21,CS,54.27,53.05,97.04,79.46,62.14,90.54,97.84,77.593,B
S3211,Ali,Williams,student3211@univ.edu,Male,18,Business,70.42,50.55,80.04,80.54,93.27,97.95,51.24,72.594,B
S3212,Emma,Brown,student3212@univ.edu,Female,23,Engineering,59.22,50.08,78.66,58.13,68.81,48.71,44.98,62.07,C
S3213,Omar,Jones,student3213@univ.edu,Male,20,Engineering,75.68,83.94,98.64,73.55,89.36,76.74,52.16,82.97,B
S3214,Maria,Davis,student3214@univ.edu,Female,18,Mathematics,92.87,50.78,74.47,51.99,88.71,58.72,80.92,69.481,C
S3215,Omar,Brown,student3215@univ.edu,Male,19,Business,64.98,82.93,80.37,90.93,80.05,52.69,41.54,75.628,B
S3216,Sara,Williams,student3216@univ.edu,Female,23,Engineering,50.03,46.71,77.17,82.85,70.43,49.2,80.52,67.478,C
S3217,Ali,Smith,student3217@univ.edu,Male,18,Engineering,51.75,99.46,97.37,50.59,78.41,98.95,69.08,81.563,B
S3218,John,Jones,student3218@univ.edu,Male,18,Business,83.5,86.13,51.05,81.53,86.08,41.65,55.8,69.391,C
S3219,Ali,Williams,student3219@univ.edu,Female,18,Engineering,93.96,90.94,64.73,87.03,94.72,52.22,82.91,80.431,B
S3220,Ali,Smith,student3220@univ.edu,Female,18,CS,62.4,93.17,63.32,65.25,69.68,58.45,46.34,68.182,C
S3221,Emma,Jones,student3221@univ.edu,Female,24,Mathematics,77.27,90.05,82.1,67.65,77.52,60.64,94.65,80.764,B
S3222,Omar,Johnson,student3222@univ.edu,Male,20,Mathematics,87.63,51.14,60.64,85.49,77.99,51.53,48.56,65.238,C
S3223,John,Williams,student3223@univ.edu,Male,21,Engineering,92.27,85.78,74.44,56.61,60.69,58.58,97.99,76.004,B
S3224,Ali,Smith,student3224@univ.edu,Male,24,Mathematics,80.45,57.02,91.39,52.78,66.72,72.88,55.3,70.629,B
S3225,John,Williams,student3225@univ.edu,Male,21,Engineering,82.2,51.55,50.12,79.99,80.68,44.99,78.75,63.757,C
S3226,Liam,Brown,student3226@univ.edu,Female,25,Business,95.03,58.45,46.62,88.84,51.25,72.7,44.64,61.729,C
S3227,Sara,Johnson,student3227@univ.edu,Male,25,Business,75.89,52.89,79.27,59.11,67.29,82.05,86.73,70.319,B
S3228,Maria,Brown,student3228@univ.edu,Male,20,Business,67.87,55.37,62.75,70.62,84.56,75.33,83.42,67.844,C
S3229,Omar,Williams,student3229@univ.edu,Female,19,Business,70.19,85.6,83.67,81.65,66.13,51.49,56.25,76.3,B
S3230,John,Williams,student3230@univ.edu,Female,20,Mathematics,74.09,81.48,96.62,61.23,97.6,41.56,41.17,77.831,B
S3231,Ali,Williams,student3231@univ.edu,Male,20,Business,76.17,79.16,76.51,63.63,60.76,85.54,89.26,75.225,B
S3232,Sara,Johnson,student3232@univ.edu,Male,22,Mathematics,63.83,94.08,95.34,79.41,81.43,59.09,62.83,83.093,B
S3233,Sara,Davis,student3233@univ.edu,Male,22,CS,83.56,55.97,40.13,50.45,84.44,58.96,60.72,56.621,D
S3234,Maria,Jones,student3234@univ.edu,Male,20,Engineering,87.63,50.63,84.38,95.36,89.78,63.38,51.4,75.794,B
S3235,John,Jones,student3235@univ.edu,Male,22,Business,83.12,97.33,76.62,76.96,80.7,75.68,42.11,78.373,B
S3236,Ahmed,Jones,student3236@univ.edu,Male,20,Mathematics,87.28,53.62,89.64,52.9,54.57,70.34,62.03,69.456,C
S3237,Omar,Jones,student3237@univ.edu,Female,19,CS,61.82,82.68,75.31,68.11,67.85,42.59,50.72,69.514,C
S3238,Omar,Smith,student3238@univ.edu,Female,19,CS,96.08,42.24,68.83,66.83,99.16,44.6,41.12,64.987,C
S3239,Liam,Johnson,student3239@univ.edu,Male,22,CS,82.29,56.56,70.56,81.22,78.37,74.93,40.6,68.536,C
S3240,Liam,Johnson,student3240@univ.edu,Male,20,Engineering,89.12,52.58,84.96,71.28,86.85,75.0,78.12,75.855,B
S3241,Maria,Smith,student3241@univ.edu,Male,18,Engineering,70.84,82.42,74.02,94.26,65.38,59.22,79.49,77.361,B
S3242,Emma,Johnson,student3242@univ.edu,Male,18,Mathematics,96.72,87.29,43.79,91.8,85.8,45.02,98.3,74.698,B
S3243,Ali,Johnson,student3243@univ.edu,Female,25,Engineering,99.8,91.55,55.37,96.09,78.24,78.59,89.5,80.018,B
S3244,Ali,Johnson,student3244@univ.edu,Female,25,Mathematics,51.69,67.98,68.14,70.37,82.79,88.42,88.97,71.36,B
S3245,Emma,Johnson,student3245@univ.edu,Male,23,Mathematics,83.25,68.22,67.25,93.04,89.27,66.21,68.27,75.165,B
S3246,Ali,Jones,student3246@univ.edu,Female,25,Engineering,70.09,94.29,50.13,88.09,67.5,79.49,73.03,72.147,B
S3247,Maria,Johnson,student3247@univ.edu,Male,23,Business,88.13,61.05,43.6,91.98,57.32,89.56,91.95,67.305,C
S3248,Emma,Davis,student3248@univ.edu,Female,24,Mathematics,57.75,66.15,80.64,59.87,53.81,64.4,86.91,69.469,C
S3249,Ahmed,Jones,student3249@univ.edu,Male,21,Engineering,53.6,60.3,59.88,96.26,66.4,42.43,50.44,63.629,C
S3250,Sara,Johnson,student3250@univ.edu,Male,24,CS,80.91,74.64,55.18,96.7,68.28,45.45,64.3,69.608,C
S3251,John,Jones,student3251@univ.edu,Female,24,Mathematics,51.67,95.05,82.6,80.81,99.32,51.68,67.58,80.352,B
S3252,Ahmed,Jones,student3252@univ.edu,Female,18,CS,70.29,40.63,66.85,58.51,81.51,49.45,88.62,63.472,C
S3253,Omar,Johnson,student3253@univ.edu,Male,23,CS,89.04,59.29,92.04,53.17,97.65,98.82,97.55,80.811,B
S3254,Ahmed,Jones,student3254@univ.edu,Female,18,CS,64.32,91.88,66.68,61.23,50.02,94.83,64.03,70.143,B
S3255,John,Brown,student3255@univ.edu,Female,19,Business,95.27,93.79,89.18,99.37,85.42,45.21,63.04,87.051,A
S3256,Omar,Smith,student3256@univ.edu,Female,19,Engineering,93.91,68.31,99.81,75.25,54.71,71.53,62.19,79.55,B
S3257,Emma,Williams,student3257@univ.edu,Male,18,Mathematics,95.03,99.35,49.33,90.14,89.15,83.58,58.88,76.675,B
S3258,Ali,Jones,student3258@univ.edu,Female,18,CS,89.25,97.34,97.41,96.35,94.52,49.46,93.95,93.388,A
S3259,Emma,Brown,student3259@univ.edu,Female,25,Business,67.33,41.42,93.23,71.74,64.17,77.29,71.73,71.202,B
S3260,Ali,Williams,student3260@univ.edu,Female,24,Mathematics,93.37,96.07,62.53,73.89,78.7,93.69,93.56,80.304,B
S3261,Maria,Davis,student3261@univ.edu,Male,21,Engineering,95.78,57.78,68.36,93.08,88.93,74.55,80.71,76.296,B
S3262,Emma,Johnson,student3262@univ.edu,Female,23,CS,68.66,83.88,67.67,84.58,54.33,45.92,46.14,68.973,C
S3263,Sara,Jones,student3263@univ.edu,Male,19,CS,68.18,44.59,52.29,93.94,83.19,50.61,66.39,63.003,C
S3264,Omar,Williams,student3264@univ.edu,Female,25,Engineering,94.48,83.77,80.11,64.5,59.87,89.54,61.79,76.553,B
S3265,Emma,Jones,student3265@univ.edu,Male,25,CS,96.17,84.61,67.26,84.02,57.14,74.67,67.97,75.565,B
S3266,Emma,Brown,student3266@univ.edu,Male,22,CS,77.41,84.5,79.3,58.07,51.6,42.84,81.49,72.592,B
S3267,Sara,Jones,student3267@univ.edu,Male,21,Engineering,70.2,46.04,84.17,81.09,51.84,41.98,55.56,66.481,C
S3268,Ali,Brown,student3268@univ.edu,Female,21,Mathematics,51.98,59.58,93.37,50.87,63.98,69.68,94.28,72.066,B
S3269,Liam,Smith,student3269@univ.edu,Female,18,Mathematics,82.3,58.61,61.83,71.92,68.47,72.85,48.65,64.644,C
S3270,John,Jones,student3270@univ.edu,Male,22,Engineering,97.3,47.42,96.44,87.15,70.4,43.16,47.34,75.15,B
S3271,Liam,Davis,student3271@univ.edu,Male,19,Engineering,73.55,88.15,50.07,98.21,62.78,75.4,74.83,72.269,B
S3272,Emma,Davis,student3272@univ.edu,Male,23,Mathematics,62.18,90.12,40.93,85.0,76.77,95.23,66.26,68.335,C
S3273,Omar,Brown,student3273@univ.edu,Male,19,Business,62.04,41.02,78.71,87.48,81.97,70.73,90.88,71.965,B
S3274,Sara,Brown,student3274@univ.edu,Female,24,Mathematics,50.71,60.47,86.5,89.4,76.58,62.18,79.4,75.232,B
S3275,Maria,Brown,student3275@univ.edu,Male,25,Mathematics,74.3,44.5,98.43,50.26,97.14,75.23,51.44,72.017,B
S3276,John,Williams,student3276@univ.edu,Male,19,Mathematics,94.0,74.27,65.71,79.11,86.64,52.72,61.23,73.257,B
S3277,Maria,Smith,student3277@univ.edu,Male,20,Engineering,51.76,60.06,89.71,65.77,92.18,68.48,54.23,72.032,B
S3278,Sara,Johnson,student3278@univ.edu,Female,20,Engineering,59.43,70.28,56.55,97.05,50.03,54.85,47.58,64.025,C
S3279,Sara,Smith,student3279@univ.edu,Female,20,Business,75.24,95.87,49.91,67.44,94.49,82.66,68.32,72.201,B
S3280,Ahmed,Davis,student3280@univ.edu,Male,19,Mathematics,69.97,86.33,52.71,92.17,67.94,60.51,89.5,72.671,B
S3281,Emma,Johnson,student3281@univ.edu,Female,20,CS,99.35,51.5,66.17,63.94,98.0,52.58,59.36,68.042,C
S3282,Maria,Johnson,student3282@univ.edu,Female,18,Engineering,64.85,74.53,94.13,87.18,99.75,55.17,67.38,82.178,B
S3283,Liam,Smith,student3283@univ.edu,Female,24,Business,85.76,50.3,53.56,86.25,69.13,90.03,95.33,68.589,C
S3284,Emma,Brown,student3284@univ.edu,Female,22,Business,91.98,63.09,69.77,99.2,97.62,65.53,64.93,77.158,B
S3285,Emma,Brown,student3285@univ.edu,Female,23,CS,80.91,88.7,81.41,66.01,88.89,64.68,98.63,82.141,B
S3286,Emma,Davis,student3286@univ.edu,Male,20,Business,61.63,80.4,64.71,98.29,75.59,43.83,83.3,74.48,B
S3287,Maria,Jones,student3287@univ.edu,Male,22,Mathematics,64.71,82.91,84.2,59.08,57.19,41.98,61.31,71.124,B
S3288,Omar,Williams,student3288@univ.edu,Female,22,CS,67.05,78.51,68.56,55.01,61.85,42.53,83.68,67.906,C
S3289,Omar,Jones,student3289@univ.edu,Male,20,Mathematics,60.26,81.1,79.35,78.25,92.28,40.15,92.96,78.32,B
S3290,Ali,Johnson,student3290@univ.edu,Male,25,CS,77.4,76.35,99.97,75.06,97.56,68.1,48.6,82.281,B
S3291,Ahmed,Brown,student3291@univ.edu,Male,24,CS,89.27,71.26,68.5,62.47,71.82,91.49,87.81,73.637,B
S3292,Emma,Brown,student3292@univ.edu,Female,18,Engineering,69.08,68.86,88.76,90.81,62.0,42.3,65.27,75.771,B
S3293,Omar,Brown,student3293@univ.edu,Male,22,CS,66.21,42.06,68.87,87.71,75.61,78.47,98.34,70.169,B
S3294,Ali,Brown,student3294@univ.edu,Male,24,Business,91.38,79.27,74.59,76.51,58.33,99.01,66.69,76.298,B
S3295,Maria,Johnson,student3295@univ.edu,Female,20,CS,62.96,45.11,74.26,68.63,59.45,65.97,61.03,63.237,C
S3296,Sara,Smith,student3296@univ.edu,Male,21,CS,70.71,80.08,92.28,73.84,97.11,77.19,72.14,82.632,B
S3297,John,Jones,student3297@univ.edu,Male,25,Engineering,69.78,80.65,77.8,81.83,69.52,58.98,46.3,73.254,B
S3298,Ali,Jones,student3298@univ.edu,Male,19,Mathematics,70.06,53.51,40.56,95.6,50.1,75.58,88.67,61.872,C
S3299,Liam,Brown,student3299@univ.edu,Female,20,Engineering,68.53,92.97,79.8,98.9,69.75,62.52,68.67,81.19,B
S3300,Ali,Brown,student3300@univ.edu,Female,19,Engineering,68.4,93.44,85.69,64.87,65.3,63.09,43.26,74.976,B
S3301,Sara,Johnson,student3301@univ.edu,Female,22,Engineering,89.53,82.89,47.1,86.74,95.55,62.25,67.91,72.13,B
S3302,John,Jones,student3302@univ.edu,Female,21,Mathematics,96.77,69.85,97.41,69.04,94.04,50.44,83.73,83.525,B
S3303,Ali,Johnson,student3303@univ.edu,Male,24,CS,92.19,96.37,55.93,91.03,71.36,87.18,42.71,74.692,B
S3304,Emma,Williams,student3304@univ.edu,Female,20,Engineering,88.49,72.53,62.33,65.0,77.22,67.57,92.35,72.139,B
S3305,Liam,Johnson,student3305@univ.edu,Male,18,CS,78.48,40.8,93.87,92.01,55.23,44.91,90.56,74.795,B
S3306,Maria,Smith,student3306@univ.edu,Female,25,Engineering,60.47,54.62,77.23,69.93,64.95,80.33,45.16,65.657,C
S3307,John,Johnson,student3307@univ.edu,Female,19,CS,65.27,94.32,95.61,85.0,58.1,66.63,81.64,84.13,B
S3308,Ali,Johnson,student3308@univ.edu,Female,25,Business,98.86,55.31,99.22,69.65,90.25,70.89,65.6,80.291,B
S3309,John,Davis,student3309@univ.edu,Male,25,Business,62.79,46.75,40.91,87.21,76.8,65.95,77.82,59.743,D
S3310,Liam,Smith,student3310@univ.edu,Female,25,Engineering,65.46,68.5,77.23,53.03,90.51,96.3,69.89,72.225,B
S3311,Ahmed,Smith,student3311@univ.edu,Male,18,Engineering,70.42,88.3,98.02,91.87,65.44,99.79,82.44,87.666,A
S3312,Liam,Jones,student3312@univ.edu,Female,19,Mathematics,79.98,75.98,71.85,74.34,60.87,91.96,97.38,76.323,B
S3313,Emma,Davis,student3313@univ.edu,Male,19,Mathematics,85.13,87.47,97.71,98.26,89.5,45.46,40.12,85.294,A
S3314,Omar,Davis,student3314@univ.edu,Female,23,Mathematics,66.02,67.94,56.91,67.42,67.18,66.97,90.44,66.487,C
S3315,Maria,Jones,student3315@univ.edu,Male,21,Business,62.86,83.44,57.11,98.41,72.59,69.82,91.86,74.804,B
S3316,Maria,Brown,student3316@univ.edu,Male,24,Engineering,69.72,78.84,93.19,61.1,97.25,93.18,98.31,84.077,B
S3317,Liam,Johnson,student3317@univ.edu,Male,20,Business,89.98,92.71,62.37,51.05,81.0,45.61,71.38,71.427,B
S3318,Sara,Smith,student3318@univ.edu,Female,24,Engineering,97.26,87.76,73.42,59.6,64.99,48.73,41.52,71.331,B
S3319,Ahmed,Johnson,student3319@univ.edu,Male,18,Mathematics,62.54,42.25,60.39,95.12,56.65,98.42,77.58,65.433,C
S3320,John,Johnson,student3320@univ.edu,Male,21,Mathematics,59.26,89.83,91.71,51.64,69.65,46.68,77.7,76.22,B
S3321,Ali,Johnson,student3321@univ.edu,Male,20,Engineering,98.15,48.18,41.71,71.28,96.26,41.39,65.91,60.942,C
S3322,Liam,Brown,student3322@univ.edu,Male,23,CS,63.27,40.66,67.15,88.16,97.8,93.03,71.77,69.436,C
S3323,Sara,Brown,student3323@univ.edu,Female,24,CS,85.39,48.74,70.84,88.3,85.43,51.8,84.79,72.396,B
S3324,Ali,Jones,student3324@univ.edu,Female,19,Business,69.9,52.18,88.09,54.84,77.96,99.33,41.27,68.968,C
S3325,John,Brown,student3325@univ.edu,Female,23,CS,62.23,77.04,61.39,73.12,96.76,79.88,42.11,68.897,C
S3326,John,Johnson,student3326@univ.edu,Female,25,Engineering,71.19,44.8,92.35,51.96,66.61,73.16,47.64,66.661,C
S3327,Maria,Davis,student3327@univ.edu,Male,23,CS,82.17,89.2,97.17,94.17,95.81,74.24,69.18,89.545,A
S3328,Maria,Jones,student3328@univ.edu,Female,25,Mathematics,79.49,70.84,87.95,52.71,92.84,94.32,85.77,78.986,B
S3329,Emma,Jones,student3329@univ.edu,Male,18,Mathematics,87.96,74.7,99.1,96.12,68.16,52.78,70.51,84.39,B
S3330,Liam,Davis,student3330@univ.edu,Male,19,Business,86.57,77.57,66.5,95.82,80.55,47.0,81.31,77.03,B
S3331,Maria,Davis,student3331@univ.edu,Male,24,Business,86.78,65.43,83.89,86.13,88.23,42.81,63.65,77.179,B
S3332,Sara,Johnson,student3332@univ.edu,Male,19,Business,82.09,90.03,68.74,70.13,75.75,52.69,62.68,73.834,B
S3333,Ahmed,Williams,student3333@univ.edu,Male,23,Business,99.23,61.4,63.77,71.51,74.02,76.24,91.17,72.392,B
S3334,Sara,Davis,student3334@univ.edu,Male,24,Engineering,97.53,45.78,46.82,64.8,77.56,91.46,87.55,63.759,C
S3335,Ahmed,Smith,student3335@univ.edu,Male,20,Business,90.79,92.5,58.12,92.34,92.37,75.39,73.97,79.269,B
S3336,Ahmed,Brown,student3336@univ.edu,Female,18,Engineering,66.93,81.07,87.25,89.38,92.25,68.29,45.26,79.654,B
S3337,Liam,Jones,student3337@univ.edu,Male,24,Mathematics,52.75,98.0,70.4,90.67,67.66,89.3,55.59,76.386,B
S3338,Omar,Brown,student3338@univ.edu,Female,23,Engineering,61.02,65.97,48.53,71.59,93.96,62.97,82.55,65.393,C
S3339,Omar,Brown,student3339@univ.edu,Female,23,Mathematics,55.38,73.14,93.14,77.16,54.41,90.45,89.07,78.552,B
S3340,John,Williams,student3340@univ.edu,Male,24,Mathematics,78.49,83.31,77.7,64.82,93.48,54.07,73.78,76.974,B
S3341,Ahmed,Davis,student3341@univ.edu,Male,18,CS,67.75,67.53,73.32,62.61,73.32,54.41,43.29,66.05,C
S3342,Emma,Williams,student3342@univ.edu,Female,25,Mathematics,68.15,46.25,66.56,84.98,83.68,43.87,50.0,64.341,C
S3343,John,Davis,student3343@univ.edu,Female,20,Mathematics,83.76,53.89,85.97,57.56,66.84,80.13,48.01,69.071,C
S3344,Maria,Davis,student3344@univ.edu,Female,19,Business,72.08,73.15,70.17,79.33,93.5,58.1,72.85,74.328,B
S3345,Omar,Smith,student3345@univ.edu,Male,19,CS,86.76,60.27,43.88,65.5,76.45,44.96,97.35,63.347,C
S3346,Omar,Smith,student3346@univ.edu,Male,18,Business,68.62,45.27,79.07,58.45,57.12,40.25,98.15,65.944,C
S3347,John,Johnson,student3347@univ.edu,Female,24,Engineering,57.56,95.05,62.74,93.96,81.74,50.85,75.32,75.93,B
S3348,Liam,Johnson,student3348@univ.edu,Male,25,Engineering,98.38,72.06,79.58,65.36,95.41,65.83,50.5,75.81,B
S3349,Ahmed,Jones,student3349@univ.edu,Female,19,Engineering,79.01,97.58,90.86,62.18,98.68,44.6,76.2,83.72,B
S3350,Ali,Brown,student3350@univ.edu,Female,18,CS,65.94,70.6,67.72,56.17,76.75,81.54,86.48,69.855,C
S3351,Emma,Davis,student3351@univ.edu,Female,24,Engineering,72.97,89.21,63.96,78.42,92.98,57.69,65.74,74.846,B
S3352,John,Brown,student3352@univ.edu,Male,22,Engineering,84.37,79.06,73.67,97.96,75.44,58.99,77.9,79.328,B
S3353,Liam,Williams,student3353@univ.edu,Female,23,Engineering,53.12,59.89,87.97,50.03,72.77,80.61,40.23,66.516,C
S3354,Emma,Smith,student3354@univ.edu,Female,24,Business,51.3,73.36,46.95,69.67,59.75,46.2,74.69,60.092,C
S3355,Omar,Johnson,student3355@univ.edu,Female,23,Mathematics,68.77,75.9,67.53,57.73,95.27,59.48,56.48,69.124,C
S3356,Sara,Williams,student3356@univ.edu,Female,25,Business,53.09,59.31,46.7,57.02,93.36,84.55,65.55,59.853,D
S3357,John,Brown,student3357@univ.edu,Female,20,Engineering,68.89,63.4,52.42,98.07,82.55,84.99,63.3,68.84,C
S3358,Sara,Jones,student3358@univ.edu,Female,19,Mathematics,74.23,79.08,59.5,91.54,88.59,42.4,54.75,71.274,B
S3359,Ali,Williams,student3359@univ.edu,Male,20,Engineering,83.57,82.84,98.8,69.84,53.4,46.04,57.63,78.446,B
S3360,Liam,Brown,student3360@univ.edu,Male,25,Business,67.25,62.95,45.42,81.57,96.24,49.28,87.73,66.038,C
S3361,Sara,Johnson,student3361@univ.edu,Female,25,Business,69.36,56.82,90.42,96.35,99.22,42.39,60.27,77.947,B
S3362,John,Brown,student3362@univ.edu,Female,25,Business,72.81,70.6,95.32,91.69,50.2,42.29,60.79,76.964,B
S3363,Ahmed,Davis,student3363@univ.edu,Female,24,Mathematics,61.03,43.46,50.52,82.63,62.74,89.9,94.95,62.609,C
S3364,Omar,Johnson,student3364@univ.edu,Female,19,Engineering,59.47,81.06,40.52,53.37,96.83,78.06,77.56,63.662,C
S3365,Omar,Williams,student3365@univ.edu,Female,23,Business,63.93,81.65,70.89,83.55,86.02,53.4,62.72,74.067,B
S3366,John,Jones,student3366@univ.edu,Male,22,Business,58.14,85.53,71.05,69.2,57.24,40.84,48.81,67.262,C
S3367,Omar,Jones,student3367@univ.edu,Female,21,CS,58.1,62.43,44.35,61.52,57.97,56.42,49.33,54.38,D
S3368,Maria,Brown,student3368@univ.edu,Female,18,CS,79.88,46.57,67.84,69.06,96.47,90.1,58.89,68.054,C
S3369,Emma,Johnson,student3369@univ.edu,Female,25,Mathematics,93.42,54.09,64.2,58.95,68.8,73.76,54.25,64.256,C
S3370,Omar,Jones,student3370@univ.edu,Male,19,Engineering,95.38,77.82,92.85,84.75,51.94,84.57,95.32,84.624,B
S3371,Liam,Smith,student3371@univ.edu,Female,22,Mathematics,70.04,54.37,74.8,74.21,93.4,90.64,42.32,69.553,C
S3372,Emma,Johnson,student3372@univ.edu,Male,18,Mathematics,81.84,86.43,96.49,60.57,96.24,95.68,59.51,83.862,B
S3373,Maria,Brown,student3373@univ.edu,Male,21,Business,63.08,55.99,83.19,94.47,74.39,95.77,57.47,74.608,B
S3374,Ali,Smith,student3374@univ.edu,Female,22,Engineering,66.69,86.76,89.7,81.55,67.43,80.69,84.16,82.357,B
S3375,Sara,Williams,student3375@univ.edu,Female,25,Business,63.54,58.97,43.2,88.57,88.39,65.74,66.78,63.198,C
S3376,Maria,Johnson,student3376@univ.edu,Male,21,Business,79.26,41.34,61.08,84.77,74.36,77.0,44.2,62.94,C
S3377,Maria,Williams,student3377@univ.edu,Male,21,CS,72.55,55.36,96.41,73.46,83.41,46.52,87.27,77.663,B
S3378,Ahmed,Williams,student3378@univ.edu,Female,25,CS,94.89,53.43,73.77,55.26,97.08,65.82,79.26,71.52,B
S3379,Emma,Johnson,student3379@univ.edu,Female,21,Mathematics,79.84,97.97,72.31,89.51,88.63,52.34,99.67,84.145,B
S3380,Liam,Brown,student3380@univ.edu,Male,24,Mathematics,90.26,49.1,43.09,84.78,58.85,91.12,72.09,62.14,C
S3381,Emma,Johnson,student3381@univ.edu,Male,23,Engineering,77.65,42.13,52.51,83.52,68.78,88.48,44.0,60.174,C
S3382,Emma,Jones,student3382@univ.edu,Female,20,Mathematics,78.38,41.89,57.33,80.94,97.85,43.25,94.16,66.919,C
S3383,Omar,Williams,student3383@univ.edu,Female,25,CS,66.83,46.0,41.44,83.24,74.46,90.46,64.16,59.186,D
S3384,Emma,Williams,student3384@univ.edu,Female,23,Engineering,57.82,66.07,50.78,56.46,73.05,93.36,54.81,60.153,C
S3385,Emma,Smith,student3385@univ.edu,Female,23,CS,55.85,59.09,56.32,86.51,91.4,99.43,62.63,67.65,C
S3386,Ahmed,Williams,student3386@univ.edu,Male,22,CS,53.0,40.7,51.49,52.2,71.91,64.14,55.73,52.688,D
S3387,Ali,Davis,student3387@univ.edu,Female,20,CS,56.19,79.92,46.43,62.73,65.47,61.39,69.94,61.552,C
S3388,John,Johnson,student3388@univ.edu,Male,24,Mathematics,64.12,64.99,48.21,60.51,84.71,79.92,87.19,64.136,C
S3389,Emma,Davis,student3389@univ.edu,Female,18,Engineering,95.08,64.83,60.94,67.67,85.01,57.26,50.47,67.317,C
S3390,Emma,Johnson,student3390@univ.edu,Male,22,Engineering,63.35,63.67,47.26,61.17,73.8,94.75,82.13,62.753,C
S3391,Ali,Smith,student3391@univ.edu,Female,19,Business,98.24,79.27,90.9,95.17,68.47,60.77,47.05,81.814,B
S3392,Omar,Jones,student3392@univ.edu,Male,23,Engineering,59.13,87.27,52.95,69.71,68.62,40.15,84.41,67.019,C
S3393,John,Johnson,student3393@univ.edu,Male,23,CS,83.69,56.9,71.94,69.84,91.31,40.2,54.59,68.407,C
S3394,Maria,Brown,student3394@univ.edu,Male,20,Engineering,91.92,60.44,59.86,58.17,79.19,90.01,69.21,67.304,C
S3395,Ali,Johnson,student3395@univ.edu,Male,24,Engineering,56.57,77.54,41.91,56.65,67.7,54.17,66.32,58.346,D
S3396,Maria,Davis,student3396@univ.edu,Male,21,Business,81.13,97.64,89.56,92.89,77.52,88.98,42.95,84.938,B
S3397,Maria,Jones,student3397@univ.edu,Female,20,Business,56.5,79.73,98.21,90.8,63.93,95.35,64.29,82.269,B
S3398,Omar,Johnson,student3398@univ.edu,Male,21,CS,64.05,62.38,62.67,69.45,97.14,46.83,59.77,66.132,C
S3399,Sara,Johnson,student3399@univ.edu,Male,21,Business,68.94,76.33,44.15,79.41,52.97,73.21,70.33,63.307,C
S3400,Emma,Johnson,student3400@univ.edu,Female,19,Engineering,52.18,69.7,55.17,99.84,72.7,42.06,89.14,68.972,C
S3401,Sara,Smith,student3401@univ.edu,Male,21,Engineering,51.12,78.67,93.66,57.52,77.52,79.56,53.23,74.625,B
S3402,Emma,Smith,student3402@univ.edu,Male,22,Business,51.93,89.58,47.54,58.96,55.44,94.03,50.43,61.504,C
S3403,John,Johnson,student3403@univ.edu,Female,25,Mathematics,73.33,43.09,85.18,56.53,97.21,45.73,86.21,70.613,B
S3404,Sara,Brown,student3404@univ.edu,Male,22,Business,99.85,63.72,64.31,93.24,63.73,92.47,44.38,71.442,B
S3405,Sara,Smith,student3405@univ.edu,Female,18,Business,95.84,99.59,43.31,86.88,63.23,92.95,85.19,75.017,B
S3406,Ali,Jones,student3406@univ.edu,Male,25,CS,62.84,98.3,66.84,90.43,58.94,95.55,92.04,79.436,B
S3407,Omar,Jones,student3407@univ.edu,Female,22,Engineering,64.49,62.01,40.35,57.78,52.56,85.64,89.67,58.128,D
S3408,Ali,Smith,student3408@univ.edu,Male,23,CS,85.27,80.79,48.69,58.56,81.43,98.12,69.48,68.073,C
S3409,Maria,Williams,student3409@univ.edu,Female,25,Mathematics,80.8,80.27,63.61,99.5,53.71,87.08,58.13,73.68,B
S3410,Liam,Brown,student3410@univ.edu,Female,19,Business,65.77,61.71,95.62,54.46,97.48,67.22,87.19,77.602,B
S3411,Omar,Williams,student3411@univ.edu,Female,21,Business,68.19,44.76,85.16,89.41,92.7,81.5,80.12,76.088,B
S3412,Ahmed,Brown,student3412@univ.edu,Female,24,Business,72.17,40.82,99.48,59.69,61.8,88.29,63.48,71.121,B
S3413,Ali,Davis,student3413@univ.edu,Female,18,CS,84.29,90.6,59.28,99.56,79.22,82.04,67.45,78.036,B
S3414,Liam,Smith,student3414@univ.edu,Female,24,Engineering,76.62,56.39,85.01,74.3,77.16,87.05,49.32,72.588,B
S3415,Omar,Davis,student3415@univ.edu,Male,24,Engineering,83.52,43.12,50.18,91.93,68.33,83.7,42.29,61.067,C
S3416,Omar,Jones,student3416@univ.edu,Male,21,CS,62.75,100.0,52.38,76.39,60.12,88.31,94.14,73.289,B
S3417,Liam,Brown,student3417@univ.edu,Female,21,CS,79.95,78.25,44.08,84.97,76.19,51.41,68.23,66.627,C
S3418,Ahmed,Smith,student3418@univ.edu,Male,25,Mathematics,60.44,65.85,95.38,95.31,62.59,47.29,64.32,77.18,B
S3419,Emma,Davis,student3419@univ.edu,Male,23,Mathematics,80.97,49.74,76.92,80.7,74.46,64.64,80.26,71.93,B
S3420,Maria,Jones,student3420@univ.edu,Female,23,CS,64.76,66.61,63.06,66.48,51.95,60.61,91.91,66.105,C
S3421,Sara,Williams,student3421@univ.edu,Male,19,CS,54.56,91.06,40.14,82.81,81.9,87.01,47.59,65.431,C
S3422,John,Davis,student3422@univ.edu,Male,25,Business,85.05,58.5,67.76,76.84,64.44,56.55,83.6,69.691,C
S3423,Liam,Smith,student3423@univ.edu,Male,24,Business,54.64,92.85,48.45,70.19,81.29,67.21,83.89,68.976,C
S3424,Liam,Johnson,student3424@univ.edu,Female,25,Mathematics,82.08,68.95,71.98,83.8,54.66,68.03,81.15,73.144,B
S3425,Sara,Johnson,student3425@univ.edu,Female,19,Business,50.25,48.79,50.55,53.79,95.92,75.8,69.88,58.386,D
S3426,Sara,Brown,student3426@univ.edu,Female,21,CS,60.38,56.36,50.25,72.25,93.84,59.51,75.09,63.091,C
S3427,John,Williams,student3427@univ.edu,Male,18,Business,85.94,89.55,84.74,95.06,67.39,60.79,53.37,81.301,B
S3428,John,Davis,student3428@univ.edu,Female,23,Engineering,98.12,85.71,66.89,53.0,80.72,81.65,57.33,72.859,B
S3429,John,Jones,student3429@univ.edu,Female,22,Mathematics,70.98,94.16,61.92,79.94,94.77,72.32,59.4,75.53,B
S3430,Omar,Smith,student3430@univ.edu,Male,22,Engineering,68.21,87.68,55.05,75.54,60.37,86.28,50.97,67.651,C
S3431,Maria,Jones,student3431@univ.edu,Female,20,Engineering,97.96,50.37,58.2,72.6,79.16,68.98,46.24,64.209,C
S3432,Ali,Brown,student3432@univ.edu,Male,18,Engineering,84.39,58.54,65.95,93.72,70.06,68.26,56.25,70.034,B
S3433,Liam,Davis,student3433@univ.edu,Male,25,Engineering,61.06,93.29,94.95,55.56,83.04,95.94,81.02,82.786,B
S3434,Emma,Williams,student3434@univ.edu,Female,25,CS,79.15,99.85,66.99,97.15,63.55,64.7,97.34,81.879,B
S3435,Ahmed,Johnson,student3435@univ.edu,Male,22,CS,50.83,83.62,63.18,58.22,92.37,85.07,55.68,68.553,C
S3436,John,Jones,student3436@univ.edu,Male,19,Engineering,78.37,43.69,70.93,57.47,80.89,77.64,71.0,65.545,C
S3437,Ali,Jones,student3437@univ.edu,Male,18,Engineering,83.44,45.99,54.48,71.9,72.72,94.22,52.53,61.907,C
S3438,John,Davis,student3438@univ.edu,Male,18,Business,69.58,76.04,73.08,60.74,67.84,90.17,44.83,68.977,C
S3439,Omar,Jones,student3439@univ.edu,Female,24,CS,84.71,68.17,64.55,65.76,67.82,83.71,46.48,66.95,C
S3440,Ahmed,Jones,student3440@univ.edu,Male,24,Mathematics,77.84,87.52,76.98,62.42,57.15,94.85,92.14,77.417,B
S3441,Emma,Smith,student3441@univ.edu,Male,20,CS,85.14,62.17,49.86,68.97,78.85,43.77,43.42,60.667,C
S3442,John,Brown,student3442@univ.edu,Female,25,Business,52.62,62.45,71.75,64.87,76.14,57.84,51.84,64.698,C
S3443,John,Smith,student3443@univ.edu,Male,19,Engineering,50.14,59.17,81.04,71.69,85.84,81.08,43.42,68.894,C
S3444,Emma,Brown,student3444@univ.edu,Female,22,CS,50.72,51.24,62.01,51.53,73.72,43.65,59.07,57.114,D
S3445,Ahmed,Williams,student3445@univ.edu,Male,20,Engineering,76.58,89.3,84.78,68.54,53.14,76.34,87.86,79.15,B
S3446,Ahmed,Davis,student3446@univ.edu,Female,19,Mathematics,62.41,62.95,80.52,59.85,50.32,74.81,53.43,66.08,C
S3447,Emma,Jones,student3447@univ.edu,Female,20,Mathematics,81.47,43.41,82.97,61.61,98.49,43.19,87.18,71.688,B
S3448,Liam,Davis,student3448@univ.edu,Male,23,Engineering,57.89,45.45,81.76,84.14,96.78,77.99,46.7,70.276,B
S3449,Liam,Smith,student3449@univ.edu,Male,18,CS,68.33,55.83,59.13,53.74,64.57,88.29,60.39,60.71,C
S3450,Sara,Williams,student3450@univ.edu,Female,24,Engineering,50.55,99.09,42.65,94.83,62.91,90.48,86.0,71.307,B
S3451,Ahmed,Johnson,student3451@univ.edu,Female,21,Engineering,79.77,93.53,40.49,94.99,57.93,84.99,61.94,69.315,C
S3452,Maria,Williams,student3452@univ.edu,Male,23,Engineering,67.2,62.9,61.39,51.06,95.12,97.42,80.34,67.793,C
S3453,John,Johnson,student3453@univ.edu,Male,24,Business,51.28,66.19,72.21,75.69,67.34,59.95,70.11,68.125,C
S3454,John,Jones,student3454@univ.edu,Female,18,Engineering,91.62,42.6,49.88,74.39,63.34,71.34,76.71,61.377,C
S3455,Maria,Johnson,student3455@univ.edu,Female,24,Business,99.94,66.83,62.96,95.51,85.61,74.17,87.22,77.566,B
S3456,Omar,Jones,student3456@univ.edu,Male,24,CS,99.86,66.46,83.55,85.99,96.07,96.42,91.35,84.805,B
S3457,Emma,Davis,student3457@univ.edu,Female,24,CS,65.72,42.75,94.7,64.34,70.82,44.68,50.99,67.598,C
S3458,Emma,Brown,student3458@univ.edu,Male,21,Mathematics,63.93,96.95,68.31,69.1,61.67,94.57,80.67,75.603,B
S3459,Ali,Williams,student3459@univ.edu,Female,22,Engineering,89.8,49.3,90.29,67.92,97.34,63.78,72.29,76.267,B
S3460,Omar,Williams,student3460@univ.edu,Female,24,Engineering,54.18,92.49,80.12,83.51,55.61,41.96,76.42,75.779,B
S3461,Liam,Williams,student3461@univ.edu,Male,25,Business,55.41,78.02,87.15,61.9,71.66,81.22,70.66,74.868,B
S3462,John,Jones,student3462@univ.edu,Female,19,Mathematics,98.92,50.84,79.06,60.66,97.34,78.62,61.72,72.714,B
S3463,Liam,Brown,student3463@univ.edu,Female,22,Mathematics,67.56,53.36,71.0,91.84,85.9,53.94,41.05,67.896,C
S3464,Liam,Johnson,student3464@univ.edu,Female,22,Business,56.04,58.47,74.25,68.41,60.02,91.7,62.52,66.674,C
S3465,Maria,Davis,student3465@univ.edu,Female,24,Engineering,57.12,49.65,47.06,78.2,54.84,44.18,81.15,57.298,D
S3466,Ahmed,Johnson,student3466@univ.edu,Male,21,Business,88.75,95.1,96.65,99.95,77.17,77.6,81.9,91.669,A
S3467,Maria,Davis,student3467@univ.edu,Female,20,Engineering,79.08,79.42,51.16,83.0,59.36,84.82,99.94,71.761,B
S3468,Maria,Jones,student3468@univ.edu,Male,25,Business,56.19,45.12,75.5,97.49,76.46,56.69,43.49,66.746,C
S3469,Ali,Brown,student3469@univ.edu,Male,20,Mathematics,97.84,88.31,60.89,98.87,93.04,74.37,98.76,83.442,B
S3470,John,Jones,student3470@univ.edu,Male,18,Business,69.95,65.51,63.58,97.13,55.38,95.37,71.62,71.209,B
S3471,John,Jones,student3471@univ.edu,Female,21,Business,53.53,83.33,40.12,62.06,83.91,97.74,46.91,61.333,C
S3472,Ahmed,Smith,student3472@univ.edu,Male,20,CS,89.07,63.04,96.44,86.68,93.72,99.21,76.61,85.442,A
S3473,Ali,Johnson,student3473@univ.edu,Female,18,Business,58.58,91.16,69.54,84.95,73.11,94.75,93.37,79.08,B
S3474,Liam,Johnson,student3474@univ.edu,Female,23,CS,51.71,54.46,58.49,68.88,51.74,74.95,68.89,59.753,D
S3475,Ahmed,Jones,student3475@univ.edu,Male,21,Business,92.54,46.45,94.08,54.59,81.31,86.73,47.7,72.194,B
S3476,Ali,Smith,student3476@univ.edu,Female,21,Business,84.11,49.68,49.4,56.56,51.53,59.19,88.94,58.657,D
S3477,Omar,Davis,student3477@univ.edu,Male,24,Engineering,65.62,90.9,99.87,89.04,50.75,70.19,94.93,86.136,A
S3478,John,Brown,student3478@univ.edu,Male,22,Mathematics,60.74,56.81,54.34,85.43,95.0,41.39,85.26,66.648,C
S3479,John,Jones,student3479@univ.edu,Female,21,Mathematics,71.18,63.48,49.24,88.49,68.81,80.9,68.9,65.675,C
S3480,Ali,Davis,student3480@univ.edu,Male,20,Engineering,84.42,82.99,85.17,72.98,72.31,54.34,97.15,81.201,B
S3481,Maria,Jones,student3481@univ.edu,Female,18,Engineering,94.66,42.34,82.03,63.49,59.59,95.34,57.09,68.502,C
S3482,Liam,Jones,student3482@univ.edu,Male,21,Engineering,68.29,43.78,52.16,57.45,99.8,58.59,84.3,61.19,C
S3483,Ahmed,Johnson,student3483@univ.edu,Female,22,Engineering,61.49,45.72,47.15,75.29,60.78,55.05,49.26,54.488,D
S3484,Omar,Davis,student3484@univ.edu,Female,20,Mathematics,82.84,71.21,86.17,72.63,60.31,73.41,91.04,78.077,B
S3485,Emma,Smith,student3485@univ.edu,Female,20,CS,68.7,90.79,78.57,89.39,89.28,93.66,88.68,84.487,B
S3486,Emma,Jones,student3486@univ.edu,Female,25,Engineering,95.69,57.37,77.94,79.13,78.11,80.18,60.5,74.165,B
S3487,Ahmed,Johnson,student3487@univ.edu,Male,20,Business,95.04,75.87,53.33,84.26,78.39,57.34,91.65,73.187,B
S3488,Sara,Johnson,student3488@univ.edu,Female,19,Engineering,61.22,99.43,77.71,99.44,87.22,45.18,80.34,83.252,B
S3489,Ali,Johnson,student3489@univ.edu,Male,22,Business,95.05,62.55,40.87,76.97,55.37,79.06,62.7,61.581,C
S3490,Omar,Johnson,student3490@univ.edu,Female,20,CS,95.95,64.65,90.14,86.05,80.0,90.33,82.93,83.284,B
S3491,Omar,Jones,student3491@univ.edu,Male,21,Mathematics,72.25,45.1,68.78,79.78,69.86,48.97,89.28,67.209,C
S3492,Omar,Brown,student3492@univ.edu,Male,20,Engineering,76.87,92.06,57.01,54.88,84.89,46.86,51.32,67.398,C
S3493,Ahmed,Johnson,student3493@univ.edu,Male,20,CS,83.65,71.26,58.39,93.95,66.33,82.13,76.15,72.581,B
S3494,Emma,Smith,student3494@univ.edu,Female,20,Business,78.78,44.84,78.2,79.28,79.73,77.61,56.05,69.657,C
S3495,Sara,Davis,student3495@univ.edu,Female,20,Business,59.59,41.59,87.99,95.02,76.55,49.72,81.66,73.234,B
S3496,John,Jones,student3496@univ.edu,Female,22,Engineering,86.21,98.74,74.78,67.36,76.81,88.15,52.72,78.267,B
S3497,John,Williams,student3497@univ.edu,Female,20,CS,76.94,93.27,52.04,98.6,62.53,69.64,66.7,73.155,B
S3498,Sara,Brown,student3498@univ.edu,Female,18,CS,56.49,75.97,75.78,91.52,90.31,86.14,63.16,76.959,B
S3499,Maria,Johnson,student3499@univ.edu,Male,25,CS,80.43,88.94,85.48,86.91,66.41,71.11,90.48,83.756,B
S3500,Ali,Johnson,student3500@univ.edu,Female,20,CS,96.57,85.43,77.22,74.94,72.43,69.34,54.63,77.323,B
S3501,Omar,Williams,student3501@univ.edu,Male,18,Mathematics,71.42,75.41,77.5,79.64,92.23,92.89,56.48,76.935,B
S3502,Maria,Davis,student3502@univ.edu,Female,25,Business,87.59,48.01,42.91,74.48,55.0,90.15,77.91,60.205,C
S3503,Ahmed,Johnson,student3503@univ.edu,Male,25,Engineering,66.1,56.28,86.8,50.62,60.11,61.73,63.67,66.963,C
S3504,Sara,Jones,student3504@univ.edu,Male,23,Engineering,54.7,99.94,49.51,92.2,87.51,75.1,94.86,76.133,B
S3505,Sara,Brown,student3505@univ.edu,Female,18,Engineering,82.92,45.7,46.63,75.04,73.55,46.89,43.93,56.77,D
S3506,John,Brown,student3506@univ.edu,Male,23,Business,90.52,55.91,41.38,50.01,58.45,71.93,46.45,54.236,D
S3507,Ahmed,Smith,student3507@univ.edu,Male,25,Engineering,57.07,69.71,68.2,57.71,57.79,79.35,83.93,66.905,C
S3508,John,Brown,student3508@univ.edu,Male,21,CS,73.94,41.45,61.53,51.03,72.59,66.14,80.82,60.446,C
S3509,Emma,Brown,student3509@univ.edu,Female,22,CS,96.12,62.23,94.19,75.43,84.4,47.65,45.16,76.968,B
S3510,Liam,Williams,student3510@univ.edu,Male,18,Business,53.66,63.6,92.98,97.45,50.2,91.56,86.8,78.876,B
S3511,Liam,Smith,student3511@univ.edu,Female,25,CS,60.63,52.61,52.47,98.79,54.57,65.7,44.07,60.293,C
S3512,Sara,Williams,student3512@univ.edu,Male,20,CS,60.44,94.81,42.19,65.03,58.97,45.61,80.47,63.642,C
S3513,Maria,Jones,student3513@univ.edu,Male,18,Engineering,91.36,58.76,71.45,82.18,55.67,83.68,68.69,71.27,B
S3514,Liam,Williams,student3514@univ.edu,Female,22,CS,97.9,49.28,61.35,74.32,75.06,64.52,47.04,64.635,C
S3515,Omar,Johnson,student3515@univ.edu,Female,22,Business,93.36,56.02,46.06,56.12,94.25,97.03,90.78,66.13,C
S3516,Ali,Davis,student3516@univ.edu,Male,25,CS,56.25,55.5,97.91,92.93,72.01,95.57,54.45,77.462,B
S3517,Sara,Brown,student3517@univ.edu,Female,19,Engineering,51.79,72.48,94.98,67.23,68.5,44.16,40.43,71.355,B
S3518,Sara,Jones,student3518@univ.edu,Female,18,Engineering,84.87,81.14,54.0,86.5,53.15,81.9,53.06,68.606,C
S3519,Omar,Davis,student3519@univ.edu,Female,21,Engineering,56.38,70.92,84.5,95.4,50.06,99.52,83.19,77.783,B
S3520,John,Brown,student3520@univ.edu,Female,19,Engineering,89.22,60.92,74.15,54.85,51.09,91.37,67.55,68.011,C
S3521,Liam,Jones,student3521@univ.edu,Female,18,CS,95.13,88.03,76.71,65.65,73.63,64.21,57.04,76.257,B
S3522,Ahmed,Smith,student3522@univ.edu,Female,18,Engineering,79.25,60.95,78.54,60.95,78.5,61.53,72.6,71.006,B
S3523,John,Jones,student3523@univ.edu,Male,20,Engineering,89.43,63.61,66.59,63.25,96.89,58.8,95.47,73.305,B
S3524,John,Davis,student3524@univ.edu,Female,23,Mathematics,51.4,94.16,87.65,89.17,79.58,68.37,65.77,81.596,B
S3525,Liam,Brown,student3525@univ.edu,Male,21,CS,89.45,82.42,86.17,99.78,59.44,56.8,51.65,80.196,B
S3526,Liam,Brown,student3526@univ.edu,Female,20,Business,86.92,52.94,91.19,51.17,65.08,86.6,65.64,71.715,B
S3527,Sara,Davis,student3527@univ.edu,Female,21,Engineering,63.52,68.18,72.66,99.44,91.13,81.82,97.27,79.633,B
S3528,Ali,Jones,student3528@univ.edu,Female,22,CS,75.32,96.58,95.21,65.81,84.43,56.52,47.99,81.351,B
S3529,Sara,Smith,student3529@univ.edu,Male,20,Mathematics,52.23,77.51,80.89,76.39,59.08,74.63,68.71,72.961,B
S3530,John,Jones,student3530@univ.edu,Female,24,Engineering,73.06,84.03,61.64,64.1,67.47,63.58,52.33,67.378,C
S3531,Ali,Davis,student3531@univ.edu,Female,23,Engineering,80.02,82.32,78.08,96.73,53.61,44.48,50.42,75.027,B
S3532,Sara,Johnson,student3532@univ.edu,Female,19,Business,82.76,45.24,95.07,85.83,68.04,90.89,90.08,79.076,B
S3533,Emma,Johnson,student3533@univ.edu,Female,24,Business,79.89,43.39,72.34,53.49,65.52,91.07,90.02,66.5,C
S3534,Emma,Jones,student3534@univ.edu,Female,19,CS,61.9,56.13,78.71,54.24,95.84,47.67,85.97,69.729,C
S3535,Ahmed,Smith,student3535@univ.edu,Male,19,Mathematics,73.23,98.28,65.75,66.13,50.83,61.85,82.51,73.05,B
S3536,Ali,Williams,student3536@univ.edu,Female,24,Mathematics,69.85,46.71,92.12,53.74,88.25,70.72,60.36,70.421,B
S3537,Ali,Brown,student3537@univ.edu,Female,21,Mathematics,71.32,76.23,89.98,90.89,95.01,93.86,61.94,83.394,B
S3538,Ahmed,Jones,student3538@univ.edu,Female,25,CS,91.0,93.61,94.82,50.25,87.78,54.09,75.82,82.87,B
S3539,Omar,Jones,student3539@univ.edu,Male,24,Mathematics,55.62,45.2,87.92,57.34,72.31,90.93,61.81,67.538,C
S3540,Sara,Brown,student3540@univ.edu,Male,19,Engineering,61.32,48.19,52.85,75.24,52.25,66.42,57.86,57.243,D
S3541,Ahmed,Davis,student3541@univ.edu,Female,25,Business,63.24,83.76,80.43,58.65,55.06,73.39,79.35,73.113,B
S3542,Maria,Johnson,student3542@univ.edu,Male,25,Business,69.84,69.35,89.84,90.99,51.28,70.19,92.93,79.385,B
S3543,Emma,Jones,student3543@univ.edu,Male,18,CS,75.01,99.68,46.55,86.65,54.39,64.84,40.05,67.085,C
S3544,Ahmed,Brown,student3544@univ.edu,Female,21,Engineering,54.75,98.83,79.11,82.13,99.42,71.47,52.47,80.056,B
S3545,John,Brown,student3545@univ.edu,Male,22,CS,93.53,85.3,86.55,93.09,55.8,79.46,47.39,80.633,B
S3546,Maria,Jones,student3546@univ.edu,Male,25,CS,62.38,92.31,53.45,79.73,76.51,84.16,86.97,73.251,B
S3547,John,Smith,student3547@univ.edu,Male,23,Engineering,72.19,89.87,69.6,57.63,61.15,58.45,99.09,73.664,B
S3548,Ahmed,Johnson,student3548@univ.edu,Male,24,Business,63.82,64.81,68.3,98.0,97.61,84.84,56.6,74.197,B
S3549,Omar,Jones,student3549@univ.edu,Female,19,Mathematics,97.04,44.27,41.81,98.21,50.54,77.07,82.25,62.965,C
S3550,Ahmed,Williams,student3550@univ.edu,Male,24,Business,59.39,96.08,69.08,60.0,90.11,42.93,92.2,75.257,B
S3551,Ali,Williams,student3551@univ.edu,Male,19,Mathematics,60.23,56.33,95.42,92.82,82.15,73.86,72.95,79.041,B
S3552,John,Smith,student3552@univ.edu,Male,25,CS,79.62,67.5,80.62,65.17,83.5,72.75,77.6,75.171,B
S3553,Maria,Brown,student3553@univ.edu,Female,22,Engineering,89.59,91.88,99.11,89.44,61.12,55.62,51.01,84.478,B
S3554,Maria,Davis,student3554@univ.edu,Male,23,Mathematics,96.12,50.75,54.09,55.9,99.93,96.45,43.36,63.526,C
S3555,Sara,Davis,student3555@univ.edu,Female,19,Business,74.77,62.39,65.95,97.1,59.47,80.38,57.64,70.035,B
S3556,Emma,Johnson,student3556@univ.edu,Female,22,Business,62.17,47.28,86.48,99.99,74.58,70.36,91.7,76.762,B
S3557,Ali,Williams,student3557@univ.edu,Male,18,Mathematics,54.35,91.23,64.16,55.15,56.56,43.64,51.35,64.175,C
S3558,Ali,Smith,student3558@univ.edu,Male,18,Engineering,70.99,92.68,56.67,61.67,73.26,91.74,60.13,69.813,C
S3559,Omar,Smith,student3559@univ.edu,Female,25,Engineering,72.79,50.69,90.14,89.93,54.15,59.11,72.39,73.558,B
S3560,Omar,Williams,student3560@univ.edu,Male,20,Business,60.07,41.59,40.67,91.17,50.94,69.65,94.09,58.187,D
S3561,Sara,Brown,student3561@univ.edu,Female,19,Business,87.24,70.65,70.35,57.79,66.7,57.78,42.33,66.42,C
S3562,Ahmed,Smith,student3562@univ.edu,Female,25,CS,88.95,96.82,40.67,80.92,91.57,86.17,42.84,70.347,B
S3563,John,Jones,student3563@univ.edu,Female,21,Mathematics,85.98,80.15,86.04,63.43,91.88,74.89,78.06,80.693,B
S3564,John,Johnson,student3564@univ.edu,Female,21,Business,56.12,93.74,48.82,65.17,59.43,54.71,97.97,67.257,C
S3565,Maria,Brown,student3565@univ.edu,Male,22,Business,64.36,47.27,49.9,91.31,53.46,84.92,92.82,63.431,C
S3566,Liam,Smith,student3566@univ.edu,Male,23,CS,77.72,46.52,91.64,57.6,52.93,71.05,86.82,70.736,B
S3567,John,Brown,student3567@univ.edu,Female,20,CS,89.28,65.15,63.68,78.87,57.09,68.48,89.71,70.996,B
S3568,John,Brown,student3568@univ.edu,Male,21,Business,71.53,98.3,40.51,90.98,76.36,73.96,85.81,72.528,B
S3569,Ahmed,Johnson,student3569@univ.edu,Male,21,Mathematics,88.68,66.99,98.97,51.01,79.32,68.82,96.04,80.585,B
S3570,Maria,Williams,student3570@univ.edu,Male,23,Mathematics,54.04,81.97,71.85,75.54,98.48,46.7,50.69,71.936,B
S3571,Ahmed,Smith,student3571@univ.edu,Male,22,Business,76.72,50.95,55.13,92.45,76.17,66.69,53.52,64.572,C
S3572,Sara,Smith,student3572@univ.edu,Male,22,Mathematics,89.31,55.85,88.06,70.14,71.73,95.16,75.06,76.477,B
S3573,Liam,Williams,student3573@univ.edu,Male,25,Engineering,51.69,53.94,57.45,92.81,81.86,63.7,54.58,63.943,C
S3574,Ahmed,Smith,student3574@univ.edu,Male,20,Engineering,77.74,57.32,68.79,70.07,55.76,64.58,97.1,68.9,C
S3575,Emma,Williams,student3575@univ.edu,Male,25,Business,56.65,87.94,53.81,50.6,74.45,74.56,74.45,65.604,C
S3576,Liam,Davis,student3576@univ.edu,Male,24,Engineering,74.21,99.12,60.84,94.47,54.24,97.27,75.12,77.467,B
S3577,Liam,Davis,student3577@univ.edu,Female,20,CS,99.52,97.02,61.05,97.36,90.91,90.13,45.04,80.377,B
S3578,John,Davis,student3578@univ.edu,Male,25,Business,90.8,68.71,59.08,90.81,51.87,59.55,48.5,67.182,C
S3579,Sara,Smith,student3579@univ.edu,Female,19,Engineering,82.65,65.38,88.21,72.94,74.03,46.15,51.22,73.578,B
S3580,Ahmed,Williams,student3580@univ.edu,Female,25,Engineering,83.93,72.64,61.16,96.81,77.4,41.59,87.78,74.388,B
S3581,Sara,Brown,student3581@univ.edu,Female,19,Business,94.92,88.83,60.92,63.58,97.31,47.76,74.16,74.606,B
S3582,Ahmed,Davis,student3582@univ.edu,Male,19,Business,72.01,66.0,98.07,84.17,99.05,62.51,90.5,84.528,B
S3583,Emma,Brown,student3583@univ.edu,Female,23,Business,78.57,50.12,90.82,64.5,82.62,84.98,73.16,74.629,B
S3584,Omar,Johnson,student3584@univ.edu,Male,19,Mathematics,56.57,79.08,82.28,55.89,58.98,67.2,75.49,71.347,B
S3585,Sara,Williams,student3585@univ.edu,Female,25,CS,76.41,86.33,60.47,90.39,59.37,56.99,66.53,72.046,B
S3586,Emma,Davis,student3586@univ.edu,Female,19,Engineering,88.83,76.1,87.07,96.95,97.73,80.5,58.89,84.454,B
S3587,Sara,Davis,student3587@univ.edu,Female,21,Mathematics,90.66,65.09,66.74,89.56,57.41,86.37,92.48,74.848,B
S3588,Ahmed,Davis,student3588@univ.edu,Male,22,CS,89.54,83.02,83.11,65.59,72.21,79.28,42.14,75.728,B
S3589,Omar,Smith,student3589@univ.edu,Female,21,Business,51.58,94.92,93.36,65.93,53.81,85.75,66.77,78.385,B
S3590,John,Johnson,student3590@univ.edu,Female,23,Engineering,52.85,42.73,61.21,97.39,53.46,63.48,61.68,61.49,C
S3591,Liam,Williams,student3591@univ.edu,Male,21,Mathematics,61.79,56.09,95.48,75.39,83.63,65.08,43.8,73.347,B
S3592,Liam,Davis,student3592@univ.edu,Female,25,Mathematics,84.72,46.77,75.42,71.38,82.68,75.12,75.96,70.779,B
S3593,Emma,Davis,student3593@univ.edu,Male,20,Business,88.18,82.52,99.15,63.94,69.77,77.05,43.49,79.837,B
S3594,Omar,Jones,student3594@univ.edu,Female,23,CS,71.12,74.38,95.73,96.53,58.94,66.08,88.28,83.213,B
S3595,Omar,Davis,student3595@univ.edu,Male,21,Mathematics,96.19,80.69,45.58,55.26,86.02,72.0,56.51,65.573,C
S3596,Ali,Smith,student3596@univ.edu,Male,18,Business,53.15,95.57,81.9,55.34,78.3,86.93,60.03,75.48,B
S3597,Liam,Johnson,student3597@univ.edu,Female,24,Mathematics,75.55,45.42,53.3,82.16,51.29,52.13,74.96,60.185,C
S3598,Sara,Williams,student3598@univ.edu,Female,25,Engineering,71.35,99.41,46.51,71.64,97.69,65.69,69.07,71.676,B
S3599,John,Williams,student3599@univ.edu,Female,20,Business,96.77,52.4,61.28,63.26,68.96,67.15,93.06,67.59,C
S3600,John,Jones,student3600@univ.edu,Male,24,Mathematics,96.33,78.87,82.37,53.94,92.35,64.35,98.85,80.547,B
S3601,Emma,Johnson,student3601@univ.edu,Female,19,Business,67.22,85.38,74.87,62.65,85.67,68.74,61.51,73.811,B
S3602,Liam,Smith,student3602@univ.edu,Female,24,Business,50.41,89.21,80.37,86.68,75.48,46.17,98.29,79.681,B
S3603,Ali,Smith,student3603@univ.edu,Male,19,Mathematics,60.84,73.82,48.74,70.98,57.06,51.63,52.04,59.608,D
S3604,Ali,Jones,student3604@univ.edu,Male,18,CS,75.62,74.73,84.45,96.03,81.08,77.32,89.56,83.178,B
S3605,Omar,Davis,student3605@univ.edu,Male,23,Mathematics,78.29,97.26,57.57,58.37,72.89,48.97,57.95,68.84,C
S3606,Ali,Smith,student3606@univ.edu,Male,24,Engineering,52.6,97.83,99.16,76.25,65.55,61.33,77.16,83.349,B
S3607,Ahmed,Jones,student3607@univ.edu,Male,23,Mathematics,54.39,43.09,65.35,95.31,72.44,78.68,83.3,67.466,C
S3608,Omar,Williams,student3608@univ.edu,Male,25,Mathematics,58.9,81.52,87.11,74.66,80.14,79.41,62.68,77.778,B
S3609,Omar,Jones,student3609@univ.edu,Female,21,CS,92.27,90.0,51.02,51.88,75.95,86.9,49.3,67.185,C
S3610,John,Smith,student3610@univ.edu,Male,20,Engineering,63.84,96.29,91.65,69.4,78.93,70.98,69.64,81.953,B
S3611,Ahmed,Davis,student3611@univ.edu,Male,25,Mathematics,82.98,41.07,56.31,56.25,74.08,56.46,80.47,60.121,C
S3612,Sara,Jones,student3612@univ.edu,Male,24,Engineering,79.65,60.92,71.97,81.95,56.0,79.07,79.2,71.506,B
S3613,Maria,Johnson,student3613@univ.edu,Male,24,Business,72.68,91.25,58.5,99.99,66.35,49.38,91.68,76.338,B
S3614,John,Smith,student3614@univ.edu,Male,24,Mathematics,97.39,43.18,88.42,69.47,63.79,84.24,91.85,75.097,B
S3615,John,Jones,student3615@univ.edu,Male,23,CS,76.18,63.65,46.35,73.55,54.66,72.7,62.71,60.657,C
S3616,Sara,Smith,student3616@univ.edu,Male,21,CS,66.58,96.14,75.61,60.51,52.17,94.94,57.04,73.314,B
S3617,Emma,Jones,student3617@univ.edu,Male,19,Mathematics,85.07,84.07,70.58,72.42,68.92,63.37,57.82,73.2,B
S3618,Maria,Johnson,student3618@univ.edu,Male,25,Mathematics,53.64,88.67,79.4,68.93,85.24,71.38,66.51,76.002,B
S3619,Liam,Smith,student3619@univ.edu,Male,24,Engineering,79.97,44.58,81.62,67.58,57.07,77.59,81.13,69.236,C
S3620,Omar,Brown,student3620@univ.edu,Male,20,Engineering,53.33,57.73,87.1,52.02,90.2,53.72,83.62,70.88,B
S3621,Emma,Jones,student3621@univ.edu,Female,25,Engineering,90.46,88.59,99.54,75.21,70.04,64.93,91.0,87.258,A
S3622,Ali,Brown,student3622@univ.edu,Male,19,Engineering,73.21,49.81,77.67,83.52,67.5,56.4,58.08,68.49,C
S3623,Liam,Brown,student3623@univ.edu,Female,19,CS,61.57,49.24,75.12,78.21,89.14,62.87,46.58,66.988,C
S3624,Ali,Brown,student3624@univ.edu,Male,19,Engineering,92.04,46.12,64.09,67.47,58.28,77.72,80.8,65.57,C
S3625,Ahmed,Jones,student3625@univ.edu,Male,21,CS,56.23,41.73,53.6,96.29,97.83,85.75,44.12,62.975,C
S3626,Omar,Davis,student3626@univ.edu,Male,24,Mathematics,65.12,67.2,85.04,64.16,51.8,70.01,60.78,69.846,C
S3627,Emma,Smith,student3627@univ.edu,Male,25,CS,90.04,67.86,62.89,55.92,50.13,54.93,46.34,62.224,C
S3628,John,Jones,student3628@univ.edu,Female,24,CS,95.74,57.45,65.17,75.5,53.43,54.67,74.77,67.493,C
S3629,John,Davis,student3629@univ.edu,Female,23,Engineering,85.73,74.18,66.65,88.05,66.52,40.06,55.46,70.813,B
S3630,Emma,Jones,student3630@univ.edu,Male,23,CS,75.1,92.09,58.59,65.71,85.88,50.62,41.41,68.622,C
S3631,Emma,Smith,student3631@univ.edu,Male,22,Mathematics,68.17,53.51,60.22,96.45,95.96,48.55,86.05,70.681,B
S3632,John,Williams,student3632@univ.edu,Male,21,Business,82.36,83.92,71.46,60.8,83.04,58.33,43.97,71.196,B
S3633,Maria,Johnson,student3633@univ.edu,Female,21,Business,87.28,48.46,78.21,90.03,84.78,40.87,92.26,75.135,B
S3634,Maria,Johnson,student3634@univ.edu,Male,19,Engineering,58.68,85.01,57.93,68.23,82.68,59.28,99.79,71.695,B
S3635,Emma,Johnson,student3635@univ.edu,Male,24,Engineering,86.96,72.26,49.01,64.96,65.83,96.19,85.33,67.52,C
S3636,Ali,Davis,student3636@univ.edu,Male,23,Business,51.19,90.69,44.59,91.15,79.44,83.34,61.09,68.526,C
S3637,Liam,Smith,student3637@univ.edu,Male,25,Mathematics,53.36,76.65,81.32,87.52,74.59,73.97,79.07,77.254,B
S3638,Ali,Williams,student3638@univ.edu,Female,20,CS,53.09,42.75,94.73,73.38,87.75,57.12,87.04,73.62,B
S3639,John,Brown,student3639@univ.edu,Female,21,CS,96.97,86.78,89.43,80.07,99.64,56.63,86.69,87.357,A
S3640,Maria,Jones,student3640@univ.edu,Male,25,Mathematics,51.89,82.1,40.01,99.89,92.96,80.34,99.97,71.905,B
S3641,Emma,Davis,student3641@univ.edu,Male,22,Business,51.1,48.49,78.73,81.06,87.68,72.73,68.95,69.885,C
S3642,Sara,Williams,student3642@univ.edu,Male,23,Engineering,57.4,88.01,95.75,92.32,77.27,93.21,54.84,83.786,B
S3643,Omar,Williams,student3643@univ.edu,Male,25,Mathematics,57.79,45.67,89.74,91.68,58.39,85.99,78.96,73.621,B
S3644,Sara,Smith,student3644@univ.edu,Female,22,CS,57.33,67.64,54.51,99.06,63.71,56.82,90.33,68.718,C
S3645,Omar,Davis,student3645@univ.edu,Male,19,CS,85.91,68.49,59.42,97.5,50.67,66.44,68.22,69.951,C
S3646,Maria,Johnson,student3646@univ.edu,Female,19,CS,99.87,81.46,47.78,64.18,63.89,68.8,94.75,69.544,C
S3647,Sara,Brown,student3647@univ.edu,Male,24,Business,53.95,99.8,92.21,86.5,82.31,65.81,43.78,81.892,B
S3648,Emma,Jones,student3648@univ.edu,Male,24,Mathematics,86.13,83.45,96.82,75.13,93.77,85.07,94.9,88.739,A
S3649,Liam,Davis,student3649@univ.edu,Female,24,Business,51.89,49.38,77.29,75.22,87.92,73.64,69.63,68.972,C
S3650,Ahmed,Davis,student3650@univ.edu,Male,21,Engineering,65.26,88.09,52.28,99.22,90.62,46.73,91.24,75.233,B
S3651,Liam,Jones,student3651@univ.edu,Female,18,CS,59.92,88.14,87.11,99.75,78.57,89.78,91.42,86.203,A
S3652,Emma,Williams,student3652@univ.edu,Male,24,Engineering,69.14,91.46,96.72,55.8,55.69,89.49,52.1,77.845,B
S3653,Maria,Johnson,student3653@univ.edu,Female,20,Mathematics,78.93,60.38,58.95,56.99,56.64,94.11,58.41,62.413,C
S3654,Sara,Johnson,student3654@univ.edu,Male,18,CS,70.49,87.67,56.97,89.59,91.3,89.2,50.78,73.78,B
S3655,Ali,Davis,student3655@univ.edu,Female,22,CS,63.35,66.56,50.28,79.38,99.48,93.24,85.24,69.772,C
S3656,Ali,Smith,student3656@univ.edu,Female,19,Mathematics,62.85,89.33,63.33,92.38,90.81,75.11,43.74,74.217,B
S3657,Ali,Williams,student3657@univ.edu,Male,22,Mathematics,56.93,42.93,84.94,62.71,99.19,47.52,87.43,70.206,B
S3658,Ali,Jones,student3658@univ.edu,Male,24,CS,97.82,99.22,78.63,53.9,76.81,73.12,77.48,80.385,B
S3659,Ali,Williams,student3659@univ.edu,Female,22,Mathematics,59.05,52.25,86.76,80.08,95.67,80.31,56.48,73.626,B
S3660,John,Brown,student3660@univ.edu,Male,18,Mathematics,74.39,98.72,74.7,86.78,75.37,73.8,46.45,78.482,B
S3661,Ahmed,Jones,student3661@univ.edu,Female,21,Mathematics,92.69,54.44,69.49,97.6,94.63,53.83,90.34,76.833,B
S3662,Ahmed,Smith,student3662@univ.edu,Female,19,CS,58.25,55.22,61.48,71.67,85.55,60.39,70.17,64.655,C
S3663,Maria,Smith,student3663@univ.edu,Female,24,Engineering,78.51,75.87,94.35,59.08,92.18,91.15,99.78,83.946,B
S3664,Maria,Williams,student3664@univ.edu,Male,21,Engineering,92.81,95.03,67.53,66.25,98.54,78.44,50.78,77.338,B
S3665,Emma,Smith,student3665@univ.edu,Female,23,CS,67.45,75.68,50.01,70.38,84.07,80.0,88.99,68.747,C
S3666,Liam,Jones,student3666@univ.edu,Female,20,Engineering,75.94,74.7,91.69,53.79,85.09,96.79,90.05,80.463,B
S3667,John,Brown,student3667@univ.edu,Female,24,Business,61.9,60.08,48.93,50.28,88.55,91.76,47.16,58.586,D
S3668,Liam,Jones,student3668@univ.edu,Female,24,CS,66.87,49.91,46.82,55.46,64.35,92.7,90.22,59.126,D
S3669,Omar,Brown,student3669@univ.edu,Male,19,Engineering,65.41,77.31,75.17,75.24,68.3,92.55,73.65,74.662,B
S3670,Ahmed,Johnson,student3670@univ.edu,Male,24,CS,54.04,66.91,81.91,62.44,93.7,44.7,78.05,72.135,B
S3671,Emma,Jones,student3671@univ.edu,Male,19,Business,74.56,53.42,79.64,83.34,97.8,70.69,85.72,76.419,B
S3672,Liam,Jones,student3672@univ.edu,Female,25,Engineering,74.26,61.55,54.79,85.89,65.95,66.26,94.23,68.388,C
S3673,Emma,Williams,student3673@univ.edu,Male,20,Business,68.47,69.91,72.45,62.76,72.77,95.38,93.17,73.341,B
S3674,Maria,Williams,student3674@univ.edu,Female,24,Engineering,53.67,44.93,98.25,96.46,97.35,58.81,49.66,75.938,B
S3675,John,Johnson,student3675@univ.edu,Female,25,CS,95.75,72.61,64.65,92.9,76.47,68.49,61.09,74.608,B
S3676,Omar,Smith,student3676@univ.edu,Female,21,Mathematics,89.19,52.56,82.05,58.26,74.88,62.14,48.06,68.186,C
S3677,Maria,Williams,student3677@univ.edu,Male,23,Business,53.08,78.15,49.25,62.67,76.75,76.79,94.05,66.033,C
S3678,Ali,Jones,student3678@univ.edu,Male,25,Engineering,93.17,76.55,71.65,80.89,93.13,55.63,69.45,77.295,B
S3679,Maria,Williams,student3679@univ.edu,Male,21,Business,96.97,91.54,76.76,57.49,89.65,59.5,43.92,75.988,B
S3680,Omar,Williams,student3680@univ.edu,Female,23,Engineering,60.46,87.05,55.46,55.81,73.93,51.45,66.64,65.095,C
S3681,Liam,Davis,student3681@univ.edu,Female,19,Engineering,72.71,93.34,52.96,74.03,66.85,43.35,56.72,67.456,C
S3682,Ali,Brown,student3682@univ.edu,Female,18,Business,53.33,85.96,62.98,84.08,87.89,53.74,44.66,69.973,C
S3683,Sara,Johnson,student3683@univ.edu,Female,25,CS,66.7,56.35,88.36,84.54,54.11,41.83,70.04,71.636,B
S3684,John,Davis,student3684@univ.edu,Female,24,Mathematics,65.59,68.38,83.36,92.55,75.4,66.76,87.43,78.746,B
S3685,Maria,Williams,student3685@univ.edu,Female,19,Engineering,68.93,52.12,95.58,54.23,71.79,68.77,79.98,72.741,B
S3686,Sara,Davis,student3686@univ.edu,Male,24,Business,91.08,50.61,69.38,53.11,53.05,87.81,88.03,66.509,C
S3687,John,Davis,student3687@univ.edu,Male,22,Business,71.3,49.14,51.43,50.21,64.13,46.22,53.99,54.042,D
S3688,Ali,Brown,student3688@univ.edu,Male,23,CS,84.59,55.7,52.17,81.23,94.39,41.64,89.0,67.856,C
S3689,John,Brown,student3689@univ.edu,Female,20,CS,77.74,80.12,93.47,82.89,91.03,68.87,82.38,85.057,A
S3690,Sara,Jones,student3690@univ.edu,Female,22,Mathematics,62.03,73.46,67.79,65.55,75.54,95.54,77.07,71.102,B
S3691,John,Davis,student3691@univ.edu,Female,18,Engineering,52.44,98.38,75.88,92.33,70.68,63.27,57.54,77.519,B
S3692,Ahmed,Williams,student3692@univ.edu,Male,22,Engineering,81.16,77.92,75.64,63.01,71.87,97.31,53.7,73.266,B
S3693,Sara,Williams,student3693@univ.edu,Male,24,Business,68.52,69.16,82.19,56.24,73.41,52.92,56.46,69.41,C
S3694,Maria,Brown,student3694@univ.edu,Female,23,Engineering,97.33,65.43,47.46,57.46,62.29,59.98,73.43,62.247,C
S3695,Omar,Davis,student3695@univ.edu,Male,25,Engineering,72.76,46.38,92.49,95.15,63.87,50.42,80.62,75.541,B
S3696,Ahmed,Williams,student3696@univ.edu,Male,24,CS,94.08,73.02,49.83,68.41,60.42,53.49,45.28,62.467,C
S3697,Ahmed,Jones,student3697@univ.edu,Female,22,Engineering,81.71,58.29,98.56,83.74,70.36,51.0,54.24,76.968,B
S3698,Sara,Jones,student3698@univ.edu,Female,20,Engineering,56.38,98.84,51.58,74.34,74.26,53.58,55.3,67.666,C
S3699,Liam,Smith,student3699@univ.edu,Female,21,Mathematics,58.81,97.47,76.95,81.45,90.04,80.47,42.58,77.963,B
S3700,Emma,Williams,student3700@univ.edu,Female,25,Engineering,97.05,80.16,68.37,58.03,74.8,63.81,48.17,70.44,B
S3701,John,Williams,student3701@univ.edu,Female,22,CS,68.7,91.73,89.05,51.04,92.01,44.39,76.48,78.655,B
S3702,Emma,Jones,student3702@univ.edu,Male,25,Business,87.31,56.26,92.1,96.43,83.63,51.12,67.27,79.724,B
S3703,Sara,Johnson,student3703@univ.edu,Female,19,Business,51.73,92.1,60.23,58.21,86.89,98.62,77.99,71.812,B
S3704,Sara,Brown,student3704@univ.edu,Male,18,Mathematics,62.88,67.03,74.64,67.17,97.25,66.46,89.12,74.121,B
S3705,Ali,Davis,student3705@univ.edu,Male,21,Business,54.75,80.84,53.51,67.64,53.46,86.54,47.23,62.238,C
S3706,Sara,Smith,student3706@univ.edu,Female,20,Engineering,60.03,83.95,76.87,51.39,62.44,46.41,94.07,71.534,B
S3707,Maria,Smith,student3707@univ.edu,Male,24,Mathematics,56.12,73.11,53.75,70.67,58.87,78.81,70.35,63.822,C
S3708,Emma,Smith,student3708@univ.edu,Male,21,Engineering,95.19,96.92,63.39,55.92,57.45,94.75,48.45,71.635,B
S3709,Ahmed,Davis,student3709@univ.edu,Male,22,CS,98.87,59.68,74.24,80.98,83.4,96.23,84.36,77.829,B
S3710,John,Johnson,student3710@univ.edu,Male,21,Engineering,58.35,83.37,46.06,98.54,53.32,41.83,92.76,67.808,C
S3711,Maria,Williams,student3711@univ.edu,Male,21,Business,87.95,90.31,81.95,77.52,69.84,75.64,79.79,81.815,B
S3712,John,Brown,student3712@univ.edu,Female,20,CS,86.24,53.52,69.14,91.93,81.06,54.48,78.46,72.536,B
S3713,Ali,Jones,student3713@univ.edu,Female,24,CS,95.25,92.69,88.91,78.89,72.11,83.93,62.87,84.264,B
S3714,John,Brown,student3714@univ.edu,Male,25,CS,82.56,71.58,91.41,68.15,74.87,98.09,51.6,77.769,B
S3715,John,Davis,student3715@univ.edu,Female,19,CS,55.03,83.34,62.91,90.83,94.29,98.88,94.24,78.465,B
S3716,Ahmed,Brown,student3716@univ.edu,Male,22,Engineering,86.95,85.36,55.76,85.3,86.01,40.52,50.27,70.944,B
S3717,Sara,Davis,student3717@univ.edu,Male,24,Engineering,58.73,52.37,54.48,93.88,85.72,95.09,69.87,67.087,C
S3718,Sara,Johnson,student3718@univ.edu,Male,20,Business,84.4,70.76,54.62,88.21,59.77,80.57,93.08,71.523,B
S3719,John,Williams,student3719@univ.edu,Male,25,CS,76.52,50.57,78.7,61.91,51.63,49.65,45.93,62.901,C
S3720,Sara,Davis,student3720@univ.edu,Female,21,CS,94.99,78.05,89.36,73.11,95.51,97.2,69.1,84.204,B
S3721,Ali,Davis,student3721@univ.edu,Male,21,Business,75.61,76.64,62.71,65.22,61.26,98.73,57.46,68.293,C
S3722,Maria,Davis,student3722@univ.edu,Male,22,CS,75.08,93.49,40.53,88.49,85.9,63.24,99.61,73.352,B
S3723,Ahmed,Williams,student3723@univ.edu,Male,23,CS,95.66,43.38,62.19,82.4,82.04,65.48,57.57,66.494,C
S3724,John,Brown,student3724@univ.edu,Female,24,Business,75.31,42.83,98.41,57.42,88.95,80.8,59.61,73.129,B
S3725,Omar,Jones,student3725@univ.edu,Female,19,Business,63.29,48.24,40.09,65.07,93.04,92.05,60.26,57.697,D
S3726,Liam,Johnson,student3726@univ.edu,Female,21,CS,68.48,89.58,71.88,63.24,91.9,82.5,79.54,77.083,B
S3727,John,Jones,student3727@univ.edu,Male,24,Engineering,84.55,85.99,88.29,95.76,70.95,65.74,52.63,82.149,B
S3728,Ahmed,Brown,student3728@univ.edu,Male,19,Business,83.47,77.82,50.25,53.12,86.13,99.81,94.2,69.978,C
S3729,Liam,Smith,student3729@univ.edu,Female,24,CS,88.27,91.03,66.22,72.96,66.3,93.71,85.62,77.721,B
S3730,Maria,Johnson,student3730@univ.edu,Male,22,Mathematics,64.91,65.19,76.36,64.58,87.05,47.27,55.63,68.755,C
S3731,Ahmed,Brown,student3731@univ.edu,Female,21,CS,69.1,62.03,74.51,60.87,70.63,43.55,48.65,64.905,C
S3732,Liam,Johnson,student3732@univ.edu,Male,21,CS,90.87,41.56,40.49,87.7,91.73,70.28,85.32,63.92,C
S3733,Emma,Jones,student3733@univ.edu,Female,19,Mathematics,75.4,98.71,50.11,54.42,71.48,97.15,43.56,66.84,C
S3734,Liam,Williams,student3734@univ.edu,Female,21,Mathematics,52.05,93.08,64.49,91.65,57.65,56.79,93.07,74.827,B
S3735,Emma,Davis,student3735@univ.edu,Female,22,Mathematics,87.45,89.37,64.96,79.54,86.27,93.19,90.33,80.357,B
S3736,John,Johnson,student3736@univ.edu,Male,23,CS,61.86,41.01,52.37,89.26,60.07,82.66,63.54,59.982,D
S3737,John,Williams,student3737@univ.edu,Male,24,CS,88.07,82.68,57.07,59.68,64.43,90.01,93.84,71.743,B
S3738,Ahmed,Brown,student3738@univ.edu,Female,24,Mathematics,55.28,59.27,57.24,97.41,52.61,90.69,55.82,64.543,C
S3739,Ali,Johnson,student3739@univ.edu,Female,24,Business,90.3,40.27,62.65,83.73,81.32,40.25,73.5,65.933,C
S3740,Maria,Smith,student3740@univ.edu,Male,24,Engineering,81.16,45.69,65.22,88.39,75.78,44.15,89.55,68.819,C
S3741,Sara,Davis,student3741@univ.edu,Female,22,Engineering,63.15,52.87,50.27,95.57,64.1,65.31,63.64,62.345,C
S3742,Omar,Brown,student3742@univ.edu,Male,21,CS,53.32,51.41,48.36,84.12,94.99,41.85,69.61,61.293,C
S3743,Maria,Jones,student3743@univ.edu,Female,19,Business,83.11,89.85,93.33,56.1,96.13,54.71,63.85,81.428,B
S3744,Ahmed,Johnson,student3744@univ.edu,Female,22,Business,65.44,41.82,47.05,89.16,68.98,93.7,73.27,61.307,C
S3745,Liam,Williams,student3745@univ.edu,Female,20,CS,94.83,53.23,99.77,84.41,98.15,76.1,51.3,81.471,B
S3746,Emma,Jones,student3746@univ.edu,Male,23,Mathematics,98.4,64.54,53.62,80.62,64.11,99.69,74.97,69.82,C
S3747,Maria,Smith,student3747@univ.edu,Male,23,Engineering,97.86,68.56,65.54,50.34,77.65,56.62,89.58,70.265,B
S3748,Omar,Johnson,student3748@univ.edu,Male,19,CS,69.54,56.5,46.77,63.38,55.09,41.43,65.1,55.883,D
S3749,Sara,Brown,student3749@univ.edu,Female,24,Mathematics,65.66,57.69,52.07,75.03,66.07,54.07,68.78,61.168,C
S3750,Omar,Smith,student3750@univ.edu,Male,25,Mathematics,89.98,59.9,82.12,99.13,65.98,58.72,65.86,76.604,B
S3751,Ahmed,Brown,student3751@univ.edu,Male,24,CS,67.04,72.16,48.8,53.43,52.83,72.36,97.38,62.43,C
S3752,Maria,Williams,student3752@univ.edu,Female,21,Business,94.49,97.98,80.14,63.52,75.92,51.85,87.34,81.534,B
S3753,Sara,Johnson,student3753@univ.edu,Male,18,Mathematics,95.37,66.09,69.22,86.46,52.77,94.19,46.32,71.109,B
S3754,Ahmed,Johnson,student3754@univ.edu,Female,20,Engineering,99.36,81.32,43.66,79.68,70.55,41.76,46.67,65.06,C
S3755,Liam,Brown,student3755@univ.edu,Female,25,Mathematics,71.44,85.14,72.18,74.36,82.11,89.44,48.4,74.503,B
S3756,Omar,Brown,student3756@univ.edu,Male,22,Mathematics,58.73,74.23,79.05,81.86,71.48,92.36,54.0,73.879,B
S3757,Ahmed,Smith,student3757@univ.edu,Male,20,Mathematics,57.37,63.52,45.69,66.37,93.76,55.14,50.46,59.282,D
S3758,Sara,Williams,student3758@univ.edu,Female,25,CS,93.57,86.78,67.52,83.17,98.11,41.72,79.83,79.324,B
S3759,Sara,Williams,student3759@univ.edu,Female,22,Mathematics,77.83,88.81,83.86,56.21,78.04,48.91,47.75,74.159,B
S3760,Liam,Smith,student3760@univ.edu,Male,24,Business,99.72,47.68,59.27,62.77,80.65,54.49,76.22,65.116,C
S3761,John,Johnson,student3761@univ.edu,Female,23,Engineering,91.24,72.31,93.26,59.29,84.45,50.54,46.07,76.037,B
S3762,Emma,Williams,student3762@univ.edu,Male,21,CS,78.78,90.31,40.79,68.14,97.15,61.99,91.94,70.406,B
S3763,Sara,Johnson,student3763@univ.edu,Male,24,Business,96.32,41.33,92.85,73.74,76.93,87.46,50.04,73.884,B
S3764,Ahmed,Johnson,student3764@univ.edu,Female,18,CS,89.36,74.6,54.45,52.61,55.47,70.36,68.6,64.008,C
S3765,John,Brown,student3765@univ.edu,Female,20,Mathematics,93.97,52.06,98.01,77.06,95.09,96.35,94.85,84.582,B
S3766,John,Jones,student3766@univ.edu,Female,25,Mathematics,62.33,56.44,60.96,97.45,67.5,73.44,51.36,65.984,C
S3767,Omar,Jones,student3767@univ.edu,Female,23,Mathematics,53.22,57.51,91.94,53.9,50.48,47.81,78.51,67.781,C
S3768,John,Smith,student3768@univ.edu,Male,21,CS,58.07,41.29,65.29,98.95,57.04,59.54,47.24,61.9,C
S3769,Ahmed,Davis,student3769@univ.edu,Male,19,CS,92.11,95.52,81.22,92.73,86.79,78.03,41.21,83.292,B
S3770,Ali,Davis,student3770@univ.edu,Female,25,Engineering,58.26,56.79,68.27,91.17,94.85,66.05,69.53,71.081,B
S3771,Maria,Smith,student3771@univ.edu,Female,22,Business,67.09,57.53,98.04,56.66,79.07,45.19,72.56,73.548,B
S3772,Omar,Johnson,student3772@univ.edu,Female,19,CS,74.23,88.05,77.6,77.33,53.41,75.11,45.44,73.553,B
S3773,Ahmed,Davis,student3773@univ.edu,Male,23,Business,91.97,55.64,51.94,99.88,65.85,44.66,86.99,68.406,C
S3774,Maria,Brown,student3774@univ.edu,Male,18,Mathematics,51.7,96.21,96.31,76.54,65.32,57.07,66.94,80.865,B
S3775,Ahmed,Davis,student3775@univ.edu,Female,22,Business,88.04,96.18,79.48,74.72,79.33,50.03,58.29,79.356,B
S3776,Omar,Williams,student3776@univ.edu,Male,25,CS,99.43,47.29,83.85,58.75,60.49,71.33,58.72,68.856,C
S3777,Emma,Davis,student3777@univ.edu,Female,23,CS,67.95,73.7,84.22,53.5,95.61,94.9,72.54,76.386,B
S3778,Liam,Williams,student3778@univ.edu,Female,21,Engineering,90.3,99.91,73.73,97.73,59.97,89.85,88.38,85.118,A
S3779,Omar,Smith,student3779@univ.edu,Male,23,Business,70.13,68.66,55.01,80.27,66.77,54.47,49.97,63.686,C
S3780,Maria,Davis,student3780@univ.edu,Male,24,Engineering,77.05,86.88,63.26,59.55,72.95,53.91,52.74,68.256,C
S3781,Liam,Smith,student3781@univ.edu,Male,24,Engineering,73.73,73.72,90.23,66.1,60.48,91.05,55.73,75.274,B
S3782,John,Davis,student3782@univ.edu,Female,23,Business,65.46,86.23,88.29,88.02,74.06,82.08,40.59,79.051,B
S3783,Liam,Jones,student3783@univ.edu,Male,25,Engineering,59.01,86.81,43.32,74.1,98.39,93.41,68.39,68.722,C
S3784,John,Davis,student3784@univ.edu,Male,25,Business,52.97,40.97,42.48,79.62,92.2,66.57,56.62,56.388,D
S3785,Sara,Johnson,student3785@univ.edu,Female,19,Mathematics,74.72,90.03,95.93,97.15,61.51,68.1,50.69,83.455,B
S3786,Omar,Johnson,student3786@univ.edu,Male,24,Engineering,75.56,75.52,57.86,91.42,76.12,87.9,62.98,72.036,B
S3787,Liam,Davis,student3787@univ.edu,Female,20,Mathematics,63.44,71.88,86.97,65.2,54.28,86.79,96.77,76.035,B
S3788,Sara,Brown,student3788@univ.edu,Female,19,Engineering,97.37,52.47,56.75,56.68,59.99,43.92,46.76,58.629,D
S3789,Maria,Smith,student3789@univ.edu,Male,22,Engineering,99.48,48.53,60.03,96.82,70.96,58.65,93.36,71.55,B
S3790,Liam,Smith,student3790@univ.edu,Male,21,Mathematics,80.06,98.86,71.74,98.79,51.04,84.15,84.31,81.861,B
S3791,Ahmed,Smith,student3791@univ.edu,Female,19,Mathematics,74.77,66.13,83.09,66.26,73.35,45.95,67.61,71.962,B
S3792,Maria,Jones,student3792@univ.edu,Female,19,CS,96.31,89.01,78.56,72.78,88.88,93.9,83.45,83.846,B
S3793,Omar,Davis,student3793@univ.edu,Female,21,Mathematics,72.16,97.73,73.8,89.39,83.33,75.82,87.81,83.216,B
S3794,Omar,Williams,student3794@univ.edu,Female,20,CS,95.51,81.59,80.85,70.62,96.55,85.38,82.69,82.91,B
S3795,Ahmed,Jones,student3795@univ.edu,Female,21,Engineering,86.68,48.59,53.15,89.79,63.44,57.86,87.13,65.749,C
S3796,Sara,Smith,student3796@univ.edu,Female,24,Mathematics,62.16,64.39,84.12,55.74,65.37,78.19,86.32,71.77,B
S3797,Sara,Brown,student3797@univ.edu,Female,21,Engineering,77.61,99.83,43.12,71.9,54.63,87.31,74.51,68.727,C
S3798,Liam,Smith,student3798@univ.edu,Female,20,Business,62.06,57.47,60.37,91.98,80.85,83.33,53.36,67.195,C
S3799,Ahmed,Jones,student3799@univ.edu,Female,24,Engineering,69.88,66.97,97.15,52.59,99.36,93.25,61.21,78.135,B
S3800,Ahmed,Johnson,student3800@univ.edu,Male,19,Engineering,99.71,76.89,85.67,76.5,89.28,83.45,47.64,80.389,B
S3801,Sara,Johnson,student3801@univ.edu,Male,20,CS,60.62,41.66,86.06,86.56,95.32,90.45,47.06,71.957,B
S3802,Liam,Davis,student3802@univ.edu,Male,21,Engineering,62.73,62.21,77.58,69.59,97.88,42.59,91.96,73.541,B
S3803,Omar,Johnson,student3803@univ.edu,Female,20,Engineering,93.46,44.73,98.81,65.13,62.29,59.11,95.79,76.468,B
S3804,Liam,Smith,student3804@univ.edu,Female,21,Business,81.09,72.67,77.59,81.13,80.42,65.82,93.65,78.787,B
S3805,Maria,Smith,student3805@univ.edu,Male,21,CS,67.82,76.88,48.85,94.56,72.49,87.94,91.36,71.779,B
S3806,Omar,Smith,student3806@univ.edu,Female,23,Mathematics,88.6,79.38,47.34,77.21,87.35,68.42,90.13,71.688,B
S3807,Ali,Jones,student3807@univ.edu,Male,21,Mathematics,98.99,58.14,47.0,79.12,70.03,90.68,46.42,63.674,C
S3808,Omar,Smith,student3808@univ.edu,Female,22,Business,74.65,60.47,85.3,65.19,86.64,86.23,70.45,74.948,B
S3809,Ahmed,Smith,student3809@univ.edu,Male,23,CS,72.56,60.21,64.52,69.76,83.38,79.39,80.16,69.442,C
S3810,John,Jones,student3810@univ.edu,Female,24,Engineering,63.07,67.18,71.11,84.0,85.63,40.21,51.99,69.448,C
S3811,Ali,Smith,student3811@univ.edu,Female,18,Engineering,75.81,93.9,71.58,77.37,77.99,59.7,71.17,77.341,B
S3812,Sara,Brown,student3812@univ.edu,Female,24,Engineering,76.73,87.56,49.9,99.5,59.63,57.15,56.05,69.505,C
S3813,Maria,Smith,student3813@univ.edu,Female,25,Mathematics,60.27,74.36,82.14,58.03,57.22,98.8,81.9,73.097,B
S3814,Sara,Williams,student3814@univ.edu,Male,25,Business,66.98,45.27,68.78,65.68,55.77,60.78,67.3,61.584,C
S3815,Emma,Brown,student3815@univ.edu,Female,20,Business,51.12,47.91,73.91,53.12,81.31,42.45,45.91,59.679,D
S3816,Maria,Johnson,student3816@univ.edu,Male,22,Mathematics,73.48,84.46,43.97,82.37,53.51,92.86,82.14,67.995,C
S3817,Maria,Johnson,student3817@univ.edu,Male,22,CS,91.24,43.87,59.24,77.11,76.39,68.45,47.6,63.058,C
S3818,Omar,Johnson,student3818@univ.edu,Male,23,CS,59.06,84.59,61.87,68.26,68.89,65.44,74.73,69.258,C
S3819,Emma,Smith,student3819@univ.edu,Male,25,Business,64.38,73.36,83.03,58.15,75.38,95.71,71.06,74.171,B
S3820,Emma,Smith,student3820@univ.edu,Female,21,Mathematics,89.96,61.37,70.22,79.88,69.7,84.12,55.02,70.996,B
S3821,Liam,Williams,student3821@univ.edu,Female,25,Mathematics,65.25,55.35,60.17,67.83,53.81,40.98,43.6,57.611,D
S3822,John,Johnson,student3822@univ.edu,Male,20,CS,78.64,61.1,51.88,94.79,94.26,62.26,57.26,68.132,C
S3823,Emma,Jones,student3823@univ.edu,Female,24,CS,73.22,86.42,86.69,80.49,89.55,64.6,73.49,82.221,B
S3824,Omar,Williams,student3824@univ.edu,Female,23,CS,71.37,53.18,51.16,67.08,54.12,43.9,45.84,55.374,D
S3825,Omar,Davis,student3825@univ.edu,Female,22,CS,66.55,79.64,91.42,71.86,99.66,72.34,67.98,81.169,B
S3826,Sara,Brown,student3826@univ.edu,Male,18,CS,52.42,57.66,59.05,79.93,52.82,96.05,88.4,65.403,C
S3827,Sara,Davis,student3827@univ.edu,Female,24,Engineering,60.49,74.66,68.42,89.97,60.84,61.95,74.32,71.616,B
S3828,John,Williams,student3828@univ.edu,Male,23,CS,63.45,83.72,56.54,88.5,68.38,99.06,69.92,72.109,B
S3829,Ahmed,Davis,student3829@univ.edu,Male,22,Engineering,60.28,43.36,74.81,78.42,56.1,97.65,56.5,65.049,C
S3830,Ali,Smith,student3830@univ.edu,Female,20,Mathematics,95.83,70.53,65.47,72.91,84.25,87.76,73.82,74.462,B
S3831,Ahmed,Davis,student3831@univ.edu,Male,19,Business,81.5,70.99,49.42,96.89,50.77,42.48,99.47,68.855,C
S3832,Ahmed,Smith,student3832@univ.edu,Male,20,Mathematics,98.2,46.74,89.28,52.63,58.43,61.91,65.32,69.317,C
S3833,Ahmed,Williams,student3833@univ.edu,Male,20,Business,98.19,51.02,80.89,67.64,62.38,50.11,47.24,67.904,C
S3834,Liam,Johnson,student3834@univ.edu,Male,21,CS,97.45,42.67,42.51,71.47,93.09,96.89,52.49,61.155,C
S3835,Sara,Johnson,student3835@univ.edu,Male,24,CS,80.77,70.54,73.68,96.64,89.93,60.07,56.52,76.433,B
S3836,John,Davis,student3836@univ.edu,Female,24,Business,67.77,49.64,51.94,94.59,84.88,76.07,98.39,68.606,C
S3837,Omar,Williams,student3837@univ.edu,Female,19,Engineering,88.23,83.21,80.12,66.0,51.17,50.01,75.19,74.538,B
S3838,Liam,Jones,student3838@univ.edu,Male,25,CS,72.75,68.72,91.27,75.66,99.35,79.41,71.82,80.836,B
S3839,Emma,Brown,student3839@univ.edu,Female,20,Business,76.44,91.15,60.6,87.16,73.27,66.92,70.66,74.867,B
S3840,Omar,Smith,student3840@univ.edu,Male,20,Mathematics,73.21,92.94,47.24,93.84,73.17,43.08,51.9,68.818,C
S3841,Ali,Davis,student3841@univ.edu,Male,21,Mathematics,86.78,54.92,83.51,62.5,97.0,61.21,52.83,72.134,B
S3842,Ahmed,Johnson,student3842@univ.edu,Male,22,Mathematics,50.49,44.85,97.34,86.35,50.49,60.88,78.79,72.146,B
S3843,Ali,Brown,student3843@univ.edu,Female,19,Engineering,86.69,43.74,58.54,53.77,82.64,50.46,79.53,61.785,C
S3844,Emma,Brown,student3844@univ.edu,Male,24,CS,74.65,63.87,77.9,52.9,94.0,46.29,97.94,73.053,B
S3845,Liam,Brown,student3845@univ.edu,Male,25,Engineering,59.64,73.91,62.3,97.98,73.6,99.61,61.46,72.62,B
S3846,Sara,Jones,student3846@univ.edu,Female,23,Business,88.49,73.16,88.56,68.2,98.83,87.09,70.01,81.518,B
S3847,Maria,Williams,student3847@univ.edu,Female,20,Mathematics,73.24,82.52,57.3,68.4,84.14,49.93,44.86,66.674,C
S3848,Maria,Brown,student3848@univ.edu,Male,21,Business,98.88,55.61,59.87,78.82,61.14,71.89,84.28,68.93,C
S3849,Maria,Johnson,student3849@univ.edu,Male,24,Business,91.82,88.46,41.25,73.36,88.65,74.15,93.83,72.209,B
S3850,Liam,Jones,student3850@univ.edu,Male,18,Engineering,84.99,60.16,60.12,87.71,80.89,58.02,50.12,67.725,C
S3851,Emma,Brown,student3851@univ.edu,Male,25,Engineering,74.66,58.01,82.03,56.1,79.27,78.34,55.57,69.493,C
S3852,Sara,Davis,student3852@univ.edu,Male,18,Mathematics,82.5,59.08,89.0,98.94,91.99,75.05,49.32,79.491,B
S3853,Sara,Williams,student3853@univ.edu,Male,21,Engineering,83.56,83.14,94.08,74.54,96.29,92.31,74.2,86.053,A
S3854,John,Johnson,student3854@univ.edu,Female,25,Mathematics,59.58,44.62,53.07,76.86,86.66,98.79,54.17,61.354,C
S3855,John,Jones,student3855@univ.edu,Female,19,Mathematics,74.81,96.54,59.42,95.93,85.46,50.62,52.87,75.369,B
S3856,Omar,Jones,student3856@univ.edu,Male,25,Business,63.68,67.26,83.82,89.83,92.88,72.78,72.85,78.652,B
S3857,Ahmed,Johnson,student3857@univ.edu,Female,19,CS,69.39,85.77,44.48,91.81,82.41,57.66,40.32,66.365,C
S3858,Emma,Williams,student3858@univ.edu,Male,24,Mathematics,55.48,92.33,52.64,52.65,57.62,75.71,97.57,67.008,C
S3859,Liam,Brown,student3859@univ.edu,Male,19,CS,98.23,48.28,57.66,61.02,99.78,44.07,78.84,65.995,C
S3860,Maria,Johnson,student3860@univ.edu,Female,21,Engineering,54.43,52.01,68.14,59.98,81.36,67.9,66.37,63.452,C
S3861,John,Jones,student3861@univ.edu,Male,19,Business,99.6,91.95,72.64,59.99,68.08,58.33,44.43,73.308,B
S3862,Omar,Johnson,student3862@univ.edu,Male,25,CS,78.88,72.6,49.23,65.94,67.78,47.94,75.97,63.84,C
S3863,Sara,Brown,student3863@univ.edu,Female,21,Business,53.4,71.95,58.46,85.13,54.93,44.61,45.68,62.329,C
S3864,Sara,Davis,student3864@univ.edu,Male,22,Business,66.65,47.48,73.39,83.91,79.43,71.93,89.35,71.239,B
S3865,Liam,Davis,student3865@univ.edu,Female,21,Business,51.07,53.47,77.54,89.17,76.91,47.87,45.49,67.072,C
S3866,Liam,Williams,student3866@univ.edu,Female,20,Engineering,97.73,73.86,49.65,84.1,77.0,74.51,98.67,73.347,B
S3867,Emma,Williams,student3867@univ.edu,Female,19,Business,94.98,56.8,51.86,72.55,93.5,85.99,76.64,68.612,C
S3868,John,Brown,student3868@univ.edu,Female,21,Engineering,54.94,62.06,65.77,56.94,99.54,42.94,83.21,66.6,C
S3869,Maria,Williams,student3869@univ.edu,Male,23,Business,54.75,64.39,68.39,92.43,62.86,79.47,78.17,70.811,B
S3870,Ali,Smith,student3870@univ.edu,Male,20,CS,87.52,91.84,54.27,78.4,69.28,41.59,77.21,71.889,B
S3871,John,Johnson,student3871@univ.edu,Male,25,Mathematics,76.73,94.12,76.59,50.05,97.65,82.5,68.26,77.697,B
S3872,Ali,Johnson,student3872@univ.edu,Female,22,CS,67.13,87.78,55.93,76.87,85.1,45.14,80.56,71.401,B
S3873,Ali,Williams,student3873@univ.edu,Female,23,Engineering,89.99,70.18,83.17,61.93,96.56,63.68,85.18,78.634,B
S3874,Maria,Davis,student3874@univ.edu,Female,22,Mathematics,59.22,78.95,79.04,86.52,68.16,69.29,73.96,76.079,B
S3875,John,Jones,student3875@univ.edu,Female,18,Engineering,58.42,94.57,59.45,91.53,91.6,77.07,50.52,74.386,B
S3876,Liam,Williams,student3876@univ.edu,Male,18,CS,55.21,52.59,61.71,97.69,68.36,42.2,61.98,64.35,C
S3877,Ali,Jones,student3877@univ.edu,Male,20,Engineering,64.4,86.59,98.19,93.15,81.96,73.82,76.06,86.68,A
S3878,Sara,Jones,student3878@univ.edu,Female,24,Engineering,54.35,80.94,88.64,61.78,89.61,70.48,42.34,74.201,B
S3879,Ahmed,Williams,student3879@univ.edu,Male,22,Business,95.98,62.06,60.15,67.93,70.78,97.47,85.28,70.724,B
S3880,Ahmed,Smith,student3880@univ.edu,Male,24,Business,81.15,79.11,86.32,74.56,95.98,93.09,99.86,85.255,A
S3881,Emma,Williams,student3881@univ.edu,Female,23,Business,87.86,67.7,70.15,61.61,99.98,85.24,62.13,73.085,B
S3882,Ahmed,Davis,student3882@univ.edu,Male,18,Business,90.06,76.12,60.83,72.86,82.93,83.12,47.72,70.629,B
S3883,John,Davis,student3883@univ.edu,Male,23,Engineering,52.52,42.26,96.16,60.79,96.3,74.31,98.97,74.913,B
S3884,Liam,Jones,student3884@univ.edu,Male,22,CS,74.63,90.17,79.62,77.53,64.42,55.05,97.52,79.959,B
S3885,Maria,Williams,student3885@univ.edu,Male,23,Mathematics,93.03,96.91,85.55,65.71,54.19,81.59,90.6,82.765,B
S3886,Ahmed,Smith,student3886@univ.edu,Female,20,Mathematics,56.73,55.17,40.28,76.21,50.35,48.5,79.92,55.674,D
S3887,Sara,Smith,student3887@univ.edu,Male,22,Mathematics,71.34,55.34,96.94,90.21,62.72,66.11,94.26,79.819,B
S3888,Emma,Smith,student3888@univ.edu,Female,23,Engineering,93.39,55.16,52.19,79.81,64.2,74.08,92.8,67.403,C
S3889,Ali,Smith,student3889@univ.edu,Male,20,Mathematics,89.55,82.48,98.56,64.31,55.22,68.53,86.34,82.248,B
S3890,John,Jones,student3890@univ.edu,Male,23,Business,99.65,56.57,58.55,74.65,77.24,54.39,61.36,66.621,C
S3891,Sara,Johnson,student3891@univ.edu,Male,24,Business,70.89,61.87,68.03,89.73,73.91,95.72,47.05,70.213,B
S3892,John,Johnson,student3892@univ.edu,Male,19,Engineering,70.69,98.24,95.24,86.94,72.21,85.01,97.65,89.567,A
S3893,Liam,Davis,student3893@univ.edu,Male,25,Mathematics,91.59,55.89,65.04,80.12,89.4,99.25,79.54,73.724,B
S3894,Maria,Davis,student3894@univ.edu,Male,18,Engineering,63.57,56.31,95.09,71.21,93.76,52.35,63.88,75.209,B
S3895,Liam,Jones,student3895@univ.edu,Female,23,Mathematics,64.62,96.03,69.69,62.92,50.83,79.01,87.1,73.757,B
S3896,Sara,Davis,student3896@univ.edu,Female,23,Business,62.22,60.4,76.51,93.7,58.62,40.99,69.79,70.201,B
S3897,Ali,Jones,student3897@univ.edu,Male,22,Engineering,55.8,84.82,68.15,98.34,66.18,65.53,55.23,73.157,B
S3898,John,Jones,student3898@univ.edu,Female,19,CS,56.98,53.85,88.79,90.35,72.34,95.32,87.5,77.407,B
S3899,John,Jones,student3899@univ.edu,Female,18,CS,81.57,54.87,64.7,99.69,80.66,55.87,73.91,71.745,B
S3900,Omar,Johnson,student3900@univ.edu,Male,23,Mathematics,79.99,69.34,73.71,65.32,90.37,62.24,83.98,74.325,B
S3901,Omar,Johnson,student3901@univ.edu,Female,24,CS,53.47,88.47,89.71,88.72,92.09,93.49,69.51,84.096,B
S3902,Ahmed,Davis,student3902@univ.edu,Male,22,Mathematics,55.73,41.45,72.01,83.99,53.84,49.63,48.44,60.774,C
S3903,Liam,Jones,student3903@univ.edu,Male,20,Engineering,60.75,55.72,44.18,71.82,89.55,58.49,63.64,59.489,D
S3904,Omar,Davis,student3904@univ.edu,Male,19,Business,80.33,95.26,65.37,72.81,73.53,70.2,47.68,73.249,B
S3905,Emma,Johnson,student3905@univ.edu,Female,21,Mathematics,71.85,67.28,58.94,77.67,94.97,54.04,70.98,69.27,C
S3906,John,Jones,student3906@univ.edu,Female,19,CS,92.72,88.82,91.39,55.82,62.62,50.43,92.01,80.81,B
S3907,Maria,Johnson,student3907@univ.edu,Male,18,Engineering,79.95,42.85,57.03,93.63,90.95,81.19,79.12,68.785,C
S3908,Ali,Brown,student3908@univ.edu,Female,18,Engineering,74.28,73.25,73.04,69.72,70.43,87.41,62.92,72.154,B
S3909,Sara,Smith,student3909@univ.edu,Female,23,Engineering,89.25,85.83,77.36,99.29,91.42,87.76,93.25,87.047,A
S3910,Ali,Williams,student3910@univ.edu,Male,19,Engineering,59.04,52.83,47.71,65.16,86.14,56.96,59.52,57.971,D
S3911,Liam,Davis,student3911@univ.edu,Male,18,CS,71.31,71.17,94.24,58.44,50.04,66.06,72.64,73.974,B
S3912,Maria,Johnson,student3912@univ.edu,Female,22,CS,68.67,94.71,53.48,86.33,50.61,93.72,53.65,69.914,C
S3913,Omar,Williams,student3913@univ.edu,Male,19,Mathematics,78.52,81.84,49.27,88.71,73.15,63.47,85.22,71.318,B
S3914,Sara,Smith,student3914@univ.edu,Female,25,Engineering,73.74,49.98,56.64,91.67,90.15,98.35,82.95,70.34,B
S3915,Ali,Smith,student3915@univ.edu,Female,18,Business,87.57,70.4,61.15,59.59,56.83,89.5,80.15,68.293,C
S3916,Ali,Brown,student3916@univ.edu,Male,25,CS,94.66,41.52,62.38,62.43,96.27,87.92,89.81,68.852,C
S3917,Emma,Brown,student3917@univ.edu,Female,21,Engineering,70.52,62.26,63.81,85.23,67.97,53.15,83.77,69.263,C
S3918,John,Jones,student3918@univ.edu,Male,21,Engineering,81.0,83.93,51.53,79.47,67.97,45.39,87.52,70.084,B
S3919,Emma,Brown,student3919@univ.edu,Male,22,Business,87.66,94.27,46.07,89.05,52.48,55.05,45.99,67.398,C
S3920,Omar,Williams,student3920@univ.edu,Female,22,CS,66.81,46.28,62.81,98.46,82.95,92.84,71.06,69.592,C
S3921,Liam,Williams,student3921@univ.edu,Male,22,Mathematics,65.16,56.84,56.41,90.76,87.76,89.77,80.46,69.732,C
S3922,Sara,Williams,student3922@univ.edu,Female,21,Mathematics,73.5,58.92,42.88,57.57,69.79,80.4,65.55,58.188,D
S3923,Ahmed,Williams,student3923@univ.edu,Female,20,Engineering,94.2,75.32,54.78,71.85,81.82,74.94,77.06,71.331,B
S3924,Liam,Davis,student3924@univ.edu,Male,24,CS,63.53,65.62,99.6,58.22,50.84,81.19,76.7,74.903,B
S3925,Liam,Davis,student3925@univ.edu,Female,19,Business,88.41,73.99,70.0,50.06,82.32,49.52,56.02,68.458,C
S3926,Liam,Brown,student3926@univ.edu,Male,23,Mathematics,59.58,63.45,40.3,89.63,94.11,75.86,77.91,65.177,C
S3927,Emma,Williams,student3927@univ.edu,Male,23,Business,84.27,54.15,98.69,62.62,56.14,42.55,80.09,74.007,B
S3928,Ali,Brown,student3928@univ.edu,Female,22,Engineering,95.53,89.52,95.69,82.1,52.35,58.55,93.61,86.002,A
S3929,Sara,Brown,student3929@univ.edu,Female,20,Engineering,96.73,44.72,41.1,83.02,76.34,75.62,56.27,60.442,C
S3930,Ahmed,Williams,student3930@univ.edu,Female,23,Business,83.84,59.89,68.28,98.85,79.46,55.02,85.51,74.922,B
S3931,Ali,Jones,student3931@univ.edu,Male,18,Mathematics,60.67,67.28,76.7,75.46,80.89,76.01,58.74,71.615,B
S3932,Sara,Davis,student3932@univ.edu,Female,23,CS,75.19,77.41,75.35,51.88,92.76,41.27,43.84,69.111,C
S3933,Sara,Brown,student3933@univ.edu,Male,23,Engineering,67.27,96.52,72.28,92.41,93.24,61.57,72.3,81.209,B
S3934,Liam,Jones,student3934@univ.edu,Female,19,Mathematics,62.83,76.97,66.58,63.23,86.71,93.42,62.69,70.746,B
S3935,Maria,Davis,student3935@univ.edu,Female,20,Mathematics,72.98,80.72,75.57,91.91,75.41,73.21,67.66,77.867,B
S3936,Maria,Jones,student3936@univ.edu,Female,21,Business,86.96,49.63,77.26,89.81,62.09,40.06,94.66,72.95,B
S3937,Omar,Jones,student3937@univ.edu,Male,23,Engineering,53.75,63.6,59.54,82.56,63.69,44.07,46.39,61.552,C
S3938,Emma,Williams,student3938@univ.edu,Female,24,CS,97.45,46.48,71.33,89.29,59.42,99.28,95.54,74.294,B
S3939,Omar,Jones,student3939@univ.edu,Male,19,Business,53.08,76.23,81.1,52.86,94.21,58.83,43.82,69.558,C
S3940,Omar,Johnson,student3940@univ.edu,Male,22,Mathematics,81.12,59.8,74.1,69.87,93.46,88.06,95.83,76.115,B
S3941,Maria,Williams,student3941@univ.edu,Male,21,CS,96.15,54.2,83.0,61.85,73.07,70.55,88.45,74.312,B
S3942,Omar,Williams,student3942@univ.edu,Male,24,CS,86.3,75.49,97.27,80.28,71.73,50.58,78.61,82.514,B
S3943,Omar,Davis,student3943@univ.edu,Female,18,Business,76.11,55.16,51.99,59.68,76.88,91.57,47.15,60.174,C
S3944,Ahmed,Smith,student3944@univ.edu,Female,25,Mathematics,60.79,67.31,64.97,73.37,90.74,74.27,83.26,71.151,B
S3945,Emma,Smith,student3945@univ.edu,Female,24,Business,63.77,71.04,59.87,82.91,59.66,63.69,98.69,70.002,B
S3946,Omar,Johnson,student3946@univ.edu,Female,24,Engineering,86.57,98.56,78.71,96.66,93.6,48.37,99.48,88.207,A
S3947,John,Smith,student3947@univ.edu,Male,23,Mathematics,52.17,64.11,42.79,60.35,80.53,48.35,72.49,57.648,D
S3948,Ahmed,Jones,student3948@univ.edu,Female,25,Engineering,54.22,42.03,70.26,56.68,51.42,80.79,46.67,57.257,D
S3949,Liam,Davis,student3949@univ.edu,Female,21,Business,84.26,40.37,58.06,77.56,89.42,98.14,44.86,63.887,C
S3950,Ali,Smith,student3950@univ.edu,Male,22,Business,53.13,78.53,80.68,97.47,87.87,96.61,47.62,78.223,B
S3951,Ali,Davis,student3951@univ.edu,Female,19,CS,51.63,65.5,47.18,86.3,82.44,45.6,60.12,61.898,C
S3952,Omar,Jones,student3952@univ.edu,Male,22,CS,97.92,50.02,73.47,75.33,68.75,74.24,44.36,68.16,C
S3953,Maria,Jones,student3953@univ.edu,Female,25,Business,62.38,56.29,86.54,85.97,80.09,47.81,64.23,73.176,B
S3954,Maria,Smith,student3954@univ.edu,Male,25,Engineering,63.87,41.95,51.19,84.71,72.53,41.93,60.95,58.285,D
S3955,Maria,Williams,student3955@univ.edu,Male,25,CS,97.92,85.39,94.36,65.44,65.36,63.56,70.09,81.717,B
S3956,Ahmed,Jones,student3956@univ.edu,Female,20,Mathematics,60.66,77.56,78.34,97.46,90.76,82.14,72.19,80.101,B
S3957,Ahmed,Smith,student3957@univ.edu,Female,24,Business,56.03,69.09,84.51,62.5,90.26,49.31,86.75,74.316,B
S3958,John,Brown,student3958@univ.edu,Male,25,Engineering,88.85,57.23,63.54,91.37,72.74,44.61,80.95,70.698,B
S3959,Sara,Brown,student3959@univ.edu,Male,19,Business,75.11,81.97,87.49,90.79,52.63,55.48,46.46,76.454,B
S3960,Maria,Brown,student3960@univ.edu,Male,18,Business,90.0,47.01,67.03,59.22,66.82,60.4,81.56,65.252,C
S3961,Omar,Smith,student3961@univ.edu,Male,20,Engineering,97.57,77.45,79.26,81.1,85.24,79.88,66.9,80.398,B
S3962,Ali,Jones,student3962@univ.edu,Female,21,Mathematics,88.89,47.33,47.08,77.98,83.7,43.39,52.22,59.938,D
S3963,Ahmed,Jones,student3963@univ.edu,Female,20,CS,51.89,44.08,62.81,76.69,71.66,99.0,49.31,61.398,C
S3964,Liam,Williams,student3964@univ.edu,Female,20,Business,65.07,53.21,73.03,53.69,55.75,74.04,50.69,61.458,C
S3965,Sara,Brown,student3965@univ.edu,Female,23,CS,93.64,92.89,77.11,86.66,58.56,52.97,43.33,76.911,B
S3966,Emma,Johnson,student3966@univ.edu,Female,25,CS,87.16,90.36,78.14,58.41,79.58,84.9,61.37,77.332,B
S3967,Ahmed,Brown,student3967@univ.edu,Male,20,Mathematics,98.01,65.2,61.03,95.26,68.56,52.15,47.44,69.647,C
S3968,Ahmed,Smith,student3968@univ.edu,Female,21,Engineering,55.27,47.38,93.17,81.72,83.1,89.57,56.53,73.654,B
S3969,Sara,Smith,student3969@univ.edu,Female,19,Engineering,72.17,86.07,61.84,83.67,97.44,79.69,47.55,74.017,B
S3970,Ahmed,Jones,student3970@univ.edu,Female,18,Engineering,51.09,60.91,82.78,71.86,78.99,96.6,48.24,70.457,B
S3971,Omar,Brown,student3971@univ.edu,Female,20,Mathematics,53.43,79.32,82.8,72.8,83.67,72.42,69.65,75.92,B
S3972,Ali,Brown,student3972@univ.edu,Female,19,CS,70.95,99.26,95.49,60.88,95.55,52.35,90.7,85.969,A
S3973,Ahmed,Williams,student3973@univ.edu,Male,22,Engineering,53.77,65.53,92.58,58.88,66.09,50.69,71.5,71.383,B
S3974,Emma,Jones,student3974@univ.edu,Male,19,CS,64.69,89.7,92.87,54.68,51.25,77.27,81.19,77.58,B
S3975,Emma,Davis,student3975@univ.edu,Male,22,CS,98.09,98.69,78.47,93.61,53.64,87.46,97.99,86.666,A
S3976,John,Davis,student3976@univ.edu,Male,20,Business,94.98,54.02,97.33,69.9,75.85,78.31,45.39,76.025,B
S3977,John,Williams,student3977@univ.edu,Male,24,CS,58.33,97.82,67.83,83.15,97.41,71.82,45.96,76.146,B
S3978,Ahmed,Williams,student3978@univ.edu,Male,18,Mathematics,92.7,86.27,88.63,76.02,63.13,82.15,49.87,79.923,B
S3979,Emma,Brown,student3979@univ.edu,Male,19,Engineering,52.72,45.22,58.91,55.35,73.87,57.16,73.33,57.869,D
S3980,Ali,Brown,student3980@univ.edu,Male,20,Engineering,90.41,51.78,98.84,94.64,61.9,99.4,85.0,82.905,B
S3981,Emma,Williams,student3981@univ.edu,Male,24,Mathematics,64.94,52.31,60.57,61.29,96.1,70.96,74.75,64.954,C
S3982,Ahmed,Brown,student3982@univ.edu,Female,23,Business,78.89,42.18,82.02,92.55,67.93,40.14,76.6,71.273,B
S3983,John,Johnson,student3983@univ.edu,Male,20,Business,74.85,44.4,92.61,84.25,99.24,98.42,80.85,79.715,B
S3984,Maria,Williams,student3984@univ.edu,Male,19,Engineering,65.43,76.98,46.92,92.74,92.06,58.97,59.73,68.054,C
S3985,Maria,Jones,student3985@univ.edu,Male,19,Engineering,76.24,55.63,44.76,76.26,88.74,84.65,93.14,66.037,C
S3986,Liam,Smith,student3986@univ.edu,Female,24,Engineering,51.65,69.54,87.63,87.73,83.13,59.71,44.57,74.277,B
S3987,Sara,Johnson,student3987@univ.edu,Male,24,CS,97.34,84.82,41.85,56.8,82.87,84.05,95.63,69.825,C
S3988,Ahmed,Jones,student3988@univ.edu,Female,19,Business,64.78,99.57,42.34,66.21,65.27,45.36,76.15,65.436,C
S3989,Ahmed,Davis,student3989@univ.edu,Female,25,Business,85.55,97.36,99.19,97.69,90.12,40.37,82.01,91.669,A
S3990,John,Smith,student3990@univ.edu,Male,19,Business,95.0,94.89,63.37,95.1,51.33,72.65,61.84,76.703,B
S3991,Emma,Smith,student3991@univ.edu,Male,25,Mathematics,50.82,77.58,48.98,96.23,80.17,55.34,92.01,69.712,C
S3992,Emma,Johnson,student3992@univ.edu,Male,18,Engineering,88.39,84.74,61.78,76.13,88.35,89.53,58.97,74.949,B
S3993,Sara,Williams,student3993@univ.edu,Male,21,CS,78.53,74.82,99.54,98.46,87.27,61.09,45.18,83.748,B
S3994,Omar,Johnson,student3994@univ.edu,Female,24,Engineering,60.4,91.79,98.82,67.89,91.02,96.5,76.78,85.832,A
S3995,John,Jones,student3995@univ.edu,Female,19,Engineering,60.02,96.45,58.5,70.96,66.96,98.64,73.82,72.496,B
S3996,Ali,Johnson,student3996@univ.edu,Male,25,Mathematics,54.53,69.16,43.37,52.5,63.57,79.24,73.05,57.795,D
S3997,Ali,Williams,student3997@univ.edu,Female,24,Business,59.39,87.68,82.83,54.22,79.75,47.9,94.68,76.295,B
S3998,Maria,Davis,student3998@univ.edu,Female,18,Engineering,84.65,87.39,44.64,81.77,94.16,78.05,81.51,73.07,B
S3999,Ahmed,Davis,student3999@univ.edu,Female,18,Engineering,59.48,48.66,61.93,76.62,69.31,91.44,45.8,61.835,C
S4000,Maria,Jones,student4000@univ.edu,Female,19,Engineering,96.81,63.41,52.86,95.61,64.44,82.91,75.64,70.716,B
S4001,Sara,Johnson,student4001@univ.edu,Female,19,CS,79.98,94.51,88.95,70.1,56.97,43.2,52.73,77.23,B
S4002,Ahmed,Brown,student4002@univ.edu,Male,19,Mathematics,60.67,45.29,48.69,92.23,72.33,91.84,93.28,64.719,C
S4003,Maria,Brown,student4003@univ.edu,Female,23,Mathematics,76.62,96.31,83.15,68.88,93.4,74.92,77.55,83.042,B
S4004,Maria,Williams,student4004@univ.edu,Male,23,CS,63.76,68.16,55.35,81.01,73.33,60.29,41.84,63.296,C
S4005,John,Smith,student4005@univ.edu,Male,21,Business,69.99,88.76,71.27,75.38,90.93,56.71,68.99,76.266,B
S4006,Ahmed,Johnson,student4006@univ.edu,Female,19,Engineering,73.26,71.61,98.73,54.54,84.21,99.06,59.36,78.758,B
S4007,Ali,Johnson,student4007@univ.edu,Female,24,Engineering,71.77,62.35,99.3,65.55,71.97,90.47,89.78,79.968,B
S4008,John,Smith,student4008@univ.edu,Female,24,CS,77.9,96.06,92.42,97.95,53.33,82.38,53.56,84.228,B
S4009,Maria,Williams,student4009@univ.edu,Male,19,CS,71.21,47.35,90.79,62.68,89.69,40.06,47.28,68.93,C
S4010,Maria,Jones,student4010@univ.edu,Male,19,Mathematics,99.49,51.71,66.61,97.02,55.94,78.55,75.98,71.947,B
S4011,Maria,Brown,student4011@univ.edu,Female,23,Mathematics,78.84,76.86,60.81,74.18,53.28,62.33,74.96,68.567,C
S4012,Sara,Johnson,student4012@univ.edu,Female,21,Engineering,76.82,54.21,91.17,63.43,55.28,44.63,86.31,71.78,B
S4013,Liam,Brown,student4013@univ.edu,Male,23,Business,78.78,40.27,80.24,73.55,72.67,90.71,93.52,72.191,B
S4014,Emma,Davis,student4014@univ.edu,Male,19,Business,92.99,60.36,97.69,58.98,67.34,77.43,67.05,76.835,B
S4015,Ali,Davis,student4015@univ.edu,Male,23,Engineering,93.81,67.51,84.03,55.93,67.9,66.7,82.31,74.837,B
S4016,Liam,Smith,student4016@univ.edu,Male,21,Mathematics,50.59,51.28,84.85,65.0,71.48,87.29,49.38,66.971,C
S4017,Maria,Davis,student4017@univ.edu,Male,21,CS,50.23,60.67,88.89,74.45,60.61,48.48,76.61,71.138,B
S4018,Maria,Johnson,student4018@univ.edu,Female,19,Mathematics,72.09,53.84,78.18,76.28,76.32,64.11,72.45,70.956,B
S4019,Liam,Williams,student4019@univ.edu,Male,25,Engineering,81.04,94.57,52.15,88.37,99.54,49.99,61.09,74.481,B
S4020,Emma,Brown,student4020@univ.edu,Male,21,Engineering,60.63,94.92,51.06,73.33,57.32,92.14,94.74,71.177,B
S4021,Ali,Williams,student4021@univ.edu,Male,20,Business,95.81,96.84,97.53,61.54,67.31,63.97,88.4,86.209,A
S4022,Ahmed,Smith,student4022@univ.edu,Male,24,Mathematics,76.3,92.4,50.42,73.68,78.19,96.74,68.24,71.768,B
S4023,Omar,Smith,student4023@univ.edu,Female,23,Business,64.83,82.91,71.28,59.88,78.8,86.0,72.69,72.88,B
S4024,Ahmed,Brown,student4024@univ.edu,Male,24,Business,76.82,62.17,60.41,80.55,55.3,55.5,51.46,63.773,C
S4025,Liam,Smith,student4025@univ.edu,Male,24,Mathematics,77.81,43.97,47.13,72.84,85.11,99.8,88.98,64.039,C
S4026,Ali,Brown,student4026@univ.edu,Male,19,Business,76.03,80.85,58.22,52.33,71.46,79.01,82.53,68.438,C
S4027,Maria,Davis,student4027@univ.edu,Female,21,Mathematics,88.45,83.35,81.07,73.85,75.86,41.69,84.82,79.066,B
S4028,Ali,Smith,student4028@univ.edu,Female,25,Engineering,92.99,71.34,96.55,76.45,71.37,93.39,63.7,82.176,B
S4029,Sara,Williams,student4029@univ.edu,Male,21,Engineering,62.23,87.19,76.4,52.68,53.28,77.11,73.3,70.997,B
S4030,Maria,Johnson,student4030@univ.edu,Male,24,Engineering,84.97,56.34,67.34,82.45,93.91,91.3,53.92,71.682,B
S4031,Ahmed,Jones,student4031@univ.edu,Male,23,Business,81.75,94.71,81.41,58.52,95.16,70.75,90.35,82.406,B
S4032,Ahmed,Smith,student4032@univ.edu,Female,19,Engineering,56.65,76.52,54.38,80.99,71.99,77.3,72.98,67.793,C
S4033,Ali,Davis,student4033@univ.edu,Male,24,Mathematics,67.84,95.99,56.06,85.1,86.64,42.2,82.58,74.597,B
S4034,Omar,Smith,student4034@univ.edu,Male,21,Business,85.84,56.2,86.3,54.2,56.81,74.25,76.77,70.915,B
S4035,Ali,Smith,student4035@univ.edu,Female,25,Engineering,71.71,90.59,59.41,81.37,87.7,87.21,96.89,78.137,B
S4036,Sara,Brown,student4036@univ.edu,Female,24,CS,79.84,56.66,57.48,98.11,83.82,56.16,70.59,69.525,C
S4037,Ali,Jones,student4037@univ.edu,Male,18,Mathematics,75.81,49.16,58.61,90.17,77.77,62.77,65.95,66.032,C
S4038,Liam,Brown,student4038@univ.edu,Male,19,Engineering,93.54,85.22,90.61,51.22,69.7,76.96,80.16,80.098,B
S4039,John,Brown,student4039@univ.edu,Female,24,CS,97.27,64.54,59.04,91.87,51.98,79.33,46.25,67.917,C
S4040,Sara,Jones,student4040@univ.edu,Male,21,CS,78.75,95.48,42.3,87.3,76.65,62.53,94.05,72.953,B
S4041,Ahmed,Davis,student4041@univ.edu,Male,25,Engineering,69.42,48.53,48.95,61.5,77.92,79.68,70.48,59.382,D
S4042,Liam,Jones,student4042@univ.edu,Female,23,CS,73.16,92.61,82.59,93.9,96.86,48.57,44.75,81.289,B
S4043,Emma,Brown,student4043@univ.edu,Female,19,CS,78.06,51.1,59.79,78.08,53.87,54.08,47.09,60.475,C
S4044,Maria,Brown,student4044@univ.edu,Male,18,Engineering,58.21,77.93,48.5,67.64,54.44,40.34,86.07,62.171,C
S4045,Emma,Jones,student4045@univ.edu,Female,19,Mathematics,87.65,83.03,98.21,66.07,81.1,75.54,87.24,85.356,A
S4046,Sara,Williams,student4046@univ.edu,Female,24,Business,50.44,92.49,67.93,82.83,76.36,63.73,93.1,76.478,B
S4047,Ali,Davis,student4047@univ.edu,Female,25,Engineering,74.04,62.2,41.05,84.02,64.73,46.01,69.7,60.505,C
S4048,Emma,Williams,student4048@univ.edu,Male,20,CS,82.59,70.07,70.15,69.05,83.82,64.96,83.32,73.637,B
S4049,Ali,Brown,student4049@univ.edu,Male,21,CS,98.7,82.32,62.74,58.68,62.13,45.04,55.05,67.928,C
S4050,Ahmed,Davis,student4050@univ.edu,Female,22,Mathematics,78.58,57.71,62.28,66.4,59.44,43.65,91.23,65.294,C
S4051,Liam,Jones,student4051@univ.edu,Male,24,CS,92.88,77.05,44.28,71.43,86.99,50.14,66.21,66.523,C
S4052,John,Davis,student4052@univ.edu,Male,25,Business,61.09,56.18,89.11,94.63,53.51,68.85,94.0,76.466,B
S4053,Maria,Williams,student4053@univ.edu,Male,23,Engineering,90.09,83.21,64.22,91.7,90.32,94.25,76.9,80.107,B
S4054,Omar,Davis,student4054@univ.edu,Female,19,CS,59.4,77.37,99.4,98.62,65.59,96.58,84.28,85.843,A
S4055,Ali,Brown,student4055@univ.edu,Male,23,CS,77.67,91.55,97.63,97.48,78.97,60.73,45.31,85.453,A
S4056,Liam,Davis,student4056@univ.edu,Female,24,CS,83.5,85.88,62.37,53.36,72.33,55.9,95.36,71.805,B
S4057,John,Smith,student4057@univ.edu,Male,24,Mathematics,54.21,90.83,65.74,97.0,58.91,66.9,77.38,74.833,B
S4058,Maria,Johnson,student4058@univ.edu,Female,24,Mathematics,87.65,45.34,69.29,61.35,83.7,77.79,52.08,65.29,C
S4059,Maria,Johnson,student4059@univ.edu,Female,25,Mathematics,75.67,41.12,74.11,57.46,69.08,79.96,46.35,62.184,C
S4060,Liam,Johnson,student4060@univ.edu,Male,18,CS,65.5,68.63,99.74,87.28,63.56,50.4,85.89,80.755,B
S4061,Ahmed,Williams,student4061@univ.edu,Male,19,Mathematics,50.77,60.45,84.38,93.56,57.0,69.09,46.3,70.299,B
S4062,Omar,Davis,student4062@univ.edu,Female,18,Mathematics,81.33,53.45,99.84,89.2,69.35,59.48,71.12,79.176,B
S4063,John,Brown,student4063@univ.edu,Male,24,CS,86.04,48.53,49.56,71.7,96.08,50.91,46.32,60.719,C
S4064,Liam,Davis,student4064@univ.edu,Female,24,Engineering,76.3,89.95,52.58,80.91,93.4,61.31,89.17,74.853,B
S4065,Maria,Jones,student4065@univ.edu,Female,25,Engineering,62.09,49.74,80.56,62.57,72.03,74.42,87.31,69.365,C
S4066,Omar,Williams,student4066@univ.edu,Male,21,Engineering,98.42,56.5,47.94,83.69,62.22,76.9,74.22,65.567,C
S4067,Sara,Johnson,student4067@univ.edu,Female,25,Business,71.48,43.38,85.65,67.89,51.26,41.72,71.3,66.044,C
S4068,Maria,Williams,student4068@univ.edu,Male,18,Mathematics,81.96,92.49,53.62,78.12,60.52,98.22,91.53,74.614,B
S4069,Omar,Jones,student4069@univ.edu,Male,25,Engineering,52.03,89.93,50.87,57.74,89.54,50.46,71.85,65.773,C
S4070,Ahmed,Jones,student4070@univ.edu,Male,21,Mathematics,75.21,62.64,72.75,84.14,70.77,72.86,63.6,71.575,B
S4071,John,Johnson,student4071@univ.edu,Male,22,CS,85.79,56.0,49.76,62.45,61.72,47.65,73.34,59.963,D
S4072,Maria,Jones,student4072@univ.edu,Male,20,Engineering,82.04,89.67,78.0,98.58,69.26,80.67,53.47,80.631,B
S4073,John,Jones,student4073@univ.edu,Male,25,Business,83.94,47.32,45.14,59.63,86.5,99.65,72.19,61.196,C
S4074,Liam,Smith,student4074@univ.edu,Female,21,Business,55.4,81.45,69.74,72.26,98.97,55.96,99.56,76.242,B
S4075,Maria,Johnson,student4075@univ.edu,Male,20,Mathematics,95.71,50.95,69.08,71.38,74.83,59.91,64.79,68.15,C
S4076,Liam,Smith,student4076@univ.edu,Female,19,Business,74.96,81.39,55.04,77.35,72.85,91.99,74.03,71.176,B
S4077,Ali,Smith,student4077@univ.edu,Male,22,Business,82.23,81.34,90.78,78.0,65.9,91.76,89.71,83.574,B
S4078,Liam,Jones,student4078@univ.edu,Female,25,Business,64.44,89.92,98.01,82.94,73.58,85.12,69.29,84.815,B
S4079,Omar,Brown,student4079@univ.edu,Male,23,CS,82.52,92.6,58.26,73.88,97.64,93.48,43.01,74.071,B
S4080,Emma,Davis,student4080@univ.edu,Male,18,Business,58.76,83.99,81.3,79.35,78.97,73.93,80.41,78.601,B
S4081,Sara,Johnson,student4081@univ.edu,Male,25,Engineering,69.02,63.75,75.81,78.95,94.96,75.65,47.73,72.289,B
S4082,Ahmed,Brown,student4082@univ.edu,Female,18,CS,78.26,42.9,55.28,50.92,50.86,81.53,79.6,57.75,D
S4083,John,Jones,student4083@univ.edu,Female,25,CS,96.03,82.8,88.41,56.5,75.15,54.73,40.81,75.494,B
S4084,John,Jones,student4084@univ.edu,Male,23,CS,90.04,94.59,67.77,82.21,64.82,77.96,92.96,80.26,B
S4085,Ali,Johnson,student4085@univ.edu,Male,23,Mathematics,63.02,77.15,50.92,99.85,89.7,79.29,58.41,70.761,B
S4086,Maria,Smith,student4086@univ.edu,Female,21,Mathematics,73.07,54.04,79.4,50.26,93.68,40.22,93.12,70.165,B
S4087,Liam,Smith,student4087@univ.edu,Female,22,CS,95.24,87.82,50.5,57.08,81.24,54.2,86.64,70.298,B
S4088,Ahmed,Johnson,student4088@univ.edu,Female,25,Business,66.44,70.3,93.1,58.93,87.57,61.57,44.38,73.747,B
S4089,Ali,Brown,student4089@univ.edu,Male,19,CS,59.23,50.86,60.63,63.23,50.6,41.55,62.63,57.169,D
S4090,Liam,Jones,student4090@univ.edu,Male,19,Engineering,69.27,63.11,46.85,91.65,63.24,84.4,48.26,62.721,C
S4091,Liam,Smith,student4091@univ.edu,Female,23,Mathematics,59.48,83.31,42.81,97.31,58.43,56.86,76.73,66.409,C
S4092,Ali,Smith,student4092@univ.edu,Female,25,CS,63.93,97.61,62.3,59.23,68.61,97.41,51.74,70.395,B
S4093,Maria,Williams,student4093@univ.edu,Male,21,CS,99.11,98.84,90.96,98.1,81.26,80.09,79.8,91.793,A
S4094,Emma,Brown,student4094@univ.edu,Female,18,Engineering,93.16,60.31,53.27,54.94,82.15,55.96,97.95,66.408,C
S4095,Sara,Brown,student4095@univ.edu,Male,21,Mathematics,62.01,75.5,56.3,80.85,65.8,93.56,91.84,70.76,B
S4096,Sara,Smith,student4096@univ.edu,Female,25,Engineering,60.16,98.39,91.2,97.11,83.61,70.4,50.87,84.589,B
S4097,Ahmed,Johnson,student4097@univ.edu,Male,18,Mathematics,69.21,48.1,75.13,80.66,72.08,76.72,52.91,67.514,C
S4098,Emma,Davis,student4098@univ.edu,Male,19,CS,87.06,87.83,72.82,60.1,59.5,94.76,74.03,75.224,B
S4099,Liam,Jones,student4099@univ.edu,Female,20,Engineering,56.55,86.63,63.64,93.1,71.86,63.45,66.29,73.026,B
S4100,Sara,Jones,student4100@univ.edu,Female,23,CS,63.67,48.04,67.06,94.55,73.97,63.41,97.04,70.547,B
S4101,Sara,Davis,student4101@univ.edu,Female,22,Business,86.99,81.78,74.39,82.85,92.37,45.75,43.81,75.705,B
S4102,Sara,Williams,student4102@univ.edu,Female,20,Mathematics,95.46,69.23,78.22,95.02,66.57,67.79,58.14,76.971,B
S4103,Ahmed,Williams,student4103@univ.edu,Female,20,Business,88.82,90.28,77.38,53.21,93.87,75.2,80.2,79.3,B
S4104,Sara,Smith,student4104@univ.edu,Female,20,CS,61.56,50.8,40.93,74.67,93.11,52.1,72.77,58.989,D
S4105,Ahmed,Jones,student4105@univ.edu,Female,22,CS,71.76,91.57,57.13,55.29,84.62,79.55,97.64,73.126,B
S4106,Liam,Davis,student4106@univ.edu,Male,21,CS,81.94,84.25,97.7,89.42,91.36,85.88,67.61,87.958,A
S4107,Ali,Smith,student4107@univ.edu,Male,22,Mathematics,83.63,80.31,79.9,58.32,91.16,43.28,98.09,78.232,B
S4108,Omar,Smith,student4108@univ.edu,Female,22,Engineering,82.59,78.36,84.4,82.74,94.57,85.21,45.75,79.954,B
S4109,Omar,Davis,student4109@univ.edu,Male,20,CS,69.52,80.38,85.42,53.13,57.42,83.14,82.62,74.784,B
S4110,Ali,Johnson,student4110@univ.edu,Female,25,Business,74.47,80.49,84.84,92.2,72.68,96.12,79.68,82.869,B
S4111,Emma,Smith,student4111@univ.edu,Female,24,Engineering,93.84,71.51,68.37,74.62,50.31,47.44,69.98,69.791,C
S4112,Emma,Johnson,student4112@univ.edu,Female,25,Business,81.32,42.63,76.45,93.69,51.89,63.07,95.61,71.55,B
S4113,Sara,Johnson,student4113@univ.edu,Male,21,Business,67.21,94.58,93.17,65.69,82.03,53.73,53.99,79.73,B
S4114,Maria,Smith,student4114@univ.edu,Female,20,Mathematics,53.6,41.96,93.43,72.52,56.29,87.06,55.91,68.232,C
S4115,Ali,Williams,student4115@univ.edu,Male,20,Business,87.66,95.96,61.13,51.91,66.18,64.23,40.08,67.921,C
S4116,John,Davis,student4116@univ.edu,Male,20,Mathematics,59.72,40.4,56.82,62.92,72.15,80.51,84.61,60.238,C
S4117,Emma,Jones,student4117@univ.edu,Male,24,Engineering,59.67,56.34,83.1,92.74,55.85,83.98,49.04,70.764,B
S4118,Sara,Smith,student4118@univ.edu,Female,21,Mathematics,66.24,86.12,53.4,67.52,77.43,95.2,97.95,72.294,B
S4119,Liam,Williams,student4119@univ.edu,Male,18,Mathematics,69.88,48.7,70.56,99.64,74.42,74.6,81.32,72.146,B
S4120,Maria,Jones,student4120@univ.edu,Male,25,Engineering,63.62,99.47,68.37,66.52,63.56,62.55,90.09,75.237,B
S4121,Ahmed,Jones,student4121@univ.edu,Female,24,CS,93.2,67.39,97.7,59.22,74.66,64.69,61.67,77.858,B
S4122,Maria,Johnson,student4122@univ.edu,Male,25,Mathematics,88.44,49.75,90.67,65.31,79.61,70.91,92.9,76.588,B
S4123,Sara,Smith,student4123@univ.edu,Female,24,Business,51.0,48.91,83.57,89.96,76.4,91.19,72.14,72.861,B
S4124,Liam,Williams,student4124@univ.edu,Female,19,Business,61.0,52.6,42.27,52.63,58.58,97.85,67.25,54.671,D
S4125,Sara,Brown,student4125@univ.edu,Male,23,Business,56.09,92.66,86.81,58.15,99.77,42.59,99.1,80.923,B
S4126,Liam,Davis,student4126@univ.edu,Male,25,Mathematics,69.13,66.28,71.83,87.64,60.25,53.58,46.48,68.216,C
S4127,Ahmed,Johnson,student4127@univ.edu,Female,20,CS,62.4,88.81,96.31,86.21,74.82,49.88,73.58,83.16,B
S4128,Emma,Smith,student4128@univ.edu,Female,25,Business,51.69,46.38,65.2,90.8,60.97,58.32,61.35,62.773,C
S4129,John,Jones,student4129@univ.edu,Female,18,Business,99.09,78.08,61.74,61.11,82.45,72.59,67.98,71.886,B
S4130,Liam,Jones,student4130@univ.edu,Male,21,CS,72.49,91.28,64.03,85.9,64.63,72.28,55.98,73.274,B
S4131,Ali,Jones,student4131@univ.edu,Male,20,Mathematics,64.81,73.45,80.16,73.0,59.08,70.81,45.07,70.124,B
S4132,Liam,Smith,student4132@univ.edu,Female,21,Mathematics,58.32,96.19,90.89,59.54,76.49,58.7,55.83,77.435,B
S4133,Ahmed,Jones,student4133@univ.edu,Male,20,CS,50.88,69.86,72.21,64.47,82.6,43.48,64.41,67.268,C
S4134,John,Johnson,student4134@univ.edu,Female,22,Business,51.57,61.16,68.65,58.41,76.94,86.49,80.07,66.771,C
S4135,Liam,Brown,student4135@univ.edu,Male,19,Engineering,99.91,65.69,54.32,78.33,86.23,63.73,99.9,72.974,B
S4136,Omar,Smith,student4136@univ.edu,Male,19,Business,71.02,75.42,78.83,93.96,61.89,54.17,66.3,75.456,B
S4137,Ali,Davis,student4137@univ.edu,Male,21,Engineering,67.96,68.66,89.89,97.67,85.45,96.62,95.42,85.064,A
S4138,Emma,Davis,student4138@univ.edu,Female,20,Mathematics,88.0,65.83,77.28,96.56,64.18,44.67,41.74,72.46,B
S4139,Omar,Williams,student4139@univ.edu,Female,22,Mathematics,60.42,92.68,86.5,61.79,71.03,48.33,97.18,79.034,B
S4140,Emma,Davis,student4140@univ.edu,Male,21,CS,69.29,87.14,47.8,91.43,98.32,58.7,73.93,72.572,B
S4141,Emma,Williams,student4141@univ.edu,Female,18,Engineering,59.65,75.35,42.46,82.48,82.47,89.26,97.52,68.607,C
S4142,Ali,Brown,student4142@univ.edu,Female,22,Engineering,79.23,88.24,53.76,69.94,59.5,91.33,52.11,67.918,C
S4143,Sara,Brown,student4143@univ.edu,Male,22,Engineering,52.66,87.33,61.47,85.76,62.93,72.98,78.44,71.823,B
S4144,Maria,Williams,student4144@univ.edu,Female,19,Mathematics,63.26,65.0,99.28,50.12,84.7,75.23,74.9,76.349,B
S4145,Maria,Johnson,student4145@univ.edu,Male,22,Mathematics,56.33,47.37,59.25,97.17,71.69,46.06,77.42,64.671,C
S4146,Emma,Jones,student4146@univ.edu,Male,21,CS,55.38,62.93,90.2,65.67,85.72,88.27,77.21,75.741,B
S4147,Omar,Davis,student4147@univ.edu,Male,19,Mathematics,93.48,85.2,84.94,86.11,92.07,60.01,55.01,82.495,B
S4148,Emma,Williams,student4148@univ.edu,Female,20,Business,96.76,64.53,56.2,92.98,58.1,65.05,95.04,71.956,B
S4149,Maria,Williams,student4149@univ.edu,Female,24,Engineering,77.64,87.31,51.59,56.11,85.94,91.62,53.84,67.679,C
S4150,Liam,Davis,student4150@univ.edu,Female,21,CS,54.43,80.01,43.38,85.29,99.31,74.94,79.96,68.927,C
S4151,Ali,Johnson,student4151@univ.edu,Male,25,Mathematics,72.61,45.44,48.38,83.45,70.86,60.48,90.97,62.587,C
S4152,Ahmed,Jones,student4152@univ.edu,Male,19,CS,80.88,40.12,51.28,74.03,60.2,60.0,44.83,56.103,D
S4153,Sara,Davis,student4153@univ.edu,Male,23,CS,77.41,98.15,61.45,86.59,66.51,89.12,99.43,79.844,B
S4154,Liam,Johnson,student4154@univ.edu,Female,25,Business,80.33,42.42,94.3,77.76,83.85,95.1,69.41,76.552,B
S4155,Omar,Williams,student4155@univ.edu,Male,22,Mathematics,97.03,75.95,84.82,81.45,92.2,47.89,57.62,79.933,B
S4156,John,Davis,student4156@univ.edu,Male,19,Business,81.67,53.39,72.39,95.74,80.26,40.41,65.27,71.496,B
S4157,Sara,Davis,student4157@univ.edu,Male,24,CS,63.91,59.68,90.8,89.23,77.36,71.49,52.76,75.538,B
S4158,John,Brown,student4158@univ.edu,Female,20,CS,88.75,61.69,73.34,93.08,64.33,85.01,83.93,76.254,B
S4159,Ali,Williams,student4159@univ.edu,Male,23,CS,84.39,48.45,45.88,69.6,79.59,49.34,95.33,62.292,C
S4160,John,Davis,student4160@univ.edu,Female,22,Business,86.8,94.16,51.52,64.34,96.19,46.8,67.48,71.326,B
S4161,Maria,Williams,student4161@univ.edu,Male,21,Mathematics,59.14,69.83,49.73,90.51,94.86,67.35,89.85,70.214,B
S4162,Maria,Johnson,student4162@univ.edu,Female,22,Engineering,64.95,57.34,42.05,83.29,68.05,81.79,83.14,62.28,C
S4163,Emma,Williams,student4163@univ.edu,Male,18,Mathematics,73.81,61.79,53.69,85.83,90.2,59.85,57.91,66.524,C
S4164,Maria,Brown,student4164@univ.edu,Male,25,CS,77.19,43.04,93.69,55.44,60.07,64.92,60.43,68.046,C
S4165,Ahmed,Smith,student4165@univ.edu,Male,23,Engineering,62.54,46.27,57.21,80.75,82.6,57.22,92.04,65.108,C
S4166,Maria,Davis,student4166@univ.edu,Female,20,CS,51.64,59.95,91.29,81.47,58.8,97.64,44.64,71.988,B
S4167,Ahmed,Williams,student4167@univ.edu,Male,18,Mathematics,74.49,46.98,89.06,70.61,68.26,77.91,84.02,73.278,B
S4168,Liam,Williams,student4168@univ.edu,Male,23,CS,88.45,91.02,51.74,69.48,68.27,72.9,56.87,69.152,C
S4169,Ali,Brown,student4169@univ.edu,Male,21,CS,60.11,70.3,47.02,80.25,86.36,97.8,73.63,67.103,C
S4170,Ali,Williams,student4170@univ.edu,Male,19,CS,69.57,80.86,58.61,52.85,63.01,71.99,59.78,64.518,C
S4171,Ahmed,Williams,student4171@univ.edu,Male,24,Mathematics,64.27,54.65,84.93,98.21,90.16,69.89,72.49,77.327,B
S4172,Ali,Johnson,student4172@univ.edu,Female,21,Mathematics,92.7,62.08,90.91,72.46,80.48,71.64,64.17,77.875,B
S4173,Ahmed,Brown,student4173@univ.edu,Female,21,Mathematics,98.01,78.44,49.73,71.75,99.3,59.43,56.24,69.696,C
S4174,Omar,Johnson,student4174@univ.edu,Male,18,CS,59.22,55.3,58.45,53.87,94.15,67.34,90.0,64.379,C
S4175,John,Johnson,student4175@univ.edu,Female,19,CS,85.85,53.06,58.04,58.72,72.46,98.26,72.15,64.791,C
S4176,John,Johnson,student4176@univ.edu,Male,23,Engineering,76.9,47.3,67.51,99.36,90.0,91.24,54.83,71.352,B
S4177,Liam,Johnson,student4177@univ.edu,Male,20,Business,69.87,93.9,86.13,64.31,65.45,40.03,71.42,76.941,B
S4178,Ali,Davis,student4178@univ.edu,Female,20,Business,94.35,41.07,93.94,71.85,88.35,98.83,60.36,76.421,B
S4179,Sara,Johnson,student4179@univ.edu,Female,18,Engineering,54.58,44.57,92.55,93.05,87.37,91.2,45.26,73.917,B
S4180,Liam,Davis,student4180@univ.edu,Female,18,Engineering,74.0,49.36,76.31,65.24,70.55,48.93,96.21,69.073,C
S4181,Omar,Jones,student4181@univ.edu,Male,18,Business,74.1,77.99,48.33,92.25,78.33,45.86,94.04,70.874,B
S4182,John,Brown,student4182@univ.edu,Female,21,Engineering,59.51,71.2,70.83,60.33,95.56,97.5,40.32,68.953,C
S4183,Ahmed,Smith,student4183@univ.edu,Male,23,Engineering,90.59,64.23,50.43,69.59,88.06,61.06,74.33,66.764,C
S4184,John,Williams,student4184@univ.edu,Female,19,Mathematics,95.79,51.32,41.18,55.72,97.48,49.01,96.71,62.424,C
S4185,Liam,Williams,student4185@univ.edu,Female,18,CS,94.27,65.49,89.86,99.77,95.09,53.17,68.37,83.453,B
S4186,Ali,Johnson,student4186@univ.edu,Female,19,Business,59.74,69.79,73.78,92.03,50.29,64.39,54.45,69.564,C
S4187,Omar,Johnson,student4187@univ.edu,Female,25,CS,85.37,90.44,56.27,58.23,89.05,79.93,61.96,71.338,B
S4188,Ahmed,Williams,student4188@univ.edu,Male,19,Mathematics,55.71,58.99,72.84,73.04,87.06,70.74,65.8,69.0,C
S4189,Ahmed,Johnson,student4189@univ.edu,Male,25,CS,82.03,81.98,40.89,51.02,75.81,93.02,72.56,64.007,C
S4190,Maria,Smith,student4190@univ.edu,Female,23,CS,55.24,50.85,73.48,62.8,71.42,97.36,40.38,63.206,C
S4191,Sara,Johnson,student4191@univ.edu,Female,25,CS,91.14,47.24,40.68,66.08,94.12,64.62,85.85,61.906,C
S4192,Ali,Davis,student4192@univ.edu,Male,18,Engineering,84.59,83.84,66.13,94.69,79.2,44.27,96.68,79.071,B
S4193,Liam,Davis,student4193@univ.edu,Male,24,Mathematics,58.41,51.06,74.78,98.45,85.23,93.65,78.04,74.264,B
S4194,Ali,Williams,student4194@univ.edu,Male,21,Mathematics,54.21,55.56,43.61,68.66,51.56,92.8,79.41,57.652,D
S4195,Maria,Brown,student4195@univ.edu,Female,23,Business,77.02,62.43,67.03,95.13,63.85,66.61,75.18,71.8,B
S4196,Maria,Williams,student4196@univ.edu,Female,20,CS,93.27,65.89,67.18,58.23,97.99,55.07,77.24,71.67,B
S4197,John,Johnson,student4197@univ.edu,Male,19,Mathematics,98.8,96.88,93.07,76.52,93.59,74.92,71.72,88.932,A
S4198,Liam,Jones,student4198@univ.edu,Male,20,Mathematics,97.07,76.45,83.47,81.97,86.37,52.19,56.58,79.238,B
S4199,Ahmed,Williams,student4199@univ.edu,Male,25,Engineering,58.43,74.75,75.29,92.8,74.93,56.66,82.71,75.897,B
S4200,Maria,Brown,student4200@univ.edu,Female,25,Business,53.0,52.19,57.85,96.8,85.83,94.54,79.98,68.921,C
S4201,Maria,Jones,student4201@univ.edu,Female,23,Mathematics,94.89,42.56,89.12,96.48,63.76,79.42,42.39,73.795,B
S4202,Emma,Davis,student4202@univ.edu,Female,21,Business,92.92,48.72,99.79,70.7,72.07,41.54,54.3,74.292,B
S4203,Omar,Jones,student4203@univ.edu,Male,20,Business,95.79,45.23,96.74,71.48,89.52,42.26,72.9,76.724,B
S4204,Sara,Johnson,student4204@univ.edu,Male,20,Business,80.1,65.43,57.68,83.2,62.2,80.43,85.92,69.714,C
S4205,Sara,Brown,student4205@univ.edu,Male,22,Mathematics,72.24,93.62,42.62,89.04,98.73,61.52,78.59,72.898,B
S4206,Sara,Johnson,student4206@univ.edu,Female,23,CS,72.35,53.85,53.43,92.04,89.23,60.3,48.16,64.594,C
S4207,Maria,Davis,student4207@univ.edu,Male,19,Mathematics,72.01,68.62,79.61,57.14,62.45,89.65,50.14,69.121,C
S4208,Omar,Davis,student4208@univ.edu,Male,23,CS,80.52,63.58,80.88,72.77,77.74,68.63,44.41,71.594,B
S4209,Maria,Brown,student4209@univ.edu,Male,22,CS,86.85,41.69,66.27,97.14,84.14,42.2,84.22,70.421,B
S4210,Emma,Jones,student4210@univ.edu,Female,22,Engineering,75.58,64.14,41.82,70.37,66.22,49.99,56.99,58.308,D
S4211,Liam,Brown,student4211@univ.edu,Female,19,Mathematics,86.62,90.89,61.93,67.53,99.61,66.19,62.33,75.052,B
S4212,Emma,Jones,student4212@univ.edu,Female,23,Business,77.57,64.95,75.55,81.94,56.69,56.2,89.63,73.145,B
S4213,Omar,Jones,student4213@univ.edu,Female,18,Mathematics,54.58,49.33,78.84,73.16,93.69,43.39,92.27,70.715,B
S4214,Ali,Johnson,student4214@univ.edu,Female,18,Business,79.36,81.43,49.3,58.1,61.85,62.7,73.35,64.382,C
S4215,Omar,Johnson,student4215@univ.edu,Female,19,CS,55.15,83.71,96.74,90.73,62.68,83.24,93.69,84.688,B
S4216,Omar,Williams,student4216@univ.edu,Female,22,Business,62.53,45.53,46.13,80.54,95.97,70.02,98.72,64.249,C
S4217,John,Jones,student4217@univ.edu,Male,19,CS,84.62,97.87,91.71,58.66,98.36,87.38,73.27,85.88,A
S4218,Ali,Williams,student4218@univ.edu,Male,19,Engineering,57.55,96.11,76.63,54.04,58.48,74.51,95.64,75.209,B
S4219,Emma,Davis,student4219@univ.edu,Male,19,Business,99.91,80.32,82.33,62.94,50.06,86.03,92.71,78.773,B
S4220,Maria,Jones,student4220@univ.edu,Female,18,Engineering,78.45,98.94,61.72,91.77,67.77,76.45,96.28,80.142,B
S4221,Liam,Brown,student4221@univ.edu,Male,21,CS,87.53,78.24,96.05,87.14,76.68,93.66,71.39,85.777,A
S4222,John,Davis,student4222@univ.edu,Male,21,Mathematics,83.02,41.17,53.73,87.27,80.1,52.47,60.78,62.457,C
S4223,Sara,Williams,student4223@univ.edu,Male,19,Engineering,52.61,82.84,55.8,75.5,76.35,95.28,90.09,71.302,B
S4224,Omar,Davis,student4224@univ.edu,Female,22,Mathematics,93.23,78.16,54.05,92.97,57.49,81.54,99.21,74.863,B
S4225,Maria,Davis,student4225@univ.edu,Male,20,CS,95.93,76.12,59.64,99.58,63.96,59.62,84.45,75.468,B
S4226,Omar,Jones,student4226@univ.edu,Male,25,Business,65.74,51.3,44.13,93.17,80.15,55.21,62.84,61.108,C
S4227,Ahmed,Smith,student4227@univ.edu,Female,22,Mathematics,98.07,52.75,68.12,86.18,94.12,71.41,44.41,71.144,B
S4228,Sara,Williams,student4228@univ.edu,Female,25,Engineering,87.28,43.8,77.14,60.59,81.0,45.63,59.14,66.014,C
S4229,Maria,Brown,student4229@univ.edu,Female,23,Business,64.1,63.87,46.41,86.71,68.27,42.93,97.16,64.803,C
S4230,Ahmed,Williams,student4230@univ.edu,Female,21,Engineering,64.21,50.64,40.09,71.71,73.0,97.48,90.9,60.596,C
S4231,Maria,Jones,student4231@univ.edu,Female,23,Business,80.15,53.5,51.54,72.54,59.43,44.89,65.11,59.757,D
S4232,Ahmed,Williams,student4232@univ.edu,Male,22,CS,93.18,72.83,81.81,51.76,68.78,93.98,86.91,76.459,B
S4233,Maria,Johnson,student4233@univ.edu,Female,22,Mathematics,59.83,49.28,41.11,88.71,79.58,61.95,98.11,62.345,C
S4234,Emma,Williams,student4234@univ.edu,Female,25,CS,77.27,63.42,76.69,87.57,76.25,87.22,52.87,73.827,B
S4235,Sara,Brown,student4235@univ.edu,Male,21,Business,89.18,52.29,49.59,92.58,77.83,44.99,84.09,66.582,C
S4236,Liam,Smith,student4236@univ.edu,Male,25,Mathematics,85.96,44.91,81.22,86.2,93.99,49.41,71.79,73.922,B
S4237,Liam,Davis,student4237@univ.edu,Female,18,Business,53.25,41.75,66.88,73.48,75.24,80.46,95.46,65.854,C
S4238,John,Brown,student4238@univ.edu,Female,22,Mathematics,62.96,50.35,84.94,58.93,60.4,83.58,88.86,69.793,C
S4239,Ali,Smith,student4239@univ.edu,Male,18,Mathematics,92.73,96.83,88.79,76.54,78.71,49.45,70.8,84.18,B
S4240,Maria,Davis,student4240@univ.edu,Female,19,Business,99.22,98.65,96.11,65.63,88.63,48.12,77.3,87.329,A
S4241,Sara,Jones,student4241@univ.edu,Female,19,Engineering,64.89,77.78,70.46,75.0,87.08,86.97,54.82,72.971,B
S4242,Ahmed,Brown,student4242@univ.edu,Female,18,Engineering,52.91,95.86,98.47,92.83,83.0,74.86,90.99,89.07,A
S4243,Ali,Brown,student4243@univ.edu,Female,22,Business,58.79,77.49,69.47,67.25,62.16,68.58,96.62,71.612,B
S4244,John,Davis,student4244@univ.edu,Male,25,Mathematics,79.76,64.96,63.51,90.85,53.64,47.15,64.2,67.79,C
S4245,Omar,Williams,student4245@univ.edu,Male,18,CS,96.2,81.46,42.16,97.86,99.83,55.09,77.65,73.741,B
S4246,Liam,Johnson,student4246@univ.edu,Female,18,Business,62.44,55.2,56.54,81.3,78.29,80.06,82.05,66.478,C
S4247,Liam,Smith,student4247@univ.edu,Male,20,Mathematics,82.62,41.08,61.08,57.55,75.62,48.41,56.24,59.041,D
S4248,Emma,Smith,student4248@univ.edu,Male,21,CS,87.28,59.62,57.61,55.92,86.49,99.13,88.51,68.779,C
S4249,Ali,Johnson,student4249@univ.edu,Female,18,Business,71.85,92.44,87.79,51.27,60.37,62.78,89.72,77.848,B
S4250,Emma,Smith,student4250@univ.edu,Female,24,Mathematics,56.86,69.09,61.01,58.66,71.08,71.31,51.8,62.459,C
S4251,Ahmed,Jones,student4251@univ.edu,Male,19,Business,73.21,56.38,97.61,86.31,87.72,82.04,62.9,79.991,B
S4252,Maria,Davis,student4252@univ.edu,Female,23,Engineering,87.77,45.67,93.65,55.98,70.36,69.19,78.11,72.709,B
S4253,Emma,Smith,student4253@univ.edu,Female,24,Business,88.27,69.74,48.73,51.34,62.17,90.31,71.57,62.984,C
S4254,Ali,Smith,student4254@univ.edu,Male,22,Mathematics,72.4,48.61,49.66,69.59,64.15,89.87,50.06,58.213,D
S4255,John,Brown,student4255@univ.edu,Male,19,Mathematics,75.75,72.54,48.62,62.48,82.59,72.6,56.51,63.581,C
S4256,Emma,Johnson,student4256@univ.edu,Male,24,Mathematics,79.99,44.38,92.37,67.29,56.59,43.35,60.32,68.538,C
S4257,Omar,Davis,student4257@univ.edu,Male,19,Engineering,71.39,88.83,80.25,94.37,92.6,90.69,77.98,84.728,B
S4258,Sara,Brown,student4258@univ.edu,Male,23,Engineering,88.73,42.82,92.03,52.77,78.58,46.18,67.56,69.885,C
S4259,Liam,Davis,student4259@univ.edu,Male,25,Business,84.13,67.96,97.59,87.89,58.2,73.33,61.47,80.099,B
S4260,Omar,Smith,student4260@univ.edu,Female,21,Engineering,90.54,45.66,46.09,99.45,83.84,89.41,40.9,63.875,C
S4261,Emma,Williams,student4261@univ.edu,Male,19,CS,58.85,70.36,97.31,64.62,55.61,87.09,63.86,75.144,B
S4262,Emma,Smith,student4262@univ.edu,Female,18,Engineering,51.04,92.07,41.91,73.63,82.74,48.33,52.34,63.06,C
S4263,Ahmed,Brown,student4263@univ.edu,Female,20,Engineering,95.7,78.76,80.5,86.6,64.21,53.57,44.8,76.042,B
S4264,John,Jones,student4264@univ.edu,Male,25,Mathematics,98.43,87.54,86.62,73.64,68.15,48.84,93.82,83.022,B
S4265,Emma,Johnson,student4265@univ.edu,Male,22,Engineering,52.69,48.49,46.13,98.89,72.6,81.54,43.96,59.372,D
S4266,Liam,Jones,student4266@univ.edu,Male,25,CS,60.54,91.42,69.43,82.66,99.15,71.82,93.37,80.409,B
S4267,Liam,Smith,student4267@univ.edu,Female,23,Business,98.13,78.38,77.66,70.14,58.62,46.94,96.34,77.151,B
S4268,Ahmed,Brown,student4268@univ.edu,Female,19,Mathematics,78.32,56.97,87.85,92.31,56.81,49.55,67.18,74.304,B
S4269,Ali,Smith,student4269@univ.edu,Male,21,Engineering,93.8,89.58,47.37,55.57,50.39,53.48,59.41,63.497,C
S4270,Omar,Johnson,student4270@univ.edu,Female,24,Business,85.89,86.67,46.77,54.05,74.21,71.38,91.71,68.222,C
S4271,Sara,Johnson,student4271@univ.edu,Female,24,CS,80.22,58.23,92.46,83.35,53.32,66.91,68.26,75.412,B
S4272,Ali,Davis,student4272@univ.edu,Male,18,Mathematics,59.13,45.91,83.03,70.27,77.0,53.89,88.04,69.743,C
S4273,John,Brown,student4273@univ.edu,Male,19,CS,67.0,73.35,76.51,55.65,53.07,55.12,68.01,67.535,C
S4274,Ali,Brown,student4274@univ.edu,Male,21,Mathematics,54.87,87.93,81.22,54.06,73.49,46.52,72.91,72.514,B
S4275,Liam,Williams,student4275@univ.edu,Male,18,CS,81.39,93.57,95.23,99.55,70.54,84.9,49.54,86.608,A
S4276,Ahmed,Brown,student4276@univ.edu,Female,20,Mathematics,54.38,90.23,70.86,96.07,68.25,95.89,52.29,76.001,B
S4277,Omar,Williams,student4277@univ.edu,Male,25,CS,85.92,43.9,70.28,86.67,74.01,86.36,94.13,72.589,B
S4278,Maria,Williams,student4278@univ.edu,Male,21,Business,69.08,99.49,49.67,84.9,51.56,41.42,94.15,71.084,B
S4279,Sara,Davis,student4279@univ.edu,Female,25,Engineering,97.97,71.81,43.05,70.62,75.64,60.97,62.92,64.572,C
S4280,Omar,Smith,student4280@univ.edu,Female,23,Business,80.02,41.28,66.59,61.57,58.87,48.47,77.16,61.497,C
S4281,John,Jones,student4281@univ.edu,Female,20,CS,79.14,72.11,71.38,79.59,60.32,76.82,93.24,74.885,B
S4282,Sara,Johnson,student4282@univ.edu,Female,23,Mathematics,70.73,80.34,52.18,91.14,52.46,59.5,57.86,66.473,C
S4283,Maria,Davis,student4283@univ.edu,Female,20,Mathematics,77.56,55.63,86.78,91.88,65.86,63.39,71.42,75.595,B
S4284,Maria,Davis,student4284@univ.edu,Male,23,CS,84.63,87.97,61.99,76.9,84.26,78.94,50.23,73.585,B
S4285,Ali,Jones,student4285@univ.edu,Female,23,Engineering,60.43,64.32,76.86,83.67,87.59,57.07,61.55,72.283,B
S4286,Maria,Davis,student4286@univ.edu,Female,23,Mathematics,91.92,42.93,66.83,74.93,81.77,41.01,62.18,65.512,C
S4287,Emma,Williams,student4287@univ.edu,Female,23,CS,68.09,54.47,51.33,96.23,81.85,85.06,69.12,66.887,C
S4288,Ahmed,Davis,student4288@univ.edu,Female,23,Business,66.74,83.64,93.65,82.33,87.86,97.2,87.8,86.272,A
S4289,Omar,Jones,student4289@univ.edu,Male,19,Engineering,75.04,47.29,65.07,93.35,67.05,99.54,98.61,72.029,B
S4290,John,Johnson,student4290@univ.edu,Male,19,CS,51.89,59.42,64.27,94.7,80.14,92.8,58.85,69.098,C
S4291,Omar,Smith,student4291@univ.edu,Female,19,Business,60.26,59.32,49.57,67.52,58.4,58.37,56.88,57.336,D
S4292,Liam,Brown,student4292@univ.edu,Female,24,CS,67.2,93.84,77.75,98.65,98.09,42.13,47.97,80.323,B
S4293,Sara,Williams,student4293@univ.edu,Female,22,CS,72.93,76.69,43.44,64.37,54.6,65.48,88.03,62.856,C
S4294,Sara,Johnson,student4294@univ.edu,Male,23,Engineering,80.97,87.14,90.33,82.42,97.21,66.71,79.92,86.035,A
S4295,Sara,Smith,student4295@univ.edu,Male,24,Business,80.73,53.94,43.83,83.3,80.16,65.45,48.06,60.599,C
S4296,Liam,Jones,student4296@univ.edu,Male,20,Business,50.23,80.59,55.03,87.01,62.29,78.68,79.96,68.861,C
S4297,Ali,Johnson,student4297@univ.edu,Female,21,Engineering,76.41,40.02,77.99,51.6,98.47,41.32,95.74,68.269,C
S4298,John,Brown,student4298@univ.edu,Male,24,Engineering,82.73,95.32,92.37,97.66,78.72,92.54,90.88,91.284,A
S4299,Ahmed,Smith,student4299@univ.edu,Male,21,Engineering,80.42,63.56,62.62,69.46,74.78,41.58,40.61,63.577,C
S4300,Sara,Brown,student4300@univ.edu,Male,23,CS,53.38,66.62,45.44,60.65,52.21,50.62,59.42,55.086,D
S4301,John,Jones,student4301@univ.edu,Female,19,Business,78.02,68.66,54.08,99.02,70.56,58.18,87.03,71.279,B
S4302,Omar,Smith,student4302@univ.edu,Male,22,CS,71.81,80.07,81.64,78.52,85.13,64.1,95.14,80.697,B
S4303,Emma,Davis,student4303@univ.edu,Male,18,Engineering,97.55,90.08,75.77,88.08,77.57,83.64,74.47,83.1,B
S4304,Maria,Smith,student4304@univ.edu,Female,22,Mathematics,55.87,78.87,70.4,53.82,83.32,73.7,61.72,68.743,C
S4305,Ali,Brown,student4305@univ.edu,Male,24,Mathematics,50.31,54.84,91.49,56.68,73.62,98.74,49.1,69.157,C
S4306,Liam,Jones,student4306@univ.edu,Female,19,Mathematics,77.81,69.96,93.68,74.7,77.1,45.73,90.65,80.144,B
S4307,Liam,Smith,student4307@univ.edu,Female,24,Mathematics,83.66,81.67,53.39,80.9,50.48,85.01,68.71,69.022,C
S4308,Liam,Johnson,student4308@univ.edu,Male,21,CS,73.55,71.6,62.34,63.75,79.3,44.24,42.78,64.36,C
S4309,Liam,Johnson,student4309@univ.edu,Female,22,CS,67.04,52.1,90.4,56.95,68.0,98.45,92.73,73.782,B
S4310,John,Davis,student4310@univ.edu,Male,22,Business,78.07,73.28,58.77,75.1,56.29,60.64,99.29,69.949,C
S4311,Maria,Smith,student4311@univ.edu,Female,25,Engineering,70.67,72.85,99.06,94.4,97.29,97.77,80.17,88.149,A
S4312,Ahmed,Johnson,student4312@univ.edu,Female,22,Business,71.34,82.06,47.74,68.3,73.09,92.17,86.23,68.653,C
S4313,Maria,Jones,student4313@univ.edu,Male,22,Business,69.68,82.34,83.54,87.6,55.5,81.51,91.23,80.387,B
S4314,Maria,Brown,student4314@univ.edu,Female,24,Business,94.86,42.88,67.63,88.48,88.4,73.23,77.95,71.919,B
S4315,Emma,Smith,student4315@univ.edu,Male,24,Engineering,99.81,60.04,77.36,65.64,84.89,43.01,94.36,75.119,B
S4316,Ali,Jones,student4316@univ.edu,Male,22,Mathematics,65.58,60.17,47.3,55.81,55.09,78.31,68.76,57.454,D
S4317,Sara,Smith,student4317@univ.edu,Male,19,Engineering,61.45,76.53,57.7,65.73,59.54,91.4,82.46,67.39,C
S4318,Omar,Johnson,student4318@univ.edu,Female,20,Engineering,88.5,70.68,88.4,80.77,83.61,69.96,88.39,82.32,B
S4319,Ali,Smith,student4319@univ.edu,Female,19,Business,63.74,64.32,85.54,92.66,78.91,55.06,62.9,75.733,B
S4320,Omar,Jones,student4320@univ.edu,Female,23,Engineering,52.45,86.58,70.75,83.76,99.89,66.63,85.45,78.216,B
S4321,Emma,Jones,student4321@univ.edu,Female,24,Mathematics,81.12,58.49,72.86,58.69,82.72,77.88,98.43,72.481,B
S4322,Sara,Williams,student4322@univ.edu,Male,21,Mathematics,97.16,81.23,88.93,50.71,69.9,56.97,97.69,79.855,B
S4323,John,Smith,student4323@univ.edu,Male,18,Engineering,86.67,76.65,72.68,52.37,86.52,67.04,85.62,74.222,B
S4324,Sara,Jones,student4324@univ.edu,Male,23,Business,96.93,93.44,65.18,99.34,81.44,43.79,63.03,79.472,B
S4325,Emma,Jones,student4325@univ.edu,Male,22,Mathematics,97.9,52.67,64.47,90.12,53.05,42.07,99.33,70.524,B
S4326,Emma,Williams,student4326@univ.edu,Female,22,Business,52.47,49.19,72.77,64.04,61.01,98.14,81.69,65.699,C
S4327,John,Smith,student4327@univ.edu,Female,22,Business,53.56,43.89,50.71,90.75,91.23,86.44,71.37,63.541,C
S4328,Ali,Johnson,student4328@univ.edu,Male,25,Engineering,72.17,52.99,57.95,57.14,53.83,76.74,99.14,62.905,C
S4329,Sara,Williams,student4329@univ.edu,Female,25,CS,67.24,95.25,88.02,96.45,52.55,66.6,90.06,84.238,B
S4330,John,Jones,student4330@univ.edu,Female,19,CS,83.66,46.98,48.76,55.11,84.12,53.31,89.3,60.664,C
S4331,Sara,Jones,student4331@univ.edu,Female,18,Engineering,83.8,61.53,87.27,62.31,50.41,88.65,94.6,75.147,B
S4332,Ali,Jones,student4332@univ.edu,Male,18,Engineering,98.51,44.84,95.35,63.84,67.34,63.15,82.18,75.11,B
S4333,Omar,Brown,student4333@univ.edu,Male,24,Engineering,81.05,45.24,96.28,71.31,62.35,63.25,73.99,73.53,B
S4334,Ahmed,Williams,student4334@univ.edu,Male,25,Business,54.27,65.58,42.79,54.0,83.71,63.45,44.75,55.498,D
S4335,Emma,Davis,student4335@univ.edu,Male,23,Business,96.82,58.82,51.93,89.76,51.91,95.61,45.29,64.989,C
S4336,Emma,Jones,student4336@univ.edu,Female,20,Mathematics,70.16,53.87,77.06,92.43,98.98,44.14,68.25,73.703,B
S4337,Liam,Johnson,student4337@univ.edu,Male,19,Business,88.04,80.43,63.32,54.54,78.69,94.51,49.26,69.587,C
S4338,John,Johnson,student4338@univ.edu,Female,24,Business,91.79,49.39,56.95,69.57,83.44,60.76,89.81,66.941,C
S4339,Sara,Williams,student4339@univ.edu,Female,18,Mathematics,91.92,70.61,49.73,75.83,65.31,55.88,88.92,67.824,C
S4340,Omar,Brown,student4340@univ.edu,Male,21,Business,64.33,91.66,62.26,89.61,78.22,68.64,55.35,73.673,B
S4341,John,Johnson,student4341@univ.edu,Male,25,CS,63.17,84.38,46.62,68.77,53.11,57.49,51.1,60.79,C
S4342,Ahmed,Smith,student4342@univ.edu,Male,22,Engineering,77.61,67.94,42.51,80.63,67.38,67.44,45.95,60.901,C
S4343,John,Jones,student4343@univ.edu,Male,19,Business,91.09,71.86,60.75,68.64,65.91,70.19,54.38,67.541,C
S4344,Sara,Brown,student4344@univ.edu,Male,22,Mathematics,75.95,96.7,78.91,55.57,75.69,84.28,40.97,74.823,B
S4345,Liam,Brown,student4345@univ.edu,Female,24,Business,69.62,93.38,67.82,68.38,86.27,53.47,65.97,74.138,B
S4346,John,Johnson,student4346@univ.edu,Female,23,Business,87.16,58.49,55.12,60.11,50.19,71.61,65.43,61.109,C
S4347,Sara,Davis,student4347@univ.edu,Male,23,Mathematics,64.57,70.32,58.65,58.44,53.91,40.49,90.48,63.346,C
S4348,Ali,Davis,student4348@univ.edu,Male,24,Business,53.22,78.59,60.02,53.37,52.98,70.49,42.33,60.107,C
S4349,Maria,Brown,student4349@univ.edu,Male,22,Business,83.25,85.18,86.7,63.35,68.65,58.06,50.23,75.665,B
S4350,Omar,Davis,student4350@univ.edu,Female,18,Engineering,71.08,82.91,53.17,96.72,60.67,61.03,83.95,71.662,B
S4351,Sara,Jones,student4351@univ.edu,Male,20,Mathematics,60.78,96.72,88.99,62.57,67.26,86.8,75.31,80.102,B
S4352,Emma,Williams,student4352@univ.edu,Male,23,CS,85.24,95.67,75.51,87.99,83.2,67.83,74.25,82.646,B
S4353,John,Williams,student4353@univ.edu,Male,22,Engineering,63.79,54.01,62.13,59.83,69.09,71.45,59.78,61.254,C
S4354,Liam,Johnson,student4354@univ.edu,Male,22,Mathematics,76.72,67.35,45.13,91.11,50.52,94.76,58.73,64.01,C
S4355,Sara,Jones,student4355@univ.edu,Male,25,Mathematics,64.29,50.01,62.75,81.6,62.91,98.33,82.68,66.971,C
S4356,Liam,Johnson,student4356@univ.edu,Female,25,Business,95.8,63.43,66.73,99.34,86.34,82.18,48.68,74.797,B
S4357,Ali,Johnson,student4357@univ.edu,Male,19,Business,86.59,51.39,97.88,70.86,65.47,70.42,73.77,76.375,B
S4358,Sara,Williams,student4358@univ.edu,Male,18,Engineering,92.66,54.74,83.55,80.48,61.99,100.0,85.51,77.101,B
S4359,Omar,Smith,student4359@univ.edu,Female,25,Engineering,59.83,73.82,98.63,72.34,97.4,78.55,59.0,80.754,B
S4360,Maria,Johnson,student4360@univ.edu,Male,18,Mathematics,92.05,93.32,49.07,81.66,76.61,72.23,49.21,71.033,B
S4361,Emma,Smith,student4361@univ.edu,Female,19,Mathematics,52.75,52.7,72.73,63.18,52.95,64.66,44.77,60.116,C
S4362,Ali,Davis,student4362@univ.edu,Male,22,Business,89.59,65.51,64.78,69.13,98.09,89.21,53.21,71.455,B
S4363,John,Davis,student4363@univ.edu,Male,22,Mathematics,62.49,66.16,88.02,59.11,50.76,79.3,63.81,70.175,B
S4364,Ali,Johnson,student4364@univ.edu,Female,20,Engineering,80.85,57.99,41.63,88.96,54.52,57.05,79.51,61.771,C
S4365,Ahmed,Smith,student4365@univ.edu,Female,23,Business,71.07,65.71,60.52,75.82,81.03,83.77,82.04,70.273,B
S4366,Omar,Smith,student4366@univ.edu,Female,24,CS,93.46,83.17,84.14,91.46,98.45,65.96,94.62,87.546,A
S4367,Maria,Johnson,student4367@univ.edu,Female,25,Mathematics,63.42,59.27,95.07,86.33,98.28,86.23,81.26,81.932,B
S4368,Ahmed,Brown,student4368@univ.edu,Male,20,Mathematics,87.29,54.05,41.39,66.82,95.45,83.3,65.85,62.274,C
S4369,Emma,Brown,student4369@univ.edu,Male,25,CS,57.23,80.2,75.15,75.67,81.81,89.04,93.53,77.644,B
S4370,Ahmed,Jones,student4370@univ.edu,Female,20,CS,66.13,86.21,87.17,86.9,75.39,83.4,56.74,80.424,B
S4371,Omar,Williams,student4371@univ.edu,Male,22,Engineering,64.87,84.52,97.08,53.32,80.29,81.13,45.67,77.166,B
S4372,Sara,Brown,student4372@univ.edu,Female,24,CS,55.47,72.94,59.89,58.61,61.37,76.37,78.21,64.67,C
S4373,Liam,Williams,student4373@univ.edu,Female,18,CS,68.12,44.12,95.5,89.38,61.3,44.15,51.32,71.163,B
S4374,Maria,Williams,student4374@univ.edu,Female,20,CS,99.19,54.74,96.73,98.91,87.95,81.03,84.67,86.036,A
S4375,Sara,Brown,student4375@univ.edu,Female,21,Business,56.26,64.77,57.79,81.49,56.98,47.81,41.21,60.35,C
S4376,Liam,Williams,student4376@univ.edu,Male,23,Engineering,91.36,97.66,94.11,85.77,82.54,74.0,40.68,85.788,A
S4377,John,Brown,student4377@univ.edu,Female,22,CS,97.41,66.12,73.61,75.98,59.05,51.44,72.51,72.173,B
S4378,Omar,Brown,student4378@univ.edu,Female,22,CS,69.64,97.53,94.96,56.1,77.25,97.14,41.09,80.064,B
S4379,John,Brown,student4379@univ.edu,Female,21,CS,55.04,61.79,74.18,57.35,55.91,95.42,53.81,64.462,C
S4380,Sara,Brown,student4380@univ.edu,Male,21,Mathematics,97.47,94.75,85.13,80.58,71.93,87.01,89.25,86.791,A
S4381,Emma,Smith,student4381@univ.edu,Male,22,Mathematics,99.06,71.6,60.38,57.17,53.52,81.05,40.51,64.371,C
S4382,Omar,Smith,student4382@univ.edu,Male,22,Business,64.5,87.4,93.81,96.9,75.15,76.83,57.38,83.703,B
S4383,Emma,Smith,student4383@univ.edu,Female,19,CS,56.87,79.38,70.56,57.06,97.32,71.22,69.98,71.581,B
S4384,Emma,Smith,student4384@univ.edu,Male,23,Mathematics,62.82,79.77,45.11,92.62,83.32,72.45,48.19,66.436,C
S4385,Sara,Brown,student4385@univ.edu,Female,25,Engineering,94.72,77.98,52.59,58.26,74.67,81.5,69.39,68.065,C
S4386,Maria,Jones,student4386@univ.edu,Female,23,Business,71.05,96.72,48.38,62.26,67.78,59.23,77.06,67.748,C
S4387,Ali,Williams,student4387@univ.edu,Female,20,CS,68.9,64.87,98.66,51.56,53.39,60.19,83.16,73.861,B
S4388,Omar,Johnson,student4388@univ.edu,Male,21,Business,58.49,43.06,69.56,91.44,54.13,92.68,59.14,65.006,C
S4389,Ahmed,Jones,student4389@univ.edu,Male,23,Business,91.54,69.0,67.77,66.38,89.62,56.56,83.52,73.384,B
S4390,Omar,Williams,student4390@univ.edu,Female,22,Engineering,55.89,53.86,80.57,98.69,67.86,76.99,60.34,72.005,B
S4391,Sara,Johnson,student4391@univ.edu,Male,20,Business,85.73,97.05,71.21,62.94,54.89,71.44,98.31,77.679,B
S4392,Omar,Smith,student4392@univ.edu,Female,19,Business,51.27,45.2,51.16,76.96,58.95,63.55,97.68,59.9,D
S4393,Liam,Smith,student4393@univ.edu,Female,21,Mathematics,86.3,75.55,89.68,86.9,65.47,69.88,89.55,82.675,B
S4394,Ahmed,Johnson,student4394@univ.edu,Female,20,Mathematics,71.66,46.32,90.35,57.6,58.04,57.36,89.88,69.835,C
S4395,Sara,Johnson,student4395@univ.edu,Female,21,Engineering,90.73,61.06,79.8,90.75,78.86,75.62,56.73,76.178,B
S4396,Liam,Williams,student4396@univ.edu,Female,19,Business,54.04,48.64,50.41,52.71,65.58,71.52,85.86,56.881,D
S4397,Maria,Davis,student4397@univ.edu,Male,21,Engineering,86.92,83.21,70.22,85.89,81.43,45.93,75.76,77.299,B
S4398,Sara,Jones,student4398@univ.edu,Male,24,CS,81.39,45.56,60.73,64.63,66.61,90.42,80.31,64.377,C
S4399,Liam,Johnson,student4399@univ.edu,Female,19,Mathematics,87.12,47.55,90.4,93.24,95.13,69.59,43.67,76.688,B
S4400,Omar,Brown,student4400@univ.edu,Male,20,Mathematics,79.08,55.66,62.46,59.44,99.75,54.86,81.96,67.608,C
S4401,Maria,Johnson,student4401@univ.edu,Male,20,Business,67.04,53.3,54.48,55.87,73.0,85.85,75.5,61.231,C
S4402,Liam,Brown,student4402@univ.edu,Male,20,Business,96.47,82.31,56.74,53.63,52.31,45.7,98.23,68.514,C
S4403,Ali,Williams,student4403@univ.edu,Male,24,Business,69.62,46.76,99.26,89.0,73.89,52.73,79.87,77.454,B
S4404,Omar,Smith,student4404@univ.edu,Male,21,Mathematics,79.72,77.2,55.69,72.92,65.26,75.52,70.34,68.393,C
S4405,Ahmed,Smith,student4405@univ.edu,Female,18,Business,54.13,98.39,64.74,72.79,76.48,67.62,71.23,73.584,B
S4406,Maria,Johnson,student4406@univ.edu,Female,22,Mathematics,69.67,64.63,80.29,83.72,96.9,84.02,78.49,78.278,B
S4407,Liam,Brown,student4407@univ.edu,Female,23,Engineering,63.47,93.35,56.07,53.14,58.44,76.64,76.2,67.105,C
S4408,Omar,Brown,student4408@univ.edu,Female,22,CS,73.5,46.38,55.42,75.96,93.62,40.69,72.36,63.279,C
S4409,Sara,Smith,student4409@univ.edu,Female,23,Business,50.67,85.42,52.96,59.72,65.3,70.32,84.59,65.502,C
S4410,Omar,Johnson,student4410@univ.edu,Male,24,CS,57.68,70.39,60.21,52.36,57.28,73.6,76.37,62.808,C
S4411,John,Jones,student4411@univ.edu,Male,21,Engineering,91.14,51.98,79.85,60.22,91.68,97.38,62.06,72.741,B
S4412,Maria,Davis,student4412@univ.edu,Male,18,Business,71.1,99.22,91.76,74.55,83.61,64.21,92.26,86.462,A
S4413,Ahmed,Davis,student4413@univ.edu,Female,20,CS,88.77,40.67,80.34,67.76,80.15,90.45,51.14,68.928,C
S4414,John,Brown,student4414@univ.edu,Female,25,Engineering,50.35,65.4,97.79,58.3,60.77,67.21,62.89,71.923,B
S4415,Omar,Davis,student4415@univ.edu,Male,25,Business,68.64,95.64,43.79,58.63,60.76,56.97,91.68,66.016,C
S4416,John,Brown,student4416@univ.edu,Male,22,CS,63.68,93.83,52.4,82.09,92.49,63.6,95.69,75.166,B
S4417,Liam,Williams,student4417@univ.edu,Male,21,Engineering,56.47,41.95,83.14,75.13,77.99,73.04,98.73,71.573,B
S4418,Emma,Davis,student4418@univ.edu,Male,25,Engineering,70.41,73.55,86.64,50.01,56.27,96.89,84.66,74.182,B
S4419,Sara,Johnson,student4419@univ.edu,Male,19,Mathematics,89.72,93.72,88.46,50.31,53.11,96.04,40.85,75.999,B
S4420,Emma,Johnson,student4420@univ.edu,Male,21,Business,54.41,92.26,96.94,94.0,60.21,66.0,55.98,81.994,B
S4421,Ahmed,Davis,student4421@univ.edu,Male,24,Mathematics,51.08,59.55,75.54,76.86,85.17,70.04,40.92,67.32,C
S4422,Sara,Brown,student4422@univ.edu,Male,23,Mathematics,73.5,62.18,92.73,52.38,92.84,66.58,60.07,74.082,B
S4423,Omar,Davis,student4423@univ.edu,Female,21,Engineering,53.14,47.34,64.83,66.93,88.55,97.0,98.65,67.841,C
S4424,Sara,Jones,student4424@univ.edu,Male,18,Business,76.83,93.04,61.78,81.63,81.8,68.81,93.97,78.087,B
S4425,Liam,Davis,student4425@univ.edu,Female,22,Mathematics,51.23,65.6,91.91,63.33,60.09,74.51,86.13,73.663,B
S4426,John,Johnson,student4426@univ.edu,Female,20,Business,69.48,73.94,51.87,88.46,53.55,76.84,41.56,63.919,C
S4427,Maria,Smith,student4427@univ.edu,Male,24,CS,90.34,90.97,63.15,77.84,52.3,43.07,89.76,74.209,B
S4428,Omar,Brown,student4428@univ.edu,Male,20,Engineering,69.47,67.58,69.07,59.48,93.72,45.25,86.11,70.352,B
S4429,Omar,Williams,student4429@univ.edu,Male,25,Business,80.23,97.37,47.43,80.34,84.28,87.76,69.39,73.532,B
S4430,Liam,Jones,student4430@univ.edu,Male,24,Engineering,67.36,53.52,68.48,95.57,53.47,98.41,65.93,69.18,C
S4431,Ali,Jones,student4431@univ.edu,Male,18,CS,70.56,89.73,69.11,65.51,66.63,62.71,77.54,73.114,B
S4432,Ali,Smith,student4432@univ.edu,Male,20,Engineering,64.5,53.97,70.69,85.24,56.45,91.59,55.37,66.999,C
S4433,Maria,Johnson,student4433@univ.edu,Male,23,CS,59.37,68.21,55.51,89.32,79.61,71.42,72.14,68.376,C
S4434,John,Davis,student4434@univ.edu,Male,22,Mathematics,81.66,76.91,93.47,50.32,52.19,47.07,83.48,75.057,B
S4435,Omar,Williams,student4435@univ.edu,Female,22,CS,58.11,63.73,44.91,81.99,78.04,72.69,85.2,64.287,C
S4436,Ali,Brown,student4436@univ.edu,Male,21,Engineering,95.23,57.79,69.52,72.35,94.31,73.29,43.38,70.223,B
S4437,Ali,Williams,student4437@univ.edu,Female,21,Mathematics,81.68,62.62,43.32,51.51,72.39,49.59,55.27,56.66,D
S4438,Liam,Davis,student4438@univ.edu,Male,23,Mathematics,90.06,96.51,41.68,65.96,67.74,86.11,47.91,66.577,C
S4439,Sara,Brown,student4439@univ.edu,Male,21,CS,72.7,58.56,56.46,52.96,59.36,44.68,75.3,59.564,D
S4440,Ahmed,Davis,student4440@univ.edu,Male,21,Engineering,53.95,88.98,51.03,74.18,98.7,40.11,98.36,71.338,B
S4441,Ahmed,Brown,student4441@univ.edu,Female,21,Business,55.03,88.74,88.81,72.22,59.98,58.37,78.64,77.508,B
S4442,Ahmed,Williams,student4442@univ.edu,Female,24,CS,55.31,44.73,88.59,88.84,74.21,90.81,65.6,72.901,B
S4443,Maria,Jones,student4443@univ.edu,Male,24,CS,78.96,95.72,98.11,50.2,69.09,42.23,40.45,77.069,B
S4444,Omar,Brown,student4444@univ.edu,Male,25,Mathematics,70.92,44.91,60.5,54.02,86.82,93.74,53.36,61.032,C
S4445,Ahmed,Brown,student4445@univ.edu,Female,21,CS,53.05,85.72,77.42,64.65,83.27,45.06,75.08,73.46,B
S4446,Ahmed,Johnson,student4446@univ.edu,Female,18,CS,73.6,57.96,50.22,69.0,58.37,96.91,68.44,61.895,C
S4447,John,Williams,student4447@univ.edu,Male,23,Mathematics,92.94,52.21,80.16,75.69,94.72,61.78,66.18,74.316,B
S4448,Sara,Davis,student4448@univ.edu,Male,20,Mathematics,90.32,63.01,75.21,75.5,52.17,97.88,58.0,71.433,B
S4449,Ali,Davis,student4449@univ.edu,Male,20,Mathematics,78.56,76.42,59.09,73.58,65.87,88.98,41.7,67.11,C
S4450,John,Johnson,student4450@univ.edu,Male,18,Engineering,94.26,98.54,53.75,81.64,85.54,40.32,66.97,74.772,B
S4451,Maria,Jones,student4451@univ.edu,Male,25,Business,50.41,87.18,58.13,57.96,56.09,82.12,47.72,63.097,C
S4452,Ahmed,Williams,student4452@univ.edu,Male,25,Engineering,89.77,46.64,75.39,70.33,83.07,41.98,75.33,69.41,C
S4453,Liam,Williams,student4453@univ.edu,Male,20,CS,69.63,87.78,85.86,62.62,92.29,54.26,60.68,77.68,B
S4454,Ahmed,Davis,student4454@univ.edu,Female,20,Mathematics,86.93,64.59,95.6,54.37,93.81,92.8,90.33,81.501,B
S4455,Sara,Johnson,student4455@univ.edu,Female,18,Engineering,88.45,96.42,44.99,90.12,73.13,49.56,54.5,70.385,B
S4456,Maria,Jones,student4456@univ.edu,Male,22,Mathematics,64.82,85.9,65.07,90.3,61.27,46.43,46.76,69.853,C
S4457,Ali,Jones,student4457@univ.edu,Male,19,Business,94.47,99.34,71.72,66.11,85.77,57.68,57.95,78.004,B
S4458,Ahmed,Brown,student4458@univ.edu,Male,23,Engineering,73.16,94.21,55.56,55.54,98.08,50.81,97.91,73.296,B
S4459,John,Davis,student4459@univ.edu,Male,20,Business,99.41,41.39,56.46,50.14,74.13,91.33,93.42,63.999,C
S4460,Sara,Davis,student4460@univ.edu,Male,25,Engineering,58.89,71.77,73.58,90.86,73.51,58.8,84.56,74.693,B
S4461,John,Smith,student4461@univ.edu,Male,18,Business,50.87,84.16,55.74,83.09,95.63,45.48,93.89,72.331,B
S4462,Liam,Smith,student4462@univ.edu,Male,23,Engineering,97.56,84.46,55.96,90.24,73.17,60.74,55.85,72.911,B
S4463,Ahmed,Williams,student4463@univ.edu,Male,22,Business,66.18,48.93,48.65,69.55,79.5,57.94,60.13,58.291,D
S4464,Emma,Davis,student4464@univ.edu,Male,19,CS,56.68,95.37,87.08,89.0,92.56,74.46,95.15,86.71,A
S4465,Sara,Smith,student4465@univ.edu,Male,24,CS,90.59,79.43,88.97,95.92,58.22,98.8,42.21,81.007,B
S4466,Ali,Smith,student4466@univ.edu,Male,23,Business,59.2,51.69,68.1,89.7,89.2,50.85,48.24,66.43,C
S4467,John,Brown,student4467@univ.edu,Male,20,Engineering,85.5,86.78,69.75,64.33,56.03,94.0,93.13,76.097,B
S4468,Liam,Brown,student4468@univ.edu,Male,25,Business,68.94,77.13,51.69,56.5,80.33,57.66,53.42,62.56,C
S4469,John,Williams,student4469@univ.edu,Female,19,CS,91.79,80.18,85.91,77.66,80.09,93.88,98.14,85.154,A
S4470,John,Davis,student4470@univ.edu,Male,20,Engineering,86.65,66.82,90.74,68.57,57.99,69.12,89.6,77.751,B
S4471,Maria,Williams,student4471@univ.edu,Female,18,Business,64.39,84.44,49.08,69.07,59.33,98.28,53.1,64.569,C
S4472,Liam,Brown,student4472@univ.edu,Male,18,Engineering,87.82,51.2,96.52,76.87,80.37,68.41,63.83,77.349,B
S4473,Maria,Williams,student4473@univ.edu,Male,18,Business,81.77,59.38,52.93,88.66,77.68,52.09,70.55,66.659,C
S4474,Omar,Williams,student4474@univ.edu,Male,20,CS,85.75,61.15,67.69,95.74,67.84,97.41,58.75,73.002,B
S4475,John,Jones,student4475@univ.edu,Male,24,Business,88.81,53.03,40.65,90.82,71.91,49.29,75.34,62.495,C
S4476,Ali,Jones,student4476@univ.edu,Female,20,Business,60.56,59.79,52.46,62.33,76.75,86.06,68.33,61.912,C
S4477,John,Williams,student4477@univ.edu,Female,24,Mathematics,75.93,95.37,46.33,67.94,82.28,52.02,62.43,67.829,C
S4478,Liam,Johnson,student4478@univ.edu,Female,19,Mathematics,86.8,58.98,94.9,76.61,68.59,68.57,45.04,75.229,B
S4479,Sara,Williams,student4479@univ.edu,Male,21,Mathematics,53.61,64.81,40.3,90.37,72.07,67.14,75.08,62.041,C
S4480,Sara,Jones,student4480@univ.edu,Female,25,CS,78.13,73.06,70.6,93.03,96.86,69.33,54.68,76.18,B
S4481,Omar,Johnson,student4481@univ.edu,Male,24,CS,62.62,68.81,75.57,63.6,53.65,74.42,96.04,70.925,B
S4482,Liam,Brown,student4482@univ.edu,Male,18,Mathematics,53.38,98.15,85.69,50.19,90.41,88.27,49.26,76.584,B
S4483,Omar,Smith,student4483@univ.edu,Female,19,Engineering,68.21,92.9,77.61,59.43,50.11,45.69,54.58,70.352,B
S4484,Sara,Jones,student4484@univ.edu,Female,20,Engineering,78.59,71.6,81.94,73.77,80.01,53.61,70.77,75.585,B
S4485,Sara,Williams,student4485@univ.edu,Male,22,Mathematics,90.3,74.15,65.73,51.22,52.42,96.86,83.97,69.744,C
S4486,Omar,Brown,student4486@univ.edu,Female,22,Mathematics,78.39,47.82,61.0,78.39,81.88,47.51,75.07,65.532,C
S4487,John,Williams,student4487@univ.edu,Female,20,Engineering,89.7,53.55,79.18,92.24,85.07,92.6,48.13,75.22,B
S4488,Sara,Brown,student4488@univ.edu,Male,18,CS,69.17,99.75,56.25,70.04,51.09,71.69,84.07,71.349,B
S4489,John,Williams,student4489@univ.edu,Male,19,Engineering,71.75,53.19,62.38,89.44,67.89,63.52,57.66,65.674,C
S4490,Liam,Smith,student4490@univ.edu,Female,20,Mathematics,51.87,77.3,41.13,58.61,66.27,82.22,75.11,60.027,C
S4491,Sara,Smith,student4491@univ.edu,Female,23,Business,62.08,79.61,84.75,69.53,58.86,80.11,45.26,72.402,B
S4492,Liam,Jones,student4492@univ.edu,Female,24,Business,77.61,41.56,82.54,50.69,88.56,96.78,84.45,70.578,B
S4493,Sara,Brown,student4493@univ.edu,Male,25,Mathematics,95.52,63.21,97.52,84.59,66.78,99.89,74.34,83.245,B
S4494,Ali,Brown,student4494@univ.edu,Female,19,Engineering,77.61,43.09,65.99,69.73,61.6,64.25,84.75,64.483,C
S4495,John,Davis,student4495@univ.edu,Male,19,Engineering,85.8,43.63,89.21,76.97,64.55,97.44,44.12,71.353,B
S4496,Ahmed,Williams,student4496@univ.edu,Male,18,Engineering,63.58,72.8,77.95,99.42,60.55,72.99,47.2,73.64,B
S4497,Sara,Williams,student4497@univ.edu,Female,20,CS,50.19,60.12,82.51,99.31,71.59,66.76,86.86,75.875,B
S4498,Emma,Brown,student4498@univ.edu,Female,21,Business,90.2,90.13,92.9,59.51,99.29,43.99,47.39,80.71,B
S4499,Sara,Brown,student4499@univ.edu,Female,23,Mathematics,55.55,51.65,91.55,63.09,65.35,60.09,86.22,70.975,B
S4500,Omar,Williams,student4500@univ.edu,Male,19,Engineering,73.56,49.84,92.13,73.14,88.89,71.6,47.07,73.11,B
S4501,Ali,Williams,student4501@univ.edu,Female,24,CS,56.73,65.03,59.73,97.4,54.56,40.5,51.42,63.831,C
S4502,Emma,Johnson,student4502@univ.edu,Female,22,Engineering,76.82,83.82,74.65,96.58,89.23,92.79,70.62,81.952,B
S4503,John,Johnson,student4503@univ.edu,Male,20,Engineering,88.47,43.04,88.81,61.69,61.27,98.68,69.56,71.369,B
S4504,Emma,Davis,student4504@univ.edu,Female,24,Engineering,97.35,54.61,79.49,93.76,99.52,73.38,53.34,77.523,B
S4505,Omar,Johnson,student4505@univ.edu,Female,20,Mathematics,81.27,66.19,44.49,95.04,83.07,54.84,53.17,65.334,C
S4506,Ali,Smith,student4506@univ.edu,Female,19,Engineering,85.5,91.54,71.65,83.61,87.55,48.89,90.12,81.106,B
S4507,Emma,Johnson,student4507@univ.edu,Female,24,CS,66.0,81.74,46.97,88.62,81.6,45.58,53.8,66.151,C
S4508,Ahmed,Johnson,student4508@univ.edu,Female,18,Mathematics,98.58,52.24,43.89,77.93,73.86,85.59,74.57,64.285,C
S4509,Emma,Smith,student4509@univ.edu,Female,25,CS,54.56,68.49,82.79,53.85,84.97,57.16,95.63,72.986,B
S4510,Liam,Smith,student4510@univ.edu,Male,22,Mathematics,56.12,43.79,75.13,55.6,55.83,57.47,57.08,59.413,D
S4511,Ahmed,Jones,student4511@univ.edu,Male,20,Engineering,77.39,70.22,79.12,89.47,78.3,99.67,72.54,79.007,B
S4512,Emma,Jones,student4512@univ.edu,Female,22,Business,63.22,71.48,95.23,73.85,86.62,85.26,40.35,77.225,B
S4513,Ahmed,Williams,student4513@univ.edu,Male,24,CS,91.07,93.26,44.73,74.42,75.82,88.91,64.21,70.79,B
S4514,Liam,Smith,student4514@univ.edu,Male,18,Mathematics,58.05,88.6,79.19,93.9,58.71,92.36,83.27,80.183,B
S4515,Liam,Williams,student4515@univ.edu,Female,18,Engineering,56.45,99.19,69.22,76.74,91.47,68.1,96.06,79.918,B
S4516,Ahmed,Brown,student4516@univ.edu,Female,22,CS,74.93,91.43,98.51,50.75,64.17,61.95,61.58,78.617,B
S4517,Ahmed,Williams,student4517@univ.edu,Female,22,Business,93.65,96.19,56.84,92.6,65.66,50.18,87.26,77.346,B
S4518,Liam,Jones,student4518@univ.edu,Female,22,Engineering,96.81,77.44,59.63,70.21,73.88,98.97,60.24,71.95,B
S4519,Sara,Smith,student4519@univ.edu,Male,19,Engineering,58.76,77.65,54.86,77.54,69.11,88.45,43.22,65.151,C
S4520,Sara,Jones,student4520@univ.edu,Male,23,Engineering,76.57,58.2,70.7,81.16,53.42,53.48,88.0,69.497,C
S4521,Emma,Davis,student4521@univ.edu,Female,21,Business,80.42,65.82,87.89,91.81,95.01,51.36,69.35,80.349,B
S4522,Liam,Jones,student4522@univ.edu,Male,25,Engineering,74.91,94.52,49.84,69.56,57.73,53.89,92.69,69.517,C
S4523,Liam,Brown,student4523@univ.edu,Female,24,CS,60.81,49.04,90.9,56.01,70.76,69.0,47.01,66.787,C
S4524,Sara,Jones,student4524@univ.edu,Male,25,Mathematics,81.1,59.97,56.84,65.98,94.99,40.79,96.99,68.29,C
S4525,Maria,Brown,student4525@univ.edu,Female,18,Mathematics,53.84,67.44,61.97,53.87,94.83,52.03,47.05,62.333,C
S4526,Maria,Johnson,student4526@univ.edu,Female,22,Mathematics,58.02,44.0,73.06,75.12,58.87,46.87,93.89,65.407,C
S4527,Sara,Williams,student4527@univ.edu,Male,25,CS,68.16,89.81,63.35,50.99,78.95,92.19,62.76,70.212,B
S4528,Emma,Davis,student4528@univ.edu,Male,20,Mathematics,97.01,66.61,95.15,88.82,74.03,81.61,93.79,85.754,A
S4529,John,Davis,student4529@univ.edu,Male,20,Business,86.68,58.38,52.42,82.17,89.67,44.39,98.5,69.432,C
S4530,Sara,Johnson,student4530@univ.edu,Female,19,Mathematics,70.99,68.69,61.05,72.14,66.08,97.1,95.81,71.017,B
S4531,Ahmed,Davis,student4531@univ.edu,Female,25,Engineering,83.99,60.24,87.21,86.46,81.16,93.04,87.28,81.075,B
S4532,Liam,Jones,student4532@univ.edu,Male,19,Business,79.93,59.56,87.33,65.54,63.76,77.26,89.3,75.104,B
S4533,Sara,Jones,student4533@univ.edu,Male,18,Engineering,65.82,73.55,97.27,88.88,80.42,90.19,62.72,82.629,B
S4534,Emma,Williams,student4534@univ.edu,Male,23,CS,52.11,42.86,67.04,61.94,51.56,97.11,85.42,61.739,C
S4535,Maria,Williams,student4535@univ.edu,Male,22,Business,80.8,67.24,78.43,94.51,51.85,92.66,80.4,77.092,B
S4536,John,Brown,student4536@univ.edu,Female,21,Engineering,98.66,66.83,97.3,83.68,79.43,99.87,50.03,82.913,B
S4537,Maria,Davis,student4537@univ.edu,Male,23,Business,62.35,55.67,68.73,52.45,83.11,76.94,85.89,66.603,C
S4538,Liam,Davis,student4538@univ.edu,Female,20,Mathematics,72.27,75.66,70.97,86.83,95.91,44.99,55.2,74.035,B
S4539,Sara,Davis,student4539@univ.edu,Male,21,Business,96.35,87.66,82.09,84.41,73.0,44.15,77.76,81.739,B
S4540,Omar,Smith,student4540@univ.edu,Male,21,Mathematics,68.23,42.76,91.5,98.54,50.57,75.8,89.48,75.401,B
S4541,Ali,Davis,student4541@univ.edu,Female,25,CS,95.52,60.79,76.31,87.87,60.97,93.16,51.92,73.731,B
S4542,Ali,Johnson,student4542@univ.edu,Female,22,Engineering,97.44,85.19,81.1,92.24,94.26,98.52,43.82,83.682,B
S4543,Omar,Johnson,student4543@univ.edu,Female,23,Engineering,90.54,77.5,83.17,65.35,87.01,86.19,98.41,82.159,B
S4544,John,Davis,student4544@univ.edu,Male,23,Business,89.64,75.91,72.66,51.16,93.11,98.99,85.37,76.416,B
S4545,John,Johnson,student4545@univ.edu,Female,18,CS,92.52,87.36,98.57,73.21,50.55,66.96,70.2,82.7,B
S4546,Emma,Brown,student4546@univ.edu,Female,22,Mathematics,95.57,54.83,89.63,63.51,60.8,52.56,70.01,72.648,B
S4547,Ali,Jones,student4547@univ.edu,Male,22,Engineering,66.83,40.14,70.18,76.13,69.04,76.89,92.12,67.145,C
S4548,Ahmed,Jones,student4548@univ.edu,Female,22,CS,66.83,42.32,55.18,68.55,54.92,88.81,68.74,58.79,D
S4549,John,Smith,student4549@univ.edu,Female,25,CS,91.75,77.23,92.16,68.1,79.4,71.23,61.11,80.097,B
S4550,Maria,Johnson,student4550@univ.edu,Female,22,CS,73.35,48.25,99.89,54.0,58.47,45.69,41.53,67.337,C
S4551,John,Johnson,student4551@univ.edu,Male,24,Engineering,76.86,51.92,42.73,71.18,63.45,67.68,63.38,57.633,D
S4552,Ali,Jones,student4552@univ.edu,Male,20,Engineering,76.37,77.21,40.55,52.61,91.5,69.36,49.66,60.72,C
S4553,Sara,Brown,student4553@univ.edu,Male,23,Business,64.54,40.62,62.26,65.51,66.17,87.59,52.02,59.281,D
S4554,Ali,Brown,student4554@univ.edu,Female,19,Engineering,56.2,42.32,82.93,75.62,86.62,46.04,94.48,70.718,B
S4555,Maria,Williams,student4555@univ.edu,Female,24,Mathematics,54.14,70.24,82.32,73.52,61.12,68.65,75.76,72.306,B
S4556,Liam,Smith,student4556@univ.edu,Male,23,Business,81.78,93.54,49.96,93.98,99.57,42.25,59.03,73.944,B
S4557,John,Johnson,student4557@univ.edu,Male,22,Engineering,89.95,53.74,62.85,77.9,73.92,72.67,99.05,71.214,B
S4558,John,Jones,student4558@univ.edu,Male,22,Mathematics,98.66,94.27,60.36,76.92,92.08,86.24,65.07,78.393,B
S4559,Emma,Johnson,student4559@univ.edu,Female,22,CS,83.43,75.55,50.19,70.35,54.26,46.85,42.43,61.074,C
S4560,Ahmed,Davis,student4560@univ.edu,Female,20,Business,91.68,49.16,75.2,61.51,68.99,49.04,67.48,66.886,C
S4561,Ali,Smith,student4561@univ.edu,Male,21,CS,96.56,81.17,45.74,87.28,68.72,43.71,44.87,66.248,C
S4562,Liam,Davis,student4562@univ.edu,Female,18,Engineering,91.96,76.8,55.02,99.19,77.45,64.82,91.63,76.09,B
S4563,Omar,Jones,student4563@univ.edu,Male,23,CS,69.45,71.6,56.78,66.22,90.96,66.08,40.84,64.716,C
S4564,Ali,Davis,student4564@univ.edu,Female,18,Mathematics,81.04,57.6,48.79,67.38,97.15,53.74,53.0,62.07,C
S4565,Maria,Williams,student4565@univ.edu,Female,20,Business,53.75,72.66,99.88,61.15,81.4,68.8,66.54,77.277,B
S4566,Sara,Davis,student4566@univ.edu,Female,19,Engineering,99.09,67.64,60.39,76.5,75.75,45.42,93.83,72.258,B
S4567,Sara,Jones,student4567@univ.edu,Female,23,Engineering,99.68,51.18,64.19,50.16,95.88,74.03,69.22,67.197,C
S4568,Liam,Davis,student4568@univ.edu,Male,24,CS,76.69,87.67,65.27,71.03,59.97,73.31,69.24,72.025,B
S4569,Sara,Johnson,student4569@univ.edu,Male,25,Engineering,83.73,85.55,79.6,87.32,76.08,62.53,72.65,80.461,B
S4570,Ahmed,Smith,student4570@univ.edu,Female,21,CS,84.82,70.0,82.85,72.43,88.78,45.46,97.5,79.102,B
S4571,John,Brown,student4571@univ.edu,Male,24,Business,89.37,70.12,91.28,65.17,61.31,62.44,64.88,75.861,B
S4572,Sara,Johnson,student4572@univ.edu,Female,25,Engineering,79.08,68.43,48.86,93.37,93.72,41.79,73.67,69.086,C
S4573,Ahmed,Smith,student4573@univ.edu,Male,25,Business,60.67,80.52,40.77,78.91,81.92,62.49,63.22,63.877,C
S4574,Ahmed,Brown,student4574@univ.edu,Male,18,Business,58.16,71.3,64.2,88.29,99.63,49.68,97.45,74.772,B
S4575,Omar,Johnson,student4575@univ.edu,Male,25,Engineering,61.48,59.34,84.53,75.5,62.95,74.56,89.58,73.681,B
S4576,Ali,Davis,student4576@univ.edu,Female,25,Mathematics,52.47,77.99,90.95,63.27,95.37,41.6,45.15,73.752,B
S4577,Ali,Smith,student4577@univ.edu,Male,23,CS,74.22,79.18,94.29,84.78,96.44,58.59,52.02,82.038,B
S4578,John,Smith,student4578@univ.edu,Male,19,Mathematics,75.16,75.17,79.42,74.72,78.48,53.69,88.89,77.005,B
S4579,Sara,Brown,student4579@univ.edu,Female,18,CS,78.62,94.44,70.07,90.83,77.04,64.1,77.16,80.02,B
S4580,John,Williams,student4580@univ.edu,Female,20,Mathematics,89.96,63.1,94.57,64.75,52.5,42.96,74.98,74.596,B
S4581,Sara,Smith,student4581@univ.edu,Female,20,Mathematics,85.47,61.85,88.68,95.31,59.59,57.75,61.11,76.775,B
S4582,John,Williams,student4582@univ.edu,Male,19,Mathematics,75.44,78.44,41.76,92.62,86.66,45.95,72.35,67.852,C
S4583,Sara,Smith,student4583@univ.edu,Male,22,CS,89.97,76.68,88.12,86.92,61.18,58.6,49.48,77.803,B
S4584,Sara,Smith,student4584@univ.edu,Male,19,Mathematics,80.84,67.23,54.06,55.21,92.03,56.38,48.57,62.909,C
S4585,Maria,Williams,student4585@univ.edu,Male,18,Mathematics,92.36,86.43,55.1,68.42,55.49,48.36,44.1,65.692,C
S4586,Maria,Davis,student4586@univ.edu,Female,18,Mathematics,57.33,46.0,98.82,50.12,82.25,99.4,43.83,69.675,C
S4587,Sara,Brown,student4587@univ.edu,Female,23,CS,69.18,47.46,93.05,58.66,59.23,94.22,82.19,71.977,B
S4588,Omar,Johnson,student4588@univ.edu,Male,21,Engineering,54.91,91.76,79.19,79.67,56.95,42.57,73.57,74.731,B
S4589,John,Smith,student4589@univ.edu,Male,23,Engineering,56.14,94.86,98.85,71.19,81.65,50.93,77.77,83.408,B
S4590,John,Williams,student4590@univ.edu,Female,22,Engineering,67.96,51.16,77.87,59.36,74.2,79.76,53.83,66.084,C
S4591,Emma,Jones,student4591@univ.edu,Female,24,CS,52.47,61.43,86.58,89.18,85.49,92.38,68.51,76.903,B
S4592,Liam,Brown,student4592@univ.edu,Male,21,CS,58.31,54.7,69.55,62.53,77.27,69.11,96.48,67.846,C
S4593,Ali,Smith,student4593@univ.edu,Female,19,Engineering,99.6,61.77,88.79,94.06,50.8,87.28,64.49,78.953,B
S4594,Ali,Smith,student4594@univ.edu,Male,25,Engineering,77.5,66.54,68.46,60.44,56.61,73.33,48.4,64.829,C
S4595,Sara,Jones,student4595@univ.edu,Female,24,Engineering,61.84,90.24,42.75,65.37,52.42,40.48,56.21,59.75,D
S4596,Maria,Johnson,student4596@univ.edu,Male,21,CS,54.95,90.75,62.75,50.44,89.23,63.85,85.1,70.662,B
S4597,Ali,Williams,student4597@univ.edu,Female,19,Business,95.1,41.15,50.39,90.64,96.63,46.91,81.0,66.561,C
S4598,Ahmed,Davis,student4598@univ.edu,Male,20,Business,50.64,96.69,40.15,80.6,67.15,76.27,63.88,65.454,C
S4599,Ahmed,Johnson,student4599@univ.edu,Female,20,Business,58.52,94.44,61.49,73.42,64.67,46.13,94.26,72.399,B
S4600,Emma,Brown,student4600@univ.edu,Female,24,CS,91.82,87.5,72.58,66.98,86.88,75.89,71.41,78.127,B
S4601,John,Johnson,student4601@univ.edu,Male,21,Engineering,73.49,68.99,53.19,92.22,91.58,86.15,41.84,68.587,C
S4602,Emma,Brown,student4602@univ.edu,Male,22,Engineering,51.52,60.37,49.54,85.22,99.65,83.03,90.29,68.016,C
S4603,John,Williams,student4603@univ.edu,Female,18,CS,96.08,87.38,87.47,60.72,81.62,82.91,41.26,78.867,B
S4604,Ahmed,Williams,student4604@univ.edu,Female,19,Mathematics,96.02,96.65,74.66,58.47,81.92,85.97,56.37,78.228,B
S4605,Liam,Williams,student4605@univ.edu,Female,22,CS,99.16,70.49,71.41,69.96,50.28,89.23,98.99,75.319,B
S4606,John,Brown,student4606@univ.edu,Male,22,CS,98.74,95.56,89.7,93.86,87.32,65.06,49.84,86.944,A
S4607,Omar,Smith,student4607@univ.edu,Female,20,CS,60.72,84.84,86.35,54.19,68.44,91.78,99.1,78.416,B
S4608,John,Brown,student4608@univ.edu,Female,18,CS,50.81,75.64,82.82,70.54,77.26,40.8,46.8,70.082,B
S4609,Ali,Jones,student4609@univ.edu,Male,19,Business,63.49,65.3,88.7,98.34,78.28,58.12,44.87,75.991,B
S4610,Liam,Johnson,student4610@univ.edu,Female,21,Business,52.1,91.02,60.29,97.04,56.55,72.66,94.46,74.791,B
S4611,Emma,Smith,student4611@univ.edu,Male,24,Mathematics,79.57,67.05,85.41,65.55,55.08,40.25,73.3,71.673,B
S4612,Emma,Smith,student4612@univ.edu,Male,23,Business,86.72,99.46,97.85,61.32,77.97,43.18,60.38,83.111,B
S4613,Emma,Johnson,student4613@univ.edu,Female,24,CS,85.47,99.27,43.99,66.49,99.53,96.29,78.46,74.185,B
S4614,Emma,Smith,student4614@univ.edu,Male,21,Mathematics,73.19,62.59,48.29,63.29,99.98,57.94,40.44,60.756,C
S4615,Ahmed,Smith,student4615@univ.edu,Male,20,Engineering,77.51,44.98,56.06,71.73,68.88,79.77,70.49,62.25,C
S4616,Liam,Smith,student4616@univ.edu,Female,23,Engineering,55.9,97.71,76.8,69.49,69.31,59.93,43.94,72.917,B
S4617,Omar,Davis,student4617@univ.edu,Female,24,CS,94.34,51.09,63.63,70.34,70.69,56.36,56.38,64.817,C
S4618,Sara,Williams,student4618@univ.edu,Male,19,Engineering,54.75,55.73,61.12,56.77,51.08,89.04,94.74,62.507,C
S4619,Ahmed,Williams,student4619@univ.edu,Male,21,Engineering,73.6,63.22,57.35,52.88,73.19,85.88,85.71,65.325,C
S4620,Emma,Williams,student4620@univ.edu,Male,18,CS,50.21,42.25,43.19,73.4,51.94,43.39,77.17,52.519,D
S4621,Liam,Williams,student4621@univ.edu,Male,23,Business,91.55,97.06,75.31,83.32,86.3,51.3,87.24,83.577,B
S4622,Omar,Davis,student4622@univ.edu,Male,19,Engineering,84.39,65.43,55.61,92.24,95.94,43.65,85.56,72.376,B
S4623,Omar,Brown,student4623@univ.edu,Female,25,Engineering,72.31,66.81,95.24,93.15,90.88,81.43,60.54,82.351,B
S4624,John,Johnson,student4624@univ.edu,Female,20,Mathematics,53.46,42.17,56.01,94.19,88.41,67.63,62.08,63.142,C
S4625,Ali,Smith,student4625@univ.edu,Male,18,Mathematics,84.27,65.69,52.25,87.18,93.45,53.07,47.5,67.065,C
S4626,John,Brown,student4626@univ.edu,Male,21,Business,70.11,71.11,48.13,93.08,59.6,80.99,57.25,65.368,C
S4627,Sara,Johnson,student4627@univ.edu,Female,20,Mathematics,50.96,64.39,72.63,77.39,74.17,46.4,97.78,70.886,B
S4628,John,Brown,student4628@univ.edu,Male,23,Mathematics,87.64,92.87,42.37,65.73,86.8,72.08,53.22,67.514,C
S4629,Omar,Davis,student4629@univ.edu,Male,20,Mathematics,99.06,67.9,45.56,96.47,89.98,78.81,64.78,71.041,B
S4630,Ahmed,Brown,student4630@univ.edu,Male,25,CS,50.49,82.06,93.07,69.43,85.96,77.87,98.54,82.14,B
S4631,Ali,Jones,student4631@univ.edu,Male,18,Engineering,63.65,51.94,71.32,74.06,70.39,48.2,49.01,63.608,C
S4632,Omar,Johnson,student4632@univ.edu,Female,24,Mathematics,79.29,96.05,54.28,94.59,58.96,94.63,88.61,77.1,B
S4633,Ali,Davis,student4633@univ.edu,Male,18,CS,66.68,98.77,71.0,88.95,78.23,52.43,98.15,81.324,B
S4634,Ali,Smith,student4634@univ.edu,Female,24,Business,69.31,65.73,53.95,71.36,69.08,90.23,53.97,63.782,C
S4635,Ahmed,Jones,student4635@univ.edu,Female,22,Mathematics,90.87,91.47,87.07,79.8,91.61,68.13,98.19,87.858,A
S4636,Ahmed,Jones,student4636@univ.edu,Male,24,Engineering,67.56,68.52,86.48,92.94,60.23,92.22,89.86,79.965,B
S4637,Omar,Davis,student4637@univ.edu,Female,25,CS,71.24,56.94,49.64,83.37,61.27,61.17,89.71,64.066,C
S4638,Ahmed,Davis,student4638@univ.edu,Male,20,CS,69.0,57.73,77.57,66.73,79.83,86.71,94.35,73.48,B
S4639,Maria,Brown,student4639@univ.edu,Female,24,CS,55.42,71.33,54.58,57.29,69.58,89.64,69.63,63.178,C
S4640,Ali,Davis,student4640@univ.edu,Male,24,Mathematics,73.35,90.04,89.48,52.78,87.06,90.46,42.26,77.559,B
S4641,John,Jones,student4641@univ.edu,Male,20,Business,51.45,90.09,57.72,90.6,68.46,97.08,53.8,71.149,B
S4642,Omar,Johnson,student4642@univ.edu,Female,18,Engineering,96.52,80.46,83.02,94.5,96.16,61.1,74.59,84.955,B
S4643,Sara,Johnson,student4643@univ.edu,Female,24,Mathematics,60.51,74.08,92.89,80.58,89.72,47.58,95.26,81.698,B
S4644,Ali,Smith,student4644@univ.edu,Male,24,Engineering,74.39,48.1,67.3,56.88,87.33,51.47,79.7,65.058,C
S4645,Emma,Davis,student4645@univ.edu,Male,18,CS,77.14,83.68,87.69,81.66,66.05,56.14,64.49,78.867,B
S4646,John,Davis,student4646@univ.edu,Male,18,Engineering,61.79,85.86,52.74,98.38,57.3,40.16,64.97,68.165,C
S4647,Ali,Williams,student4647@univ.edu,Female,21,Engineering,92.26,99.55,65.17,73.78,66.92,42.43,55.32,74.099,B
S4648,Emma,Jones,student4648@univ.edu,Female,18,CS,97.16,99.47,76.85,68.09,95.55,46.15,85.72,83.313,B
S4649,John,Johnson,student4649@univ.edu,Male,25,Business,77.76,66.22,44.8,72.36,83.42,89.09,71.41,65.252,C
S4650,Emma,Smith,student4650@univ.edu,Male,18,Business,73.53,71.83,92.21,59.98,52.01,93.41,77.07,75.957,B
S4651,Ali,Johnson,student4651@univ.edu,Female,25,CS,77.72,51.49,40.21,50.29,79.19,52.86,82.58,56.497,D
S4652,Maria,Smith,student4652@univ.edu,Female,18,CS,86.94,46.75,80.33,85.19,82.59,64.51,58.14,72.22,B
S4653,Emma,Williams,student4653@univ.edu,Female,19,CS,86.69,53.48,43.12,51.13,92.41,40.27,58.66,57.091,D
S4654,Ali,Smith,student4654@univ.edu,Male,23,Engineering,58.74,71.57,78.63,73.82,98.12,46.41,94.14,76.397,B
S4655,Sara,Johnson,student4655@univ.edu,Female,25,Business,97.32,68.13,76.66,64.71,75.83,54.71,86.32,75.013,B
S4656,Maria,Smith,student4656@univ.edu,Female,23,Engineering,58.1,65.28,46.96,98.33,78.6,40.75,89.12,66.513,C
S4657,Ali,Williams,student4657@univ.edu,Male,25,CS,78.66,96.45,76.18,70.46,73.47,85.67,41.2,76.33,B
S4658,Omar,Jones,student4658@univ.edu,Female,18,Engineering,56.44,94.16,89.07,57.91,61.79,65.23,68.93,76.217,B
S4659,Emma,Johnson,student4659@univ.edu,Male,20,CS,87.39,85.13,84.89,99.26,85.15,98.13,52.44,84.786,B
S4660,Emma,Williams,student4660@univ.edu,Male,19,Engineering,74.74,77.69,72.34,81.84,92.41,53.16,55.39,74.428,B
S4661,Ali,Jones,student4661@univ.edu,Female,23,CS,62.54,84.07,46.39,88.52,62.19,70.18,79.78,67.969,C
S4662,John,Williams,student4662@univ.edu,Female,22,CS,88.49,42.7,67.26,70.9,73.29,46.71,80.09,65.876,C
S4663,Ali,Williams,student4663@univ.edu,Male,24,Mathematics,82.44,82.39,44.49,60.87,65.98,48.19,61.6,62.367,C
S4664,Emma,Brown,student4664@univ.edu,Female,25,Business,86.97,72.08,83.38,98.96,79.93,55.31,55.57,79.286,B
S4665,Ahmed,Williams,student4665@univ.edu,Male,21,CS,70.13,53.35,95.89,88.65,84.92,79.55,46.75,76.892,B
S4666,Maria,Williams,student4666@univ.edu,Female,18,Engineering,98.14,85.02,61.52,90.35,89.61,53.07,69.72,77.413,B
S4667,Liam,Johnson,student4667@univ.edu,Male,18,Mathematics,82.76,73.04,64.76,95.62,82.82,62.81,67.97,74.874,B
S4668,Ali,Williams,student4668@univ.edu,Female,19,Business,90.24,71.78,80.41,52.08,78.12,67.73,95.25,76.038,B
S4669,Emma,Davis,student4669@univ.edu,Male,20,Engineering,60.27,76.51,80.51,92.11,70.95,71.9,69.61,76.95,B
S4670,Omar,Smith,student4670@univ.edu,Male,21,CS,99.52,92.58,44.95,74.41,86.48,95.95,62.48,72.808,B
S4671,John,Brown,student4671@univ.edu,Male,19,Engineering,76.76,49.47,77.71,83.1,57.74,94.76,95.01,73.361,B
S4672,Emma,Davis,student4672@univ.edu,Female,20,Mathematics,60.05,90.47,64.24,98.55,80.71,67.43,45.68,74.164,B
S4673,Maria,Williams,student4673@univ.edu,Male,21,Business,96.0,60.07,90.67,66.86,96.09,98.31,40.51,77.419,B
S4674,Sara,Johnson,student4674@univ.edu,Female,18,Mathematics,52.24,67.03,95.69,50.71,76.44,61.84,81.77,73.857,B
S4675,Ahmed,Brown,student4675@univ.edu,Female,19,Business,55.29,51.56,77.76,71.54,66.18,58.67,75.49,67.001,C
S4676,Ahmed,Davis,student4676@univ.edu,Female,20,Business,53.41,96.02,71.2,83.51,63.29,41.23,57.44,72.566,B
S4677,Omar,Davis,student4677@univ.edu,Male,18,Mathematics,73.08,71.57,86.52,56.06,70.16,76.28,81.6,74.977,B
S4678,John,Davis,student4678@univ.edu,Female,19,CS,85.55,83.43,95.29,61.23,90.96,73.67,95.31,85.323,A
S4679,Maria,Davis,student4679@univ.edu,Male,25,Engineering,71.49,90.19,82.81,99.85,63.35,72.47,65.65,81.531,B
S4680,Emma,Brown,student4680@univ.edu,Female,24,Business,61.16,96.74,72.89,97.83,65.52,47.15,73.8,78.295,B
S4681,Ahmed,Williams,student4681@univ.edu,Female,18,Mathematics,53.6,98.29,60.59,82.21,54.18,59.89,54.93,69.432,C
S4682,Ahmed,Williams,student4682@univ.edu,Male,23,CS,54.44,47.52,66.21,84.76,81.01,67.21,49.27,63.913,C
S4683,Ahmed,Brown,student4683@univ.edu,Male,19,CS,68.48,73.26,81.97,89.46,57.56,81.5,48.96,74.237,B
S4684,Ali,Davis,student4684@univ.edu,Female,25,Engineering,84.0,96.35,89.71,94.3,57.04,83.37,40.15,82.615,B
S4685,Ali,Jones,student4685@univ.edu,Female,20,Business,50.05,50.67,83.81,81.34,71.11,69.07,58.5,68.897,C
S4686,Omar,Davis,student4686@univ.edu,Female,21,Engineering,68.98,74.96,64.4,52.11,84.96,50.41,52.93,65.336,C
S4687,Maria,Williams,student4687@univ.edu,Male,24,Engineering,90.62,42.21,42.9,59.3,54.84,50.99,64.27,53.73,D
S4688,Ali,Williams,student4688@univ.edu,Female,18,Mathematics,64.77,75.37,57.3,63.44,82.06,89.9,64.77,67.435,C
S4689,Emma,Davis,student4689@univ.edu,Male,20,Business,82.01,65.35,53.67,64.43,86.77,92.79,65.55,66.908,C
S4690,Maria,Jones,student4690@univ.edu,Female,24,CS,58.51,69.15,86.72,71.98,61.48,76.17,68.6,73.31,B
S4691,Omar,Davis,student4691@univ.edu,Male,19,Mathematics,66.41,86.7,70.15,81.54,91.23,87.72,94.92,80.258,B
S4692,Liam,Smith,student4692@univ.edu,Female,22,Mathematics,68.39,45.16,83.8,61.99,88.27,59.12,42.47,66.34,C
S4693,Ali,Jones,student4693@univ.edu,Male,20,Engineering,50.62,83.25,88.61,94.85,58.61,86.39,95.14,82.217,B
S4694,Ali,Johnson,student4694@univ.edu,Male,22,Business,58.15,86.95,81.7,96.22,52.48,74.59,69.57,78.082,B
S4695,Maria,Jones,student4695@univ.edu,Female,20,Engineering,63.7,65.11,68.4,68.99,50.14,74.94,55.95,64.617,C
S4696,Omar,Smith,student4696@univ.edu,Male,25,CS,71.96,72.97,73.44,72.81,73.72,74.96,85.38,74.401,B
S4697,Liam,Williams,student4697@univ.edu,Female,20,Mathematics,65.77,91.51,89.45,81.89,65.8,62.39,54.58,79.155,B
S4698,Maria,Davis,student4698@univ.edu,Female,18,Engineering,85.1,66.99,70.03,73.36,82.36,76.2,97.28,75.695,B
S4699,John,Davis,student4699@univ.edu,Female,18,Business,62.55,97.87,58.23,87.52,83.93,82.12,53.74,74.299,B
S4700,John,Davis,student4700@univ.edu,Female,25,Engineering,51.7,86.09,91.61,90.79,90.36,48.19,52.93,80.228,B
S4701,Ahmed,Smith,student4701@univ.edu,Female,19,CS,63.31,89.12,40.41,93.5,96.0,93.84,69.23,71.518,B
S4702,Liam,Smith,student4702@univ.edu,Male,20,CS,89.58,68.63,98.28,90.77,86.4,76.74,58.13,84.073,B
S4703,Emma,Johnson,student4703@univ.edu,Female,19,Engineering,55.3,68.73,62.0,93.95,57.15,65.93,62.05,67.185,C
S4704,Ahmed,Johnson,student4704@univ.edu,Male,23,CS,84.16,85.42,88.87,88.28,56.71,52.41,68.39,80.534,B
S4705,Sara,Davis,student4705@univ.edu,Male,20,Engineering,75.31,75.17,67.01,50.4,58.15,57.68,92.46,68.173,C
S4706,Emma,Smith,student4706@univ.edu,Male,24,Engineering,95.04,94.99,82.99,67.46,72.18,69.61,82.59,82.476,B
S4707,Liam,Davis,student4707@univ.edu,Male,19,CS,83.69,48.1,67.4,63.08,63.06,69.13,59.82,63.416,C
S4708,Maria,Jones,student4708@univ.edu,Male,21,Mathematics,94.21,93.68,60.4,78.5,63.98,78.65,71.46,75.529,B
S4709,Ahmed,Johnson,student4709@univ.edu,Male,20,Engineering,69.9,93.87,65.3,54.88,61.58,61.57,68.93,69.715,C
S4710,Liam,Jones,student4710@univ.edu,Male,21,Business,93.18,76.87,59.42,56.18,99.58,76.8,48.72,69.615,C
S4711,Sara,Jones,student4711@univ.edu,Female,24,Business,70.52,74.99,88.79,86.74,63.64,43.21,91.5,79.373,B
S4712,Sara,Jones,student4712@univ.edu,Female,23,Mathematics,64.95,86.2,56.63,63.54,71.3,71.22,85.58,69.504,C
S4713,John,Brown,student4713@univ.edu,Male,20,Mathematics,93.41,55.48,67.95,68.28,77.69,73.74,69.69,69.489,C
S4714,John,Williams,student4714@univ.edu,Male,23,Mathematics,64.82,94.62,52.59,74.06,89.95,88.81,93.34,75.062,B
S4715,Ahmed,Williams,student4715@univ.edu,Female,21,Business,52.97,81.53,45.67,68.75,73.28,81.34,72.24,64.236,C
S4716,Emma,Johnson,student4716@univ.edu,Female,22,Engineering,52.15,81.89,82.95,63.63,76.25,48.08,40.31,70.083,B
S4717,Ali,Davis,student4717@univ.edu,Male,24,Engineering,79.01,60.03,52.69,55.37,85.7,87.93,66.4,63.626,C
S4718,Omar,Williams,student4718@univ.edu,Female,21,Business,62.74,47.81,40.81,69.83,57.24,80.89,92.12,57.534,D
S4719,Sara,Brown,student4719@univ.edu,Female,25,Mathematics,99.34,64.7,48.39,95.81,82.58,94.49,59.3,70.675,B
S4720,Emma,Smith,student4720@univ.edu,Female,18,Business,93.05,62.31,77.98,86.04,93.54,46.46,48.51,74.595,B
S4721,Liam,Davis,student4721@univ.edu,Female,24,Business,66.77,54.33,83.93,94.95,98.22,41.06,94.65,78.305,B
S4722,Omar,Smith,student4722@univ.edu,Male,21,Mathematics,89.18,47.97,62.89,89.5,78.42,80.45,43.27,66.996,C
S4723,Ahmed,Jones,student4723@univ.edu,Male,21,Business,85.06,91.36,74.99,62.42,79.47,92.17,91.9,80.383,B
S4724,Emma,Brown,student4724@univ.edu,Female,25,Mathematics,52.42,49.25,67.26,70.78,78.22,73.45,96.9,67.072,C
S4725,Ahmed,Davis,student4725@univ.edu,Male,18,Business,68.57,53.41,89.19,66.08,97.22,45.56,53.58,71.566,B
S4726,Maria,Brown,student4726@univ.edu,Male,20,Business,52.54,93.53,45.56,79.92,50.69,68.17,41.68,62.262,C
S4727,Liam,Brown,student4727@univ.edu,Female,25,Engineering,73.33,54.37,82.58,83.61,57.29,61.74,70.99,71.438,B
S4728,Emma,Jones,student4728@univ.edu,Male,24,CS,70.04,88.95,92.03,83.62,99.72,94.93,77.16,87.38,A
S4729,Ahmed,Brown,student4729@univ.edu,Male,22,Business,60.72,84.64,56.24,67.25,81.66,96.87,92.41,72.21,B
S4730,Sara,Davis,student4730@univ.edu,Male,18,Business,63.04,64.63,55.71,87.88,77.43,96.81,54.59,67.168,C
S4731,Liam,Brown,student4731@univ.edu,Male,24,CS,90.39,86.94,81.94,67.06,71.63,91.62,73.6,80.172,B
S4732,John,Jones,student4732@univ.edu,Male,21,CS,64.79,98.18,49.25,96.2,99.48,69.48,70.84,75.826,B
S4733,John,Jones,student4733@univ.edu,Male,18,Engineering,61.93,76.79,79.37,95.74,57.3,73.46,41.61,73.287,B
S4734,Liam,Smith,student4734@univ.edu,Male,25,Business,98.87,83.52,71.41,66.92,70.03,67.2,75.76,75.991,B
S4735,Maria,Williams,student4735@univ.edu,Male,25,Engineering,84.05,93.3,43.88,56.38,70.35,40.86,68.29,64.593,C
S4736,Emma,Brown,student4736@univ.edu,Female,19,CS,72.81,98.78,91.46,54.85,58.35,72.77,82.56,80.432,B
S4737,Sara,Smith,student4737@univ.edu,Male,24,CS,91.3,57.78,81.59,89.96,88.09,47.6,41.35,73.981,B
S4738,Omar,Johnson,student4738@univ.edu,Male,20,Business,72.06,86.27,86.54,65.41,82.43,99.53,91.26,82.579,B
S4739,Omar,Smith,student4739@univ.edu,Female,21,Mathematics,97.06,43.86,69.63,93.68,83.44,99.8,77.78,74.531,B
S4740,Omar,Williams,student4740@univ.edu,Male,19,Mathematics,66.85,44.55,76.89,83.09,90.64,66.07,42.97,67.79,C
S4741,Liam,Brown,student4741@univ.edu,Female,22,Mathematics,64.26,87.91,53.23,61.71,63.17,87.92,49.37,64.884,C
S4742,Ali,Smith,student4742@univ.edu,Female,22,Mathematics,66.74,44.91,76.48,57.28,97.55,94.58,42.48,65.924,C
S4743,Maria,Davis,student4743@univ.edu,Female,21,Business,61.78,65.92,96.1,66.97,68.43,91.56,75.55,77.214,B
S4744,Sara,Smith,student4744@univ.edu,Male,23,Engineering,62.41,76.87,45.08,74.24,78.85,76.01,62.4,64.201,C
S4745,Omar,Smith,student4745@univ.edu,Female,19,Mathematics,95.18,91.59,87.93,95.03,83.65,97.25,93.25,91.022,A
S4746,Liam,Smith,student4746@univ.edu,Male,24,Engineering,53.04,73.78,99.0,64.59,84.12,51.2,88.72,79.293,B
S4747,Ali,Williams,student4747@univ.edu,Male,18,Business,97.23,98.67,43.47,75.67,99.69,57.75,77.65,74.47,B
S4748,Ahmed,Jones,student4748@univ.edu,Female,24,CS,86.43,53.32,62.7,85.95,55.32,48.6,65.73,65.544,C
S4749,Emma,Smith,student4749@univ.edu,Male,20,Mathematics,57.82,54.5,89.24,73.01,86.49,68.82,64.86,72.982,B
S4750,Omar,Davis,student4750@univ.edu,Female,25,Mathematics,73.2,67.71,51.77,98.91,93.1,54.12,87.01,71.947,B
S4751,Ahmed,Williams,student4751@univ.edu,Male,25,Engineering,55.04,83.24,91.58,99.34,97.48,56.81,60.85,83.201,B
S4752,Ali,Brown,student4752@univ.edu,Female,19,CS,87.42,77.76,70.72,96.77,95.82,92.93,63.98,80.652,B
S4753,Emma,Johnson,student4753@univ.edu,Male,24,Business,94.7,88.17,96.52,87.84,91.11,44.05,52.55,85.804,A
S4754,Ali,Williams,student4754@univ.edu,Female,18,Engineering,53.38,64.6,44.1,92.38,53.0,77.13,65.61,61.062,C
S4755,Omar,Williams,student4755@univ.edu,Female,25,CS,81.1,55.74,46.27,96.29,67.19,55.0,84.86,65.538,C
S4756,Maria,Brown,student4756@univ.edu,Male,18,Mathematics,92.59,64.44,71.17,70.12,68.98,67.68,53.83,69.681,C
S4757,Liam,Davis,student4757@univ.edu,Male,20,Engineering,51.73,67.91,57.9,61.41,73.73,95.69,94.77,66.971,C
S4758,Emma,Davis,student4758@univ.edu,Male,22,Business,91.44,69.38,89.21,84.83,59.9,51.73,51.79,76.263,B
S4759,Sara,Smith,student4759@univ.edu,Male,23,Engineering,99.39,71.5,80.1,73.66,99.24,60.08,82.04,80.45,B
S4760,Ali,Brown,student4760@univ.edu,Male,20,Business,93.53,75.41,69.83,73.55,69.91,97.4,53.69,73.647,B
S4761,Omar,Williams,student4761@univ.edu,Female,25,Engineering,89.83,43.48,97.98,74.07,58.47,68.75,49.34,72.402,B
S4762,Liam,Smith,student4762@univ.edu,Male,18,Business,99.73,70.98,79.08,97.92,56.37,59.69,90.69,80.272,B
S4763,Sara,Davis,student4763@univ.edu,Male,22,Mathematics,99.85,77.55,59.03,64.7,82.4,58.63,68.71,70.951,B
S4764,Liam,Williams,student4764@univ.edu,Female,23,Engineering,71.8,80.09,81.56,73.67,96.8,89.03,51.73,78.021,B
S4765,Emma,Brown,student4765@univ.edu,Male,18,Engineering,99.36,41.42,94.67,50.59,52.17,43.13,60.46,67.629,C
S4766,Ahmed,Brown,student4766@univ.edu,Male,20,CS,90.61,73.98,80.3,85.94,95.66,89.06,90.62,83.919,B
S4767,Maria,Brown,student4767@univ.edu,Male,20,Business,91.81,53.67,81.67,58.06,84.59,52.27,99.43,74.141,B
S4768,Liam,Smith,student4768@univ.edu,Male,21,CS,96.19,79.93,75.09,74.9,98.09,82.85,79.81,81.299,B
S4769,Maria,Williams,student4769@univ.edu,Female,24,Engineering,85.29,46.01,52.13,64.66,83.31,88.94,59.85,61.832,C
S4770,Ali,Brown,student4770@univ.edu,Female,19,Engineering,73.03,73.69,61.87,60.48,98.17,40.16,80.29,69.528,C
S4771,Ahmed,Jones,student4771@univ.edu,Female,19,Engineering,75.0,83.13,93.56,50.23,59.48,99.43,91.16,79.764,B
S4772,Emma,Smith,student4772@univ.edu,Female,24,Engineering,67.19,54.48,76.99,73.57,84.94,96.57,60.98,71.168,B
S4773,Maria,Williams,student4773@univ.edu,Male,19,Business,71.44,59.31,94.99,75.78,83.83,54.36,54.92,75.463,B
S4774,John,Brown,student4774@univ.edu,Male,19,Engineering,59.76,45.01,71.9,60.23,77.83,78.86,41.11,61.419,C
S4775,Ali,Brown,student4775@univ.edu,Female,21,Business,81.63,83.84,60.67,72.1,69.29,53.45,79.59,71.508,B
S4776,Maria,Johnson,student4776@univ.edu,Male,20,Mathematics,72.31,71.21,69.24,96.27,54.46,64.63,78.46,73.209,B
S4777,Emma,Williams,student4777@univ.edu,Male,25,Mathematics,73.65,65.93,93.43,96.33,82.37,75.78,71.31,82.186,B
S4778,Ahmed,Smith,student4778@univ.edu,Female,21,CS,90.98,89.02,97.13,86.89,54.86,69.62,87.2,86.761,A
S4779,Liam,Johnson,student4779@univ.edu,Male,18,CS,57.84,80.46,52.77,86.39,72.29,93.95,99.2,72.512,B
S4780,Omar,Johnson,student4780@univ.edu,Male,25,CS,68.71,99.99,40.05,63.83,94.84,86.92,95.79,71.868,B
S4781,Sara,Johnson,student4781@univ.edu,Male,19,Engineering,79.12,97.81,50.21,74.58,77.27,42.6,87.66,72.347,B
S4782,Sara,Brown,student4782@univ.edu,Female,18,Business,84.58,76.9,67.83,84.97,77.01,96.43,86.04,78.059,B
S4783,Maria,Brown,student4783@univ.edu,Female,24,Engineering,93.98,87.64,58.06,91.59,92.65,45.09,53.25,74.927,B
S4784,Ahmed,Jones,student4784@univ.edu,Female,25,Business,72.41,85.36,76.57,51.65,80.74,83.89,77.76,75.076,B
S4785,Sara,Brown,student4785@univ.edu,Female,25,Engineering,67.24,78.93,52.64,79.09,65.83,89.31,99.3,71.144,B
S4786,Omar,Johnson,student4786@univ.edu,Male,23,Engineering,69.4,48.81,62.71,60.92,98.4,91.94,68.04,65.894,C
S4787,Liam,Jones,student4787@univ.edu,Male,23,CS,86.54,53.1,83.82,83.49,58.84,64.09,96.66,75.698,B
S4788,Sara,Johnson,student4788@univ.edu,Male,24,Business,66.2,45.33,79.05,99.67,73.45,82.7,78.03,73.635,B
S4789,Ahmed,Jones,student4789@univ.edu,Male,24,Business,63.4,74.99,58.19,90.49,92.15,59.23,52.19,69.764,C
S4790,Omar,Smith,student4790@univ.edu,Male,20,Engineering,78.18,97.97,66.48,53.03,77.81,96.39,83.47,76.258,B
S4791,John,Smith,student4791@univ.edu,Female,18,Mathematics,61.0,71.24,90.86,57.06,67.65,68.35,54.29,71.776,B
S4792,Ali,Smith,student4792@univ.edu,Male,23,Engineering,74.53,64.28,46.07,69.44,66.77,59.67,65.34,60.74,C
S4793,Sara,Davis,student4793@univ.edu,Female,18,Business,73.62,88.68,49.3,86.05,86.45,50.71,52.21,69.197,C
S4794,Emma,Brown,student4794@univ.edu,Male,24,Engineering,57.93,51.09,70.01,81.66,76.16,48.78,63.26,65.644,C
S4795,Sara,Williams,student4795@univ.edu,Female,18,Business,52.06,50.2,67.48,99.25,84.96,57.2,84.02,70.135,B
S4796,Emma,Davis,student4796@univ.edu,Male,21,Engineering,67.47,78.71,56.1,79.71,64.41,52.29,74.49,67.78,C
S4797,Ali,Johnson,student4797@univ.edu,Female,21,Business,77.6,78.93,54.9,89.18,67.04,47.16,99.03,72.358,B
S4798,Maria,Johnson,student4798@univ.edu,Male,19,Mathematics,68.22,87.6,55.4,82.51,77.0,80.32,86.84,73.739,B
S4799,Ahmed,Brown,student4799@univ.edu,Male,19,CS,53.58,43.57,62.61,81.08,89.31,85.36,57.81,63.997,C
S4800,Liam,Brown,student4800@univ.edu,Male,20,Business,55.21,63.93,96.48,96.57,90.4,47.97,45.1,77.685,B
S4801,Maria,Jones,student4801@univ.edu,Male,19,CS,86.5,63.12,52.0,64.09,79.51,80.17,57.48,64.195,C
S4802,Omar,Jones,student4802@univ.edu,Male,23,Engineering,50.76,84.86,90.9,85.27,73.87,69.33,47.13,77.675,B
S4803,John,Davis,student4803@univ.edu,Female,20,Mathematics,90.14,51.81,80.36,82.08,58.9,68.53,61.94,71.307,B
S4804,Omar,Smith,student4804@univ.edu,Male,23,Engineering,79.31,58.13,93.9,53.52,64.62,86.68,62.28,72.779,B
S4805,Omar,Brown,student4805@univ.edu,Female,22,CS,90.11,94.29,72.13,97.92,66.62,62.0,84.77,82.435,B
S4806,Omar,Jones,student4806@univ.edu,Female,23,CS,53.06,40.5,95.69,88.09,85.57,73.97,60.51,73.633,B
S4807,Maria,Johnson,student4807@univ.edu,Male,22,Business,71.74,94.07,61.62,72.33,91.64,71.0,65.85,74.622,B
S4808,Ahmed,Davis,student4808@univ.edu,Male,23,CS,73.22,85.76,45.29,82.22,75.71,79.26,53.51,67.279,C
S4809,Liam,Williams,student4809@univ.edu,Male,24,Business,72.08,55.58,96.61,82.25,83.85,41.98,47.58,74.886,B
S4810,Ahmed,Smith,student4810@univ.edu,Female,20,Business,63.24,98.81,47.87,62.73,50.21,89.85,48.16,64.186,C
S4811,Liam,Davis,student4811@univ.edu,Female,25,Mathematics,59.93,51.95,55.89,53.14,82.32,81.07,87.39,62.146,C
S4812,Sara,Williams,student4812@univ.edu,Female,20,CS,60.65,81.06,41.66,97.93,58.96,88.73,42.71,64.068,C
S4813,Ahmed,Davis,student4813@univ.edu,Male,21,Business,93.78,90.25,95.77,78.73,50.81,66.62,85.54,84.935,B
S4814,Sara,Jones,student4814@univ.edu,Male,18,Mathematics,63.13,89.55,75.82,54.92,60.4,64.01,72.11,71.658,B
S4815,Liam,Brown,student4815@univ.edu,Female,20,Engineering,55.56,64.94,97.54,58.02,63.13,66.34,90.62,75.201,B
S4816,Ali,Davis,student4816@univ.edu,Male,19,CS,57.22,52.83,85.68,82.33,65.66,80.71,42.64,69.207,C
S4817,John,Brown,student4817@univ.edu,Female,20,Mathematics,93.68,64.32,87.04,70.0,98.48,77.66,79.56,80.531,B
S4818,Sara,Davis,student4818@univ.edu,Male,22,CS,71.77,53.28,52.3,98.41,82.19,98.0,80.78,69.481,C
S4819,Sara,Williams,student4819@univ.edu,Female,24,Engineering,69.89,59.93,52.9,99.11,98.67,43.12,40.14,65.749,C
S4820,Omar,Johnson,student4820@univ.edu,Female,25,Engineering,50.66,46.79,81.79,81.85,75.75,49.85,60.3,67.336,C
S4821,Ali,Brown,student4821@univ.edu,Male,23,CS,72.01,48.59,94.57,88.03,57.23,95.99,71.35,76.152,B
S4822,Emma,Jones,student4822@univ.edu,Male,18,Engineering,51.33,76.61,84.87,94.61,92.06,71.72,74.46,80.346,B
S4823,John,Smith,student4823@univ.edu,Male,20,Business,80.34,68.17,73.9,96.35,59.51,82.86,95.48,77.933,B
S4824,Maria,Davis,student4824@univ.edu,Female,22,Engineering,80.39,44.36,42.03,71.25,89.35,95.94,96.91,63.631,C
S4825,Liam,Williams,student4825@univ.edu,Female,19,Engineering,52.78,88.39,76.86,72.24,52.38,76.3,87.48,74.651,B
S4826,Maria,Johnson,student4826@univ.edu,Female,20,CS,88.51,65.65,74.19,60.73,76.65,74.02,72.8,71.993,B
S4827,Liam,Williams,student4827@univ.edu,Female,25,CS,90.2,87.13,72.59,75.4,56.45,89.45,62.64,75.914,B
S4828,Emma,Smith,student4828@univ.edu,Female,25,Mathematics,74.04,85.15,48.37,67.33,91.97,83.19,94.61,71.862,B
S4829,Sara,Johnson,student4829@univ.edu,Female,21,Business,85.2,86.7,94.28,56.3,92.09,88.69,70.51,83.284,B
S4830,Ali,Johnson,student4830@univ.edu,Female,22,Business,85.6,94.77,66.69,89.56,84.32,54.12,81.13,80.206,B
S4831,Sara,Smith,student4831@univ.edu,Male,20,Business,86.93,94.83,87.44,74.2,86.88,61.63,85.62,85.353,A
S4832,Ahmed,Smith,student4832@univ.edu,Male,21,Business,95.91,53.79,65.87,84.95,92.96,44.32,97.08,74.072,B
S4833,Maria,Williams,student4833@univ.edu,Female,21,Engineering,64.95,40.75,58.29,74.39,97.15,72.78,86.16,65.261,C
S4834,John,Davis,student4834@univ.edu,Female,18,Engineering,89.4,44.7,56.86,51.45,52.43,54.77,82.99,58.936,D
S4835,Liam,Brown,student4835@univ.edu,Female,23,Business,84.01,97.59,50.81,61.23,62.31,48.81,67.73,67.791,C
S4836,Liam,Smith,student4836@univ.edu,Male,19,Mathematics,71.09,70.41,85.81,95.85,58.56,75.55,89.42,79.887,B
S4837,Ali,Smith,student4837@univ.edu,Male,20,CS,72.94,60.6,92.11,83.73,99.78,46.58,94.04,81.317,B
S4838,Liam,Johnson,student4838@univ.edu,Male,18,Mathematics,76.29,79.11,74.11,50.26,82.04,91.48,68.64,72.865,B
S4839,Maria,Brown,student4839@univ.edu,Male,18,CS,97.02,48.68,78.48,71.23,56.89,91.22,70.55,70.971,B
S4840,Maria,Brown,student4840@univ.edu,Male,22,CS,82.91,99.51,47.58,69.32,83.72,89.0,46.74,70.361,B
S4841,John,Johnson,student4841@univ.edu,Female,22,CS,82.48,44.38,50.62,77.65,51.16,44.93,98.75,61.195,C
S4842,Maria,Smith,student4842@univ.edu,Female,24,Mathematics,60.99,94.1,79.04,71.66,92.48,65.91,75.74,79.498,B
S4843,Ali,Jones,student4843@univ.edu,Male,25,Business,79.85,79.99,84.35,79.07,81.0,88.17,99.57,83.614,B
S4844,John,Brown,student4844@univ.edu,Female,22,Business,66.88,94.32,93.92,86.17,51.34,99.46,73.16,84.076,B
S4845,John,Jones,student4845@univ.edu,Female,19,Mathematics,57.02,42.64,73.72,81.99,82.21,85.24,88.8,70.007,B
S4846,Sara,Smith,student4846@univ.edu,Male,24,Mathematics,56.1,45.64,92.52,58.73,97.72,97.74,97.52,75.715,B
S4847,Omar,Davis,student4847@univ.edu,Female,23,Mathematics,99.52,42.58,45.76,96.91,93.37,77.13,81.16,68.042,C
S4848,Maria,Brown,student4848@univ.edu,Male,23,Engineering,83.0,47.22,49.12,73.31,56.95,50.43,87.99,60.492,C
S4849,Emma,Davis,student4849@univ.edu,Male,20,Engineering,50.6,67.06,55.79,61.97,52.21,87.82,79.74,62.09,C
S4850,Ahmed,Williams,student4850@univ.edu,Female,21,Business,99.85,72.62,68.38,92.65,79.53,56.74,94.75,79.185,B
S4851,Ahmed,Jones,student4851@univ.edu,Male,24,CS,74.61,45.44,46.94,65.58,96.31,62.28,93.1,62.523,C
S4852,Ahmed,Brown,student4852@univ.edu,Female,19,Engineering,91.64,99.06,94.39,76.98,69.9,87.14,66.99,86.886,A
S4853,John,Williams,student4853@univ.edu,Female,20,Engineering,62.42,57.75,97.43,92.74,88.39,81.07,48.03,78.627,B
S4854,Ali,Jones,student4854@univ.edu,Male,19,Business,82.92,59.84,80.91,88.08,72.99,78.37,48.95,73.858,B
S4855,Sara,Davis,student4855@univ.edu,Female,19,CS,70.24,75.62,90.81,70.19,84.12,86.46,94.29,82.084,B
S4856,Omar,Davis,student4856@univ.edu,Female,18,Mathematics,59.58,97.39,78.49,74.46,84.95,47.14,85.35,79.539,B
S4857,Liam,Jones,student4857@univ.edu,Male,18,CS,55.0,62.03,65.37,54.43,93.87,94.49,47.83,64.576,C
S4858,Liam,Williams,student4858@univ.edu,Male,23,Business,61.27,90.34,77.29,55.23,98.22,62.17,62.29,74.826,B
S4859,Emma,Jones,student4859@univ.edu,Female,25,Business,61.02,52.09,65.02,61.04,82.26,48.35,99.81,65.806,C
S4860,Emma,Smith,student4860@univ.edu,Female,24,CS,55.6,86.55,64.4,66.3,76.99,73.29,70.47,70.545,B
S4861,Emma,Brown,student4861@univ.edu,Female,23,Mathematics,59.76,88.34,77.21,52.58,50.3,84.7,48.31,68.79,C
S4862,Sara,Jones,student4862@univ.edu,Female,25,Engineering,83.35,77.81,43.92,85.98,80.25,56.86,88.67,69.705,C
S4863,John,Johnson,student4863@univ.edu,Male,21,Business,79.81,52.78,44.93,69.39,63.83,63.25,64.44,58.414,D
S4864,Sara,Brown,student4864@univ.edu,Male,25,Engineering,89.56,83.68,77.15,96.66,61.46,72.27,43.14,77.41,B
S4865,Ahmed,Brown,student4865@univ.edu,Male,24,Business,55.69,65.6,92.8,88.01,81.44,67.32,66.91,77.931,B
S4866,Maria,Brown,student4866@univ.edu,Female,23,Business,94.93,62.25,85.57,67.34,51.85,86.06,88.35,76.038,B
S4867,John,Johnson,student4867@univ.edu,Male,25,Mathematics,62.2,52.54,43.35,82.33,71.05,66.72,77.5,60.273,C
S4868,Ahmed,Jones,student4868@univ.edu,Female,21,Business,89.24,82.56,40.78,98.73,51.01,89.18,60.68,68.108,C
S4869,Omar,Williams,student4869@univ.edu,Male,23,Engineering,89.22,58.18,49.15,97.91,99.91,50.61,71.93,69.704,C
S4870,Maria,Davis,student4870@univ.edu,Female,20,CS,94.02,96.64,71.0,68.73,75.46,90.18,77.43,80.138,B
S4871,Omar,Smith,student4871@univ.edu,Female,23,Engineering,99.16,92.25,94.2,89.98,57.94,99.47,76.25,88.516,A
S4872,Emma,Brown,student4872@univ.edu,Female,19,CS,75.95,57.83,81.78,61.91,84.09,94.65,73.0,73.423,B
S4873,Maria,Williams,student4873@univ.edu,Male,18,CS,97.75,63.35,68.47,84.13,70.42,99.31,57.74,73.387,B
S4874,Maria,Smith,student4874@univ.edu,Female,22,Mathematics,71.39,50.09,46.02,95.6,55.72,51.91,54.01,58.871,D
S4875,Sara,Johnson,student4875@univ.edu,Male,25,Mathematics,56.68,47.06,40.29,98.37,50.64,60.97,66.73,56.708,D
S4876,Omar,Brown,student4876@univ.edu,Female,22,Mathematics,70.18,63.31,82.19,87.28,88.65,73.15,49.0,74.852,B
S4877,Emma,Davis,student4877@univ.edu,Male,23,Engineering,84.57,55.0,85.42,62.7,56.25,86.63,61.28,70.573,B
S4878,Ali,Williams,student4878@univ.edu,Female,20,Engineering,70.78,50.86,46.45,97.89,90.17,72.32,48.89,63.391,C
S4879,Omar,Johnson,student4879@univ.edu,Male,23,CS,84.31,52.85,77.43,69.37,61.37,54.5,61.16,67.614,C
S4880,Omar,Davis,student4880@univ.edu,Female,20,CS,77.4,73.03,82.96,71.27,63.04,85.74,55.8,74.096,B
S4881,Ahmed,Smith,student4881@univ.edu,Male,18,Business,73.3,95.68,79.29,84.86,61.47,83.41,67.68,80.068,B
S4882,Sara,Davis,student4882@univ.edu,Female,21,CS,65.25,96.73,59.17,92.22,99.7,80.75,56.66,77.128,B
S4883,John,Williams,student4883@univ.edu,Male,23,Business,50.42,44.49,44.15,61.59,98.22,90.28,97.61,60.521,C
S4884,Emma,Williams,student4884@univ.edu,Female,23,Engineering,61.99,99.36,89.75,77.51,85.66,99.38,88.4,86.998,A
S4885,Emma,Williams,student4885@univ.edu,Male,25,Mathematics,85.86,98.2,87.21,72.75,81.37,82.31,72.68,84.822,B
S4886,Maria,Johnson,student4886@univ.edu,Male,19,Mathematics,80.81,90.45,86.47,92.26,64.35,40.21,88.38,83.234,B
S4887,John,Johnson,student4887@univ.edu,Male,23,CS,92.72,47.01,99.91,76.09,95.32,43.51,91.48,80.916,B
S4888,Omar,Johnson,student4888@univ.edu,Male,23,CS,93.24,82.46,72.38,51.58,96.16,60.18,68.58,74.75,B
S4889,Ahmed,Johnson,student4889@univ.edu,Female,18,Mathematics,57.81,76.16,44.56,96.75,86.63,82.23,52.6,66.928,C
S4890,Liam,Jones,student4890@univ.edu,Female,19,Business,70.06,51.31,77.42,98.39,58.57,99.57,41.74,70.262,B
S4891,Sara,Davis,student4891@univ.edu,Male,19,Engineering,50.99,58.36,85.63,64.63,96.04,41.48,72.62,71.094,B
S4892,Liam,Williams,student4892@univ.edu,Female,22,Engineering,62.49,57.52,76.18,68.0,50.74,92.37,85.06,69.005,C
S4893,Sara,Davis,student4893@univ.edu,Female,23,Business,88.74,56.74,81.18,58.21,60.41,90.03,87.76,72.626,B
S4894,John,Williams,student4894@univ.edu,Male,25,Mathematics,73.98,63.8,67.66,90.05,99.37,58.7,73.04,74.14,B
S4895,Maria,Davis,student4895@univ.edu,Male,24,Engineering,81.98,61.67,65.38,59.64,86.88,85.48,79.62,70.016,B
S4896,Omar,Williams,student4896@univ.edu,Male,23,Mathematics,53.71,68.48,82.23,82.77,99.98,75.55,48.19,74.746,B
S4897,Omar,Davis,student4897@univ.edu,Female,18,CS,98.36,82.36,65.65,67.11,96.62,92.07,75.98,77.933,B
S4898,Liam,Davis,student4898@univ.edu,Male,19,Mathematics,84.82,80.31,60.53,75.9,74.87,80.07,78.47,73.425,B
S4899,Ali,Johnson,student4899@univ.edu,Male,21,Engineering,96.31,50.44,86.84,66.99,96.24,51.61,59.1,73.934,B
S4900,Omar,Jones,student4900@univ.edu,Female,24,Mathematics,75.63,87.59,80.04,97.65,87.64,65.83,78.89,83.685,B
S4901,Sara,Jones,student4901@univ.edu,Male,24,Mathematics,68.6,92.93,57.68,66.86,73.99,85.15,53.85,69.82,C
S4902,Liam,Smith,student4902@univ.edu,Female,21,Engineering,68.02,40.37,63.73,60.99,87.49,99.28,44.97,61.353,C
S4903,Emma,Williams,student4903@univ.edu,Female,24,Mathematics,93.58,80.84,86.52,82.47,51.43,58.73,87.87,80.719,B
S4904,Omar,Jones,student4904@univ.edu,Male,24,Mathematics,86.68,49.81,40.81,64.94,76.47,91.02,83.23,61.135,C
S4905,Emma,Davis,student4905@univ.edu,Female,24,Business,71.86,95.64,91.13,82.65,51.89,48.9,92.26,82.91,B
S4906,Emma,Brown,student4906@univ.edu,Male,20,Business,53.37,92.24,86.32,50.03,74.1,56.26,95.71,76.98,B
S4907,John,Brown,student4907@univ.edu,Male,22,CS,99.71,65.82,46.79,74.49,87.47,87.26,66.15,68.07,C
S4908,Ali,Brown,student4908@univ.edu,Female,18,CS,69.54,83.4,51.87,64.08,62.65,76.76,44.73,63.383,C
S4909,John,Brown,student4909@univ.edu,Female,24,CS,95.13,50.99,41.79,95.94,61.1,90.64,56.77,62.958,C
S4910,Sara,Davis,student4910@univ.edu,Female,18,Engineering,94.78,56.65,47.17,69.0,86.04,52.64,90.46,65.591,C
S4911,Ali,Johnson,student4911@univ.edu,Male,21,Business,82.3,99.17,81.46,92.3,81.63,68.96,72.46,85.204,A
S4912,Sara,Williams,student4912@univ.edu,Female,21,Engineering,83.75,78.13,59.6,89.88,65.24,62.83,89.59,73.987,B
S4913,Ahmed,Williams,student4913@univ.edu,Male,23,Engineering,79.66,64.45,50.4,97.19,68.52,62.51,65.93,67.125,C
S4914,Sara,Jones,student4914@univ.edu,Female,24,CS,86.77,94.45,75.83,90.65,89.2,89.92,43.56,81.685,B
S4915,Ali,Jones,student4915@univ.edu,Female,22,Engineering,77.01,71.68,65.22,97.04,99.37,45.86,54.94,73.883,B
S4916,Ali,Davis,student4916@univ.edu,Female,19,CS,72.87,86.08,90.74,60.87,82.64,62.48,89.51,81.194,B
S4917,Sara,Williams,student4917@univ.edu,Male,19,Business,67.41,95.05,67.74,56.26,61.15,40.38,63.3,68.976,C
S4918,Emma,Williams,student4918@univ.edu,Female,24,CS,53.14,81.61,51.78,77.24,99.23,76.9,66.31,69.155,C
S4919,Ali,Smith,student4919@univ.edu,Male,21,Engineering,91.73,49.71,49.06,86.88,56.93,85.39,68.66,63.693,C
S4920,Maria,Williams,student4920@univ.edu,Male,22,CS,50.64,57.28,75.59,90.37,54.83,84.57,95.1,71.974,B
S4921,Emma,Brown,student4921@univ.edu,Female,23,Mathematics,73.53,72.68,78.86,76.6,72.07,58.71,64.21,73.6,B
S4922,Liam,Williams,student4922@univ.edu,Female,18,CS,84.87,54.02,93.27,85.28,95.3,77.49,62.41,79.71,B
S4923,Omar,Jones,student4923@univ.edu,Male,18,Mathematics,83.54,91.79,45.03,63.59,92.39,60.7,42.5,66.284,C
S4924,Emma,Williams,student4924@univ.edu,Male,21,Business,57.84,68.66,69.05,93.92,57.72,97.63,59.99,70.971,B
S4925,Emma,Johnson,student4925@univ.edu,Female,24,Engineering,89.14,80.02,92.36,99.28,66.38,58.91,60.45,83.147,B
S4926,Ahmed,Brown,student4926@univ.edu,Female,23,Business,57.22,97.37,70.36,68.76,93.85,62.79,83.51,77.493,B
S4927,Sara,Williams,student4927@univ.edu,Male,25,Business,64.64,82.77,80.86,88.91,86.88,92.39,92.9,83.21,B
S4928,Ali,Brown,student4928@univ.edu,Female,21,Mathematics,62.19,77.86,42.65,50.41,79.35,77.23,62.85,60.229,C
S4929,Ali,Davis,student4929@univ.edu,Male,19,Mathematics,66.49,43.71,49.8,65.16,80.35,58.63,44.28,55.499,D
S4930,Emma,Brown,student4930@univ.edu,Female,18,Mathematics,66.29,71.2,52.11,83.54,66.04,68.91,83.15,67.398,C
S4931,Maria,Smith,student4931@univ.edu,Male,18,Business,64.05,79.23,72.03,78.73,77.9,48.38,41.23,70.002,B
S4932,Ali,Davis,student4932@univ.edu,Female,23,CS,69.92,92.98,89.03,97.57,83.02,94.15,79.96,87.938,A
S4933,Emma,Johnson,student4933@univ.edu,Female,25,Engineering,66.18,93.11,72.67,69.92,89.04,53.55,73.32,76.442,B
S4934,Emma,Brown,student4934@univ.edu,Female,23,Mathematics,86.95,45.44,67.61,87.64,93.33,57.75,84.22,71.855,B
S4935,Sara,Williams,student4935@univ.edu,Female,25,Business,69.95,45.04,64.49,81.44,88.34,71.48,84.95,68.469,C
S4936,Omar,Davis,student4936@univ.edu,Male,21,Business,82.86,80.77,58.5,97.19,55.91,67.86,82.61,73.813,B
S4937,John,Jones,student4937@univ.edu,Male,24,Mathematics,91.43,68.42,43.2,93.17,82.84,92.09,90.66,71.717,B
S4938,Ali,Jones,student4938@univ.edu,Male,20,Engineering,52.54,75.99,91.48,50.73,54.55,56.83,75.36,71.338,B
S4939,Ali,Smith,student4939@univ.edu,Male,24,Business,55.72,82.27,95.13,50.32,97.76,89.99,70.35,79.423,B
S4940,Ali,Davis,student4940@univ.edu,Male,22,Mathematics,96.7,53.62,81.99,53.71,69.3,59.05,72.57,70.187,B
S4941,Ali,Williams,student4941@univ.edu,Female,23,Engineering,93.9,83.25,42.19,60.07,96.81,91.42,43.03,66.263,C
S4942,Liam,Davis,student4942@univ.edu,Male,19,Business,50.56,97.78,77.48,76.09,99.15,43.52,57.46,77.106,B
S4943,Liam,Jones,student4943@univ.edu,Male,23,Engineering,63.23,46.12,78.77,57.33,56.82,68.47,86.29,65.512,C
S4944,John,Brown,student4944@univ.edu,Male,21,CS,92.29,46.63,61.36,63.48,87.88,41.01,91.82,66.505,C
S4945,Liam,Jones,student4945@univ.edu,Female,25,Mathematics,92.77,72.94,70.19,75.56,81.12,63.05,93.66,76.886,B
S4946,Maria,Davis,student4946@univ.edu,Male,22,Engineering,83.73,80.64,44.23,84.15,66.11,93.89,80.59,69.757,C
S4947,John,Davis,student4947@univ.edu,Male,24,Mathematics,81.19,60.94,77.38,59.58,80.34,79.48,41.88,68.654,C
S4948,Liam,Williams,student4948@univ.edu,Female,20,Business,65.44,42.81,81.27,70.63,82.93,51.6,75.28,68.482,C
S4949,Sara,Davis,student4949@univ.edu,Male,20,Mathematics,63.13,75.98,63.99,70.83,75.03,41.3,73.51,68.249,C
S4950,Emma,Smith,student4950@univ.edu,Male,19,CS,71.27,52.45,64.2,84.06,51.56,77.11,93.71,67.868,C
S4951,Ali,Williams,student4951@univ.edu,Male,19,Engineering,86.14,63.44,54.1,89.41,80.48,90.13,62.66,69.764,C
S4952,Ahmed,Brown,student4952@univ.edu,Female,19,Engineering,73.86,95.04,72.85,95.05,96.69,82.35,52.63,81.556,B
S4953,Liam,Davis,student4953@univ.edu,Female,22,Business,98.58,40.88,42.4,90.8,88.72,84.53,83.24,65.796,C
S4954,Liam,Williams,student4954@univ.edu,Female,20,Mathematics,86.38,40.41,57.11,95.41,67.15,59.33,49.58,62.804,C
S4955,Ahmed,Jones,student4955@univ.edu,Male,20,Mathematics,57.06,56.54,43.6,54.8,96.89,70.47,40.02,55.529,D
S4956,Maria,Brown,student4956@univ.edu,Male,23,Engineering,81.06,85.38,68.7,75.3,59.45,62.61,81.27,74.29,B
S4957,Ahmed,Davis,student4957@univ.edu,Female,23,Business,76.13,44.07,54.82,94.85,51.94,47.72,99.91,64.672,C
S4958,Ahmed,Brown,student4958@univ.edu,Male,25,Business,76.19,70.59,51.58,68.37,79.84,80.22,82.83,67.745,C
S4959,Liam,Smith,student4959@univ.edu,Male,24,Mathematics,56.98,94.45,59.79,90.81,65.01,66.2,65.45,72.502,B
S4960,Ahmed,Brown,student4960@univ.edu,Male,24,Engineering,94.51,82.02,61.34,69.4,72.08,74.68,47.15,70.324,B
S4961,Emma,Brown,student4961@univ.edu,Female,24,CS,78.33,62.08,97.87,58.33,69.7,86.6,67.21,76.38,B
S4962,Ali,Williams,student4962@univ.edu,Female,22,CS,98.48,90.6,75.82,56.07,70.14,64.4,54.74,74.832,B
S4963,Liam,Jones,student4963@univ.edu,Female,21,Business,66.15,50.28,66.45,75.84,91.62,58.35,68.03,66.864,C
S4964,Ali,Smith,student4964@univ.edu,Male,19,Business,77.27,97.44,76.26,74.52,52.76,64.64,83.54,78.133,B
S4965,Maria,Jones,student4965@univ.edu,Female,19,Business,55.39,97.48,83.31,80.5,51.58,60.29,57.49,76.025,B
S4966,John,Smith,student4966@univ.edu,Female,18,CS,90.16,74.48,67.28,70.48,69.71,55.71,40.9,68.515,C
S4967,Ahmed,Brown,student4967@univ.edu,Female,22,CS,62.07,50.78,67.18,83.62,72.8,73.33,84.63,68.469,C
S4968,Omar,Brown,student4968@univ.edu,Female,22,Mathematics,62.5,94.21,90.95,95.41,92.89,82.83,42.46,84.365,B
S4969,John,Brown,student4969@univ.edu,Male,18,Mathematics,80.77,53.05,53.49,58.4,82.83,40.97,94.62,63.287,C
S4970,Maria,Brown,student4970@univ.edu,Female,21,Mathematics,98.31,60.92,47.39,59.17,50.7,89.96,87.8,63.456,C
S4971,Ali,Jones,student4971@univ.edu,Male,20,Engineering,77.04,56.38,40.14,58.61,71.81,58.23,94.93,59.399,D
S4972,Emma,Smith,student4972@univ.edu,Male,24,Engineering,57.19,49.63,45.67,76.59,68.3,95.28,50.09,57.438,D
S4973,Ahmed,Johnson,student4973@univ.edu,Male,24,CS,75.98,42.8,56.04,54.57,61.13,68.04,79.04,58.575,D
S4974,Liam,Davis,student4974@univ.edu,Male,18,Engineering,87.97,90.95,69.08,91.8,88.61,43.3,87.09,81.216,B
S4975,Maria,Jones,student4975@univ.edu,Female,18,CS,63.41,87.11,51.92,67.83,72.61,43.96,46.03,63.576,C
S4976,Liam,Davis,student4976@univ.edu,Female,19,CS,57.05,73.74,42.08,62.34,68.39,55.73,96.26,61.68,C
S4977,Emma,Williams,student4977@univ.edu,Female,24,Business,59.77,56.48,53.22,68.54,55.16,90.83,61.0,59.677,D
S4978,Liam,Williams,student4978@univ.edu,Female,19,Engineering,64.83,77.18,95.63,66.77,62.58,55.06,98.1,79.445,B
S4979,Ahmed,Smith,student4979@univ.edu,Male,20,Mathematics,57.39,97.94,88.42,86.41,84.14,70.7,93.96,86.159,A
S4980,Ahmed,Smith,student4980@univ.edu,Female,21,Business,94.82,56.39,58.55,85.99,82.62,66.14,60.95,68.888,C
S4981,Emma,Williams,student4981@univ.edu,Male,25,Business,77.94,86.15,73.75,87.2,52.96,70.18,76.35,76.669,B
S4982,Omar,Davis,student4982@univ.edu,Male,24,Business,92.26,97.02,87.79,84.95,86.75,54.9,82.86,87.415,A
S4983,Liam,Brown,student4983@univ.edu,Female,20,Mathematics,91.1,93.72,69.6,64.11,69.09,93.89,45.04,74.458,B
S4984,Sara,Johnson,student4984@univ.edu,Female,23,CS,64.75,71.24,91.94,76.15,96.75,47.91,60.36,77.834,B
S4985,Omar,Davis,student4985@univ.edu,Male,25,Mathematics,78.65,60.66,68.53,99.04,83.85,95.47,49.97,73.567,B
S4986,Ahmed,Davis,student4986@univ.edu,Female,25,Engineering,92.33,55.95,91.65,61.93,50.41,88.95,90.93,75.789,B
S4987,Sara,Williams,student4987@univ.edu,Male,18,CS,85.55,48.12,76.83,82.53,54.49,52.04,56.65,67.324,C
S4988,Liam,Smith,student4988@univ.edu,Male,20,Mathematics,65.53,64.65,65.4,80.0,82.22,70.57,67.6,69.614,C
S4989,Ahmed,Johnson,student4989@univ.edu,Female,25,Engineering,91.78,61.33,92.63,66.37,74.59,63.45,96.96,79.516,B
S4990,Omar,Davis,student4990@univ.edu,Male,24,Engineering,95.59,93.82,77.53,59.7,52.01,82.79,86.85,78.562,B
S4991,Maria,Johnson,student4991@univ.edu,Male,24,Business,64.02,90.44,63.16,68.82,51.25,62.0,99.73,71.959,B
S4992,Maria,Davis,student4992@univ.edu,Male,24,Engineering,86.64,95.05,80.14,87.05,95.34,79.86,81.01,86.401,A
S4993,Ahmed,Smith,student4993@univ.edu,Female,22,CS,92.61,48.2,59.28,77.06,93.46,98.64,95.21,72.043,B
S4994,Sara,Davis,student4994@univ.edu,Male,24,Business,51.99,81.03,85.24,55.13,77.56,62.84,69.47,73.092,B
S4995,Ahmed,Jones,student4995@univ.edu,Female,25,Engineering,69.29,54.36,65.34,88.09,54.4,83.92,65.61,66.814,C
S4996,Ali,Smith,student4996@univ.edu,Female,24,Engineering,57.56,88.83,74.93,60.63,59.24,43.4,49.61,68.151,C
S4997,Liam,Brown,student4997@univ.edu,Female,21,CS,85.35,83.18,81.5,73.03,72.02,56.92,48.5,75.474,B
S4998,John,Brown,student4998@univ.edu,Male,21,Mathematics,52.76,78.03,53.19,78.24,71.18,72.74,43.09,63.639,C
S4999,Ahmed,Brown,student4999@univ.edu,Female,24,Mathematics,63.12,87.62,71.22,99.93,52.36,80.59,88.98,78.355,B
S5000,Sara,Johnson,student5000@univ.edu,Male,19,CS,60.48,44.53,48.05,85.95,54.67,98.65,61.57,58.818,D
S5001,Ali,Davis,student5001@univ.edu,Female,24,CS,91.14,56.18,74.87,66.05,62.97,97.49,87.88,72.678,B
S5002,John,Jones,student5002@univ.edu,Male,23,CS,96.86,78.4,77.56,65.98,86.78,77.8,54.18,76.517,B
S5003,Ahmed,Johnson,student5003@univ.edu,Female,21,CS,96.54,47.38,87.67,87.88,52.65,95.83,82.53,76.922,B
S5004,Liam,Davis,student5004@univ.edu,Male,20,CS,94.08,82.07,74.55,87.03,58.0,83.63,56.51,76.874,B
S5005,Omar,Jones,student5005@univ.edu,Male,18,Engineering,71.58,73.06,75.84,57.38,53.92,85.96,95.65,72.384,B
S5006,Sara,Jones,student5006@univ.edu,Male,19,Engineering,86.38,84.15,66.0,55.12,86.98,59.41,71.28,72.332,B
S5007,Liam,Smith,student5007@univ.edu,Male,24,Business,94.73,45.43,40.65,91.19,81.92,84.72,75.14,64.374,C
S5008,Ali,Jones,student5008@univ.edu,Male,21,Engineering,85.7,64.72,60.08,60.3,66.08,80.68,49.0,64.125,C
S5009,Emma,Williams,student5009@univ.edu,Male,24,CS,73.3,57.43,56.89,75.53,59.75,56.45,80.98,64.108,C
S5010,Ali,Brown,student5010@univ.edu,Female,24,Mathematics,72.85,56.47,50.0,62.02,91.54,56.79,75.68,62.444,C
S5011,Liam,Davis,student5011@univ.edu,Female,21,CS,93.07,90.76,81.65,96.33,58.42,98.01,86.56,85.802,A
S5012,Sara,Johnson,student5012@univ.edu,Female,24,Business,81.35,96.67,50.15,70.64,83.8,77.64,76.67,73.039,B
S5013,Emma,Johnson,student5013@univ.edu,Female,23,Mathematics,82.25,67.84,96.06,64.97,98.78,66.88,68.05,80.383,B
S5014,Ali,Davis,student5014@univ.edu,Male,25,Mathematics,79.76,96.74,88.35,65.59,72.69,76.08,91.8,83.921,B
S5015,Ahmed,Johnson,student5015@univ.edu,Female,19,Engineering,58.5,68.27,81.36,74.29,54.37,56.94,59.8,69.32,C
S5016,Liam,Davis,student5016@univ.edu,Female,21,Mathematics,87.04,95.23,41.56,73.12,56.54,78.03,72.52,67.993,C
S5017,Emma,Johnson,student5017@univ.edu,Male,22,CS,94.64,85.54,83.07,94.71,50.06,67.27,70.89,81.158,B
S5018,Ahmed,Davis,student5018@univ.edu,Male,18,Engineering,62.29,90.61,93.87,74.41,64.27,61.91,79.79,81.175,B
S5019,Ahmed,Davis,student5019@univ.edu,Female,21,Mathematics,61.43,84.33,92.49,56.06,82.61,70.21,56.76,76.612,B
S5020,John,Jones,student5020@univ.edu,Female,21,Engineering,52.0,72.23,68.8,51.43,86.01,90.32,95.38,70.656,B
S5021,John,Davis,student5021@univ.edu,Male,18,CS,84.6,79.18,54.03,53.43,86.12,51.66,76.21,67.335,C
S5022,John,Davis,student5022@univ.edu,Female,23,Business,93.02,63.46,56.45,93.6,68.22,92.62,59.16,70.338,B
S5023,Ahmed,Williams,student5023@univ.edu,Female,24,Mathematics,59.16,85.49,97.9,96.01,56.76,66.86,72.86,83.091,B
S5024,Maria,Davis,student5024@univ.edu,Female,20,Business,90.8,95.12,99.77,54.08,60.58,42.49,57.93,80.122,B
S5025,Liam,Smith,student5025@univ.edu,Male,20,Business,63.59,89.49,57.63,78.23,94.5,61.24,83.94,74.187,B
S5026,Sara,Johnson,student5026@univ.edu,Male,22,CS,71.06,44.95,70.79,78.49,59.43,86.79,53.89,64.778,C
S5027,John,Smith,student5027@univ.edu,Male,23,Business,56.68,95.72,76.39,59.05,62.05,92.5,55.07,72.924,B
S5028,Ahmed,Johnson,student5028@univ.edu,Male,25,Business,93.82,61.52,79.82,80.43,50.79,45.08,67.05,71.734,B
S5029,Liam,Davis,student5029@univ.edu,Female,21,Engineering,94.28,79.74,71.54,98.39,61.36,50.35,68.63,77.113,B
S5030,Ahmed,Johnson,student5030@univ.edu,Male,21,CS,84.26,91.58,57.07,83.5,63.33,56.97,77.5,73.319,B
S5031,Omar,Johnson,student5031@univ.edu,Female,24,Business,53.22,41.68,94.19,87.75,75.76,72.39,56.99,71.972,B
S5032,Omar,Smith,student5032@univ.edu,Male,19,CS,64.91,90.04,46.54,62.97,85.92,41.79,60.22,64.61,C
S5033,John,Smith,student5033@univ.edu,Female,22,Business,57.92,67.71,56.03,54.35,54.4,84.23,73.05,61.252,C
S5034,John,Brown,student5034@univ.edu,Male,18,Engineering,52.39,86.12,98.91,52.62,77.18,91.86,63.78,78.718,B
S5035,Maria,Davis,student5035@univ.edu,Male,19,CS,61.23,49.43,89.31,96.34,54.28,69.46,53.48,71.502,B
S5036,Ali,Brown,student5036@univ.edu,Female,23,Mathematics,69.47,68.74,97.69,84.34,93.05,98.13,94.82,86.346,A
S5037,Emma,Brown,student5037@univ.edu,Male,24,CS,65.88,62.4,91.06,92.87,64.22,92.78,51.66,76.543,B
S5038,Sara,Davis,student5038@univ.edu,Female,20,CS,95.13,77.86,53.43,79.85,88.83,47.42,86.77,73.023,B
S5039,Omar,Jones,student5039@univ.edu,Male,21,Mathematics,56.11,77.09,52.65,53.08,80.28,83.76,48.9,61.892,C
S5040,Ahmed,Jones,student5040@univ.edu,Female,21,Business,57.68,51.5,91.67,58.61,64.39,42.56,89.29,69.856,C
S5041,Ali,Johnson,student5041@univ.edu,Male,23,Mathematics,65.33,70.07,80.61,66.0,82.22,60.08,57.34,71.59,B
S5042,Ahmed,Johnson,student5042@univ.edu,Female,25,Business,82.67,65.02,66.19,55.95,77.81,78.18,81.21,69.331,C
S5043,Sara,Smith,student5043@univ.edu,Female,25,Business,75.94,83.02,93.95,64.11,68.29,69.84,54.21,77.742,B
S5044,Ahmed,Jones,student5044@univ.edu,Female,20,Engineering,66.83,63.06,74.45,80.09,66.03,65.72,82.62,71.794,B
S5045,Ali,Smith,student5045@univ.edu,Male,18,CS,80.19,82.32,72.53,94.83,51.4,48.3,60.99,74.121,B
S5046,Liam,Davis,student5046@univ.edu,Female,23,Mathematics,66.96,49.45,42.79,98.2,83.07,89.06,76.7,64.583,C
S5047,Ali,Williams,student5047@univ.edu,Female,18,Mathematics,99.43,60.94,90.81,95.47,62.07,93.42,66.86,81.258,B
S5048,John,Davis,student5048@univ.edu,Female,23,Business,54.61,64.69,60.38,66.87,90.93,80.31,69.6,66.612,C
S5049,John,Johnson,student5049@univ.edu,Male,24,Engineering,64.43,41.32,49.18,67.08,64.6,80.2,96.55,59.648,D
S5050,Liam,Jones,student5050@univ.edu,Male,23,CS,73.57,83.45,44.58,77.15,87.21,85.62,58.78,67.874,C
S5051,Emma,Brown,student5051@univ.edu,Male,25,CS,78.58,80.05,77.89,84.29,85.13,71.45,80.02,79.966,B
S5052,John,Smith,student5052@univ.edu,Female,25,CS,67.55,89.44,69.11,94.3,86.33,81.13,83.87,80.597,B
S5053,Emma,Jones,student5053@univ.edu,Female,20,Engineering,75.65,66.71,45.65,85.6,62.47,91.64,87.89,67.06,C
S5054,Emma,Johnson,student5054@univ.edu,Female,21,Engineering,91.77,47.84,53.27,52.77,74.55,73.25,97.57,63.516,C
S5055,Ahmed,Johnson,student5055@univ.edu,Male,22,Business,85.09,78.32,72.48,94.44,86.56,62.29,41.66,76.02,B
S5056,Ahmed,Johnson,student5056@univ.edu,Female,18,CS,99.66,58.46,99.03,51.78,92.45,45.15,68.25,77.462,B
S5057,Sara,Johnson,student5057@univ.edu,Male,19,Mathematics,55.16,93.59,70.2,85.78,71.24,53.91,65.79,74.559,B
S5058,Omar,Williams,student5058@univ.edu,Female,19,Business,79.91,70.17,98.23,88.58,88.92,53.53,43.04,80.654,B
S5059,Sara,Williams,student5059@univ.edu,Female,24,Business,84.66,58.45,74.04,54.74,79.59,77.24,76.09,70.009,B
S5060,John,Brown,student5060@univ.edu,Male,20,Mathematics,92.33,50.98,85.95,78.22,65.4,87.08,45.7,72.411,B
S5061,Maria,Johnson,student5061@univ.edu,Male,22,Business,72.05,41.06,75.49,84.02,83.47,82.56,74.39,70.581,B
S5062,Ali,Jones,student5062@univ.edu,Male,24,Engineering,80.25,77.67,98.61,96.64,96.59,49.89,90.57,88.849,A
S5063,Maria,Jones,student5063@univ.edu,Male,23,Engineering,81.27,42.33,70.19,62.25,93.42,48.77,63.69,65.137,C
S5064,Ali,Davis,student5064@univ.edu,Female,20,CS,68.76,42.73,85.41,74.78,62.32,89.27,85.27,71.484,B
S5065,Maria,Williams,student5065@univ.edu,Female,19,Mathematics,85.64,97.13,85.3,96.92,64.43,44.05,58.48,82.611,B
S5066,John,Smith,student5066@univ.edu,Male,21,Engineering,66.99,53.27,90.85,53.0,86.12,43.08,83.89,71.713,B
S5067,Omar,Johnson,student5067@univ.edu,Male,20,CS,53.6,80.4,56.48,58.46,50.81,66.46,72.95,62.852,C
S5068,Omar,Brown,student5068@univ.edu,Male,24,Mathematics,88.35,40.39,90.29,63.09,70.66,59.86,40.5,67.573,C
S5069,Sara,Brown,student5069@univ.edu,Male,23,Engineering,78.76,42.79,51.1,70.36,74.45,67.47,67.94,59.931,D
S5070,John,Johnson,student5070@univ.edu,Male,18,Engineering,64.07,76.06,75.65,50.64,54.18,46.54,82.95,67.95,C
S5071,Omar,Williams,student5071@univ.edu,Female,21,CS,52.96,83.56,59.51,54.33,98.95,98.17,98.56,72.67,B
S5072,Omar,Brown,student5072@univ.edu,Male,23,Engineering,78.42,79.98,86.19,77.47,73.82,44.01,71.59,78.057,B
S5073,John,Davis,student5073@univ.edu,Female,19,Business,98.8,65.04,52.57,80.62,66.89,60.39,54.22,65.883,C
S5074,Ali,Johnson,student5074@univ.edu,Male,23,Business,65.41,93.99,77.85,52.44,54.69,83.78,46.92,70.91,B
S5075,Ahmed,Jones,student5075@univ.edu,Female,21,Business,80.51,66.54,61.61,52.54,75.66,66.13,96.44,68.24,C
S5076,Maria,Jones,student5076@univ.edu,Male,22,Business,76.77,95.28,71.6,50.27,68.99,97.15,62.54,73.764,B
S5077,John,Jones,student5077@univ.edu,Female,23,Mathematics,60.36,49.27,63.06,80.8,53.11,79.72,64.66,62.691,C
S5078,Ali,Williams,student5078@univ.edu,Male,21,Mathematics,89.68,72.52,64.58,87.33,91.14,60.08,73.48,75.412,B
S5079,Ali,Brown,student5079@univ.edu,Male,19,Mathematics,51.22,69.89,60.41,62.42,95.84,46.28,96.85,68.169,C
S5080,John,Davis,student5080@univ.edu,Female,20,Engineering,92.83,66.61,89.35,66.04,94.87,75.46,64.91,79.067,B
S5081,Ali,Davis,student5081@univ.edu,Female,22,Business,88.28,61.01,96.98,90.64,83.89,47.91,78.85,82.389,B
S5082,Sara,Williams,student5082@univ.edu,Female,22,Business,63.24,60.05,78.25,99.55,75.86,74.54,91.0,77.154,B
S5083,Omar,Smith,student5083@univ.edu,Female,24,Mathematics,90.28,85.93,83.94,97.69,82.06,98.65,97.25,88.913,A
S5084,Ali,Jones,student5084@univ.edu,Female,23,Mathematics,56.49,73.52,98.12,69.66,51.39,52.22,87.18,76.706,B
S5085,Liam,Brown,student5085@univ.edu,Female,22,Mathematics,75.72,45.74,72.63,67.81,82.63,48.66,50.39,64.415,C
S5086,Ali,Smith,student5086@univ.edu,Male,24,Mathematics,89.15,43.48,67.58,77.51,58.89,69.99,82.65,67.165,C
S5087,Omar,Davis,student5087@univ.edu,Male,23,CS,89.19,97.24,56.93,68.55,85.29,47.68,78.73,74.514,B
S5088,Liam,Brown,student5088@univ.edu,Female,21,Engineering,61.24,70.39,62.06,71.05,87.92,61.51,42.6,65.605,C
S5089,Sara,Brown,student5089@univ.edu,Female,18,Business,67.11,56.93,46.11,98.9,60.29,40.54,52.19,60.04,C
S5090,Ali,Smith,student5090@univ.edu,Male,19,Engineering,60.28,67.74,58.08,64.92,68.44,63.84,77.13,64.487,C
S5091,Ali,Davis,student5091@univ.edu,Male,21,Mathematics,90.69,56.53,50.17,72.47,80.74,64.68,88.49,66.454,C
S5092,Maria,Smith,student5092@univ.edu,Male,20,CS,98.29,56.18,97.97,73.09,62.56,78.8,46.97,76.312,B
S5093,John,Smith,student5093@univ.edu,Male,18,Engineering,83.14,78.93,96.0,81.47,87.17,95.02,65.23,85.111,A
S5094,Liam,Smith,student5094@univ.edu,Female,24,Business,88.94,41.76,65.66,77.95,93.5,70.82,80.45,69.573,C
S5095,John,Johnson,student5095@univ.edu,Female,20,CS,90.82,64.46,64.35,62.29,61.02,57.69,77.71,67.38,C
S5096,Ali,Williams,student5096@univ.edu,Female,18,Business,99.51,63.09,40.52,67.44,89.61,44.68,59.18,61.954,C
S5097,John,Williams,student5097@univ.edu,Male,23,Engineering,69.75,92.48,98.68,63.16,50.4,80.95,63.02,79.939,B
S5098,Ali,Jones,student5098@univ.edu,Female,19,Mathematics,81.36,90.76,74.96,84.24,71.44,87.36,89.27,81.851,B
S5099,Ali,Johnson,student5099@univ.edu,Male,24,Mathematics,58.97,98.58,85.93,86.91,67.6,63.68,93.78,83.751,B
S5100,Sara,Brown,student5100@univ.edu,Female,25,Engineering,86.62,56.37,74.36,57.46,83.63,74.92,40.56,67.028,C
S5101,Emma,Williams,student5101@univ.edu,Female,24,Business,67.32,42.35,57.82,66.52,54.49,80.88,95.02,61.521,C
S5102,Ahmed,Brown,student5102@univ.edu,Male,20,Mathematics,74.95,42.49,64.31,86.32,96.21,66.89,96.68,70.868,B
S5103,Ahmed,Jones,student5103@univ.edu,Female,22,Engineering,51.68,76.75,71.15,95.56,62.31,69.54,91.54,75.059,B
S5104,Sara,Jones,student5104@univ.edu,Male,20,Engineering,79.48,98.62,90.24,74.18,64.65,45.49,78.23,82.434,B
S5105,Ahmed,Johnson,student5105@univ.edu,Female,25,Business,69.46,98.55,52.68,67.89,99.83,58.17,40.75,69.61,C
S5106,Ahmed,Brown,student5106@univ.edu,Male,20,Mathematics,56.04,62.72,55.81,91.15,53.77,86.4,90.8,67.341,C
S5107,Ali,Johnson,student5107@univ.edu,Male,18,Engineering,81.44,69.13,67.31,62.91,73.04,83.02,87.45,71.799,B
S5108,Liam,Smith,student5108@univ.edu,Male,22,Engineering,64.56,40.01,60.36,75.92,67.21,53.76,97.98,63.161,C
S5109,Ali,Smith,student5109@univ.edu,Female,20,Engineering,62.2,89.23,91.45,54.25,88.55,91.34,43.59,77.42,B
S5110,John,Johnson,student5110@univ.edu,Female,23,Engineering,50.54,96.55,53.58,82.01,57.04,57.64,50.21,66.347,C
S5111,Omar,Smith,student5111@univ.edu,Female,21,Business,83.67,92.58,41.92,92.84,97.42,61.04,90.33,75.212,B
S5112,Ali,Johnson,student5112@univ.edu,Female,19,CS,61.3,51.99,40.5,70.73,79.57,96.32,71.81,59.242,D
S5113,Ahmed,Jones,student5113@univ.edu,Female,25,Engineering,72.32,45.88,79.4,70.75,95.35,72.74,69.76,70.989,B
S5114,Maria,Smith,student5114@univ.edu,Male,23,Mathematics,94.62,89.59,58.22,50.06,61.56,66.37,99.9,71.82,B
S5115,Liam,Davis,student5115@univ.edu,Male,23,Business,54.27,52.47,81.64,90.66,78.58,43.29,90.91,73.125,B
S5116,Ali,Jones,student5116@univ.edu,Female,20,Business,86.8,47.8,49.4,68.36,55.15,63.2,65.27,58.516,D
S5117,Ahmed,Johnson,student5117@univ.edu,Male,24,CS,81.24,49.08,62.91,81.76,98.25,93.69,85.75,72.162,B
S5118,Ahmed,Davis,student5118@univ.edu,Male,25,Business,73.77,88.41,82.38,84.03,61.52,87.61,53.12,78.222,B
S5119,Omar,Johnson,student5119@univ.edu,Male,25,Business,68.93,63.15,40.99,67.95,65.82,49.0,60.89,57.134,D
S5120,Emma,Smith,student5120@univ.edu,Male,19,Mathematics,52.0,55.67,92.41,98.34,68.8,42.74,97.72,77.597,B
S5121,Maria,Jones,student5121@univ.edu,Male,19,Business,70.83,68.74,76.78,74.26,66.05,90.32,74.48,73.573,B
S5122,Sara,Johnson,student5122@univ.edu,Male,24,Business,95.57,57.65,45.77,68.94,79.84,92.4,83.9,66.153,C
S5123,John,Davis,student5123@univ.edu,Female,21,CS,70.71,93.35,55.87,64.07,51.24,75.38,92.83,70.288,B
S5124,John,Johnson,student5124@univ.edu,Female,22,Mathematics,58.78,84.1,88.72,80.33,83.92,66.11,42.72,77.333,B
S5125,Omar,Brown,student5125@univ.edu,Male,20,Engineering,63.36,60.63,66.83,76.94,93.24,81.16,61.93,69.627,C
S5126,Emma,Johnson,student5126@univ.edu,Male,23,CS,67.68,79.97,53.32,68.13,66.53,97.23,74.44,67.936,C
S5127,Ahmed,Williams,student5127@univ.edu,Male,18,CS,76.01,90.54,48.19,85.03,75.13,87.92,49.25,69.754,C
S5128,Omar,Johnson,student5128@univ.edu,Female,23,Mathematics,73.77,89.14,49.04,98.2,72.03,94.71,49.63,71.549,B
S5129,John,Brown,student5129@univ.edu,Female,20,Business,82.94,92.48,53.63,74.76,82.7,55.53,59.04,71.044,B
S5130,John,Brown,student5130@univ.edu,Female,24,Business,85.24,83.61,51.52,70.53,65.44,50.87,94.08,69.777,C
S5131,Ali,Davis,student5131@univ.edu,Female,23,Engineering,84.21,75.57,76.46,58.97,70.36,99.73,74.45,74.786,B
S5132,Omar,Jones,student5132@univ.edu,Female,23,Business,58.41,70.05,46.67,71.25,79.51,85.95,66.15,63.403,C
S5133,Sara,Johnson,student5133@univ.edu,Male,18,Business,52.96,86.41,95.39,91.11,85.99,88.93,55.01,83.408,B
S5134,Sara,Jones,student5134@univ.edu,Female,21,Business,83.17,56.88,75.64,67.28,86.96,42.12,47.62,68.041,C
S5135,Omar,Jones,student5135@univ.edu,Female,20,Business,84.48,40.41,96.02,52.81,59.77,90.8,43.08,68.082,C
S5136,Ali,Johnson,student5136@univ.edu,Female,22,CS,77.63,72.53,75.89,54.06,65.99,44.57,45.44,66.516,C
S5137,Ali,Jones,student5137@univ.edu,Male,18,Engineering,52.45,77.19,41.2,79.65,72.45,60.45,68.59,62.117,C
S5138,Omar,Davis,student5138@univ.edu,Female,24,CS,99.18,96.21,82.87,91.75,69.39,92.5,70.96,86.444,A
S5139,Liam,Johnson,student5139@univ.edu,Male,25,Business,92.99,45.51,53.33,72.19,60.3,82.45,95.74,64.955,C
S5140,John,Williams,student5140@univ.edu,Male,20,Mathematics,89.32,55.43,41.93,97.47,50.84,80.81,64.14,62.756,C
S5141,Sara,Davis,student5141@univ.edu,Male,22,Mathematics,93.81,48.12,86.71,89.13,99.9,70.82,95.71,81.489,B
S5142,Maria,Johnson,student5142@univ.edu,Male,20,Business,55.91,49.58,80.38,80.82,70.52,98.54,87.1,72.433,B
S5143,Ali,Davis,student5143@univ.edu,Female,24,Mathematics,51.34,75.33,95.87,53.48,54.76,41.56,64.54,70.991,B
S5144,Liam,Johnson,student5144@univ.edu,Female,25,Engineering,71.26,93.05,99.54,77.27,66.88,54.98,82.63,84.889,B
S5145,Ahmed,Brown,student5145@univ.edu,Female,25,Mathematics,96.21,80.7,74.18,90.97,98.85,42.82,93.23,83.01,B
S5146,Liam,Johnson,student5146@univ.edu,Female,19,CS,61.14,57.26,86.45,67.88,79.62,92.92,55.68,71.859,B
S5147,Ahmed,Smith,student5147@univ.edu,Female,21,Engineering,70.94,69.2,79.53,50.66,78.07,40.81,57.23,67.963,C
S5148,Sara,Davis,student5148@univ.edu,Male,18,Business,59.33,54.9,43.38,93.89,95.88,92.8,74.88,65.727,C
S5149,Ali,Brown,student5149@univ.edu,Female,24,Mathematics,83.44,49.24,40.68,70.19,99.51,77.79,52.51,60.016,C
S5150,Ali,Smith,student5150@univ.edu,Male,20,Business,80.32,81.44,87.95,67.34,95.31,46.06,56.38,78.278,B
S5151,John,Davis,student5151@univ.edu,Male,24,Engineering,68.37,96.05,69.05,86.53,74.76,95.66,84.35,80.436,B
S5152,Sara,Williams,student5152@univ.edu,Male,18,Mathematics,81.4,99.14,72.68,53.14,50.48,40.92,44.4,69.277,C
S5153,Sara,Johnson,student5153@univ.edu,Female,19,Business,63.26,57.1,55.35,57.59,72.42,77.57,50.08,59.118,D
S5154,Liam,Williams,student5154@univ.edu,Female,20,Business,82.33,66.92,45.99,63.62,92.36,64.36,57.95,63.206,C
S5155,John,Williams,student5155@univ.edu,Male,19,Business,84.82,67.27,99.72,73.61,81.0,62.13,65.86,80.686,B
S5156,Liam,Brown,student5156@univ.edu,Female,18,Mathematics,88.76,78.06,64.51,95.63,90.83,83.85,43.11,75.772,B
S5157,Sara,Brown,student5157@univ.edu,Female,21,Mathematics,61.7,53.83,64.71,93.49,91.5,69.66,87.87,71.792,B
S5158,Liam,Smith,student5158@univ.edu,Female,24,Mathematics,80.6,43.08,44.76,65.11,62.36,44.85,57.83,54.132,D
S5159,Ali,Smith,student5159@univ.edu,Male,23,Mathematics,87.59,75.66,42.1,55.6,52.03,41.2,59.58,58.082,D
S5160,Ali,Johnson,student5160@univ.edu,Male,20,Business,72.83,60.24,41.29,70.27,81.56,97.07,42.93,59.561,D
S5161,John,Smith,student5161@univ.edu,Female,24,Business,80.34,81.43,78.16,96.3,84.66,82.57,97.58,84.566,B
S5162,Ahmed,Jones,student5162@univ.edu,Male,25,Engineering,96.88,50.66,97.72,62.55,81.77,93.38,84.5,79.814,B
S5163,Omar,Smith,student5163@univ.edu,Male,25,Engineering,62.91,65.28,80.48,65.43,60.07,85.94,95.28,73.138,B
S5164,Maria,Smith,student5164@univ.edu,Male,20,Mathematics,87.51,55.31,58.11,63.55,93.8,54.39,50.1,63.888,C
S5165,Omar,Jones,student5165@univ.edu,Female,19,Engineering,51.66,59.58,82.74,75.65,65.11,49.25,52.87,67.512,C
S5166,John,Jones,student5166@univ.edu,Male,23,Mathematics,50.85,81.5,58.59,64.97,75.23,88.53,71.03,67.76,C
S5167,Omar,Johnson,student5167@univ.edu,Male,18,Engineering,98.53,93.81,71.01,69.36,89.99,58.18,73.47,79.577,B
S5168,Ahmed,Johnson,student5168@univ.edu,Male,21,Business,88.74,68.01,90.24,84.52,62.49,57.29,52.18,76.558,B
S5169,Maria,Williams,student5169@univ.edu,Female,21,Business,87.07,69.98,55.38,81.84,82.84,67.71,87.69,72.032,B
S5170,Omar,Brown,student5170@univ.edu,Female,22,CS,53.48,70.78,79.14,63.12,78.5,84.89,51.69,69.977,C
S5171,Ali,Johnson,student5171@univ.edu,Female,23,CS,68.04,92.34,59.29,63.37,66.86,58.78,61.59,68.349,C
S5172,Ahmed,Jones,student5172@univ.edu,Male,20,Engineering,57.97,43.49,44.96,62.3,87.17,50.18,48.44,53.398,D
S5173,Liam,Smith,student5173@univ.edu,Male,20,Mathematics,60.01,51.71,99.82,78.17,51.05,85.58,59.34,73.332,B
S5174,Emma,Williams,student5174@univ.edu,Female,19,CS,56.13,88.88,41.33,84.8,82.85,96.48,56.86,67.303,C
S5175,Emma,Smith,student5175@univ.edu,Female,23,Mathematics,74.51,43.03,99.77,96.63,52.6,77.92,93.25,78.964,B
S5176,Omar,Davis,student5176@univ.edu,Male,24,CS,60.15,77.45,61.59,85.94,93.0,75.04,70.9,73.015,B
S5177,John,Smith,student5177@univ.edu,Female,21,Engineering,61.71,97.86,54.46,87.11,92.05,74.62,73.18,75.401,B
S5178,Maria,Williams,student5178@univ.edu,Male,22,CS,51.76,50.16,53.75,92.87,70.75,51.39,49.68,59.876,D
S5179,Ali,Williams,student5179@univ.edu,Female,22,Engineering,55.7,78.13,99.21,73.33,53.99,88.26,51.57,76.927,B
S5180,Ali,Brown,student5180@univ.edu,Female,18,Mathematics,82.55,41.73,42.78,81.8,61.53,87.67,85.92,60.833,C
S5181,Liam,Davis,student5181@univ.edu,Female,18,Business,85.78,97.58,87.79,70.4,57.92,47.21,73.95,80.538,B
S5182,Sara,Jones,student5182@univ.edu,Female,18,Business,50.63,55.99,97.92,62.13,80.07,40.3,78.44,72.822,B
S5183,Ali,Jones,student5183@univ.edu,Male,25,Engineering,89.35,50.22,78.42,94.67,86.03,99.16,82.16,78.482,B
S5184,Liam,Williams,student5184@univ.edu,Male,24,Engineering,67.57,99.38,97.66,81.53,72.78,79.48,74.61,86.874,A
S5185,Ahmed,Smith,student5185@univ.edu,Female,24,Business,89.37,96.46,81.48,87.47,63.05,66.83,58.78,81.318,B
S5186,Maria,Davis,student5186@univ.edu,Female,25,Mathematics,68.3,91.14,99.67,85.17,50.79,89.14,81.85,85.456,A
S5187,Sara,Davis,student5187@univ.edu,Male,24,CS,60.89,42.54,58.18,82.35,81.83,44.66,88.5,63.669,C
S5188,Emma,Brown,student5188@univ.edu,Female,22,CS,77.5,43.81,81.28,57.28,71.8,72.55,43.13,64.608,C
S5189,Sara,Johnson,student5189@univ.edu,Male,22,Mathematics,51.68,48.47,89.92,96.66,88.08,58.36,99.3,77.993,B
S5190,Ali,Williams,student5190@univ.edu,Male,22,Mathematics,94.61,93.09,70.39,67.22,74.84,61.23,83.75,78.199,B
S5191,Ahmed,Brown,student5191@univ.edu,Female,18,CS,53.73,62.13,58.72,80.17,69.52,85.13,60.39,64.688,C
S5192,Liam,Brown,student5192@univ.edu,Female,24,Mathematics,83.67,52.73,79.81,62.22,54.28,58.5,52.12,65.754,C
S5193,Ahmed,Johnson,student5193@univ.edu,Female,19,Engineering,96.44,59.71,75.89,82.34,92.13,67.28,97.77,79.058,B
S5194,Sara,Johnson,student5194@univ.edu,Male,18,Business,81.88,46.42,66.11,82.19,92.23,84.63,84.69,71.557,B
S5195,Ahmed,Davis,student5195@univ.edu,Male,21,CS,77.54,55.57,69.94,53.51,74.02,56.9,53.3,63.453,C
S5196,John,Williams,student5196@univ.edu,Female,25,CS,96.94,90.44,83.09,80.95,82.47,44.32,64.34,81.748,B
S5197,Ali,Smith,student5197@univ.edu,Female,21,Business,57.45,91.38,75.14,81.33,83.24,50.17,91.23,78.718,B
S5198,John,Jones,student5198@univ.edu,Female,24,CS,78.07,94.2,67.33,66.09,67.35,45.03,99.63,75.709,B
S5199,John,Johnson,student5199@univ.edu,Male,24,CS,75.16,49.25,82.51,62.42,90.59,88.07,63.24,71.268,B
S5200,Ali,Jones,student5200@univ.edu,Female,22,CS,59.74,91.69,46.34,56.82,55.3,79.99,76.28,63.894,C
S5201,Ahmed,Davis,student5201@univ.edu,Male,24,Business,94.63,55.23,80.72,53.01,95.73,64.92,77.43,73.238,B
S5202,Maria,Brown,student5202@univ.edu,Male,22,Engineering,65.84,63.8,78.28,71.05,75.46,56.71,43.27,68.194,C
S5203,Omar,Smith,student5203@univ.edu,Male,22,Business,60.3,77.19,51.43,71.74,53.91,86.26,98.66,67.228,C
S5204,Omar,Smith,student5204@univ.edu,Female,22,CS,78.86,59.71,46.18,53.67,76.9,52.39,61.61,58.203,D
S5205,Omar,Brown,student5205@univ.edu,Female,23,Engineering,75.55,46.76,40.2,96.73,79.02,63.28,75.78,62.121,C
S5206,Omar,Williams,student5206@univ.edu,Female,19,Mathematics,97.83,59.49,80.58,75.55,64.7,41.55,49.28,70.663,B
S5207,Emma,Brown,student5207@univ.edu,Male,24,Mathematics,76.11,98.13,54.61,65.14,70.87,69.59,45.23,68.481,C
S5208,Maria,Smith,student5208@univ.edu,Female,19,Engineering,90.36,83.05,65.41,61.78,84.85,84.58,58.78,73.128,B
S5209,Ahmed,Johnson,student5209@univ.edu,Male,25,Mathematics,92.44,62.74,87.51,77.84,97.98,96.55,63.48,80.695,B
S5210,Emma,Williams,student5210@univ.edu,Female,24,Business,99.52,44.6,60.89,73.81,71.67,66.54,43.04,63.008,C
S5211,Omar,Davis,student5211@univ.edu,Female,19,Engineering,92.31,97.67,72.74,69.87,82.22,40.59,89.36,80.255,B
S5212,Maria,Williams,student5212@univ.edu,Female,22,Business,70.23,98.99,50.43,99.73,86.84,80.85,66.54,76.29,B
S5213,Emma,Jones,student5213@univ.edu,Male,23,CS,66.93,84.42,71.79,82.5,62.3,69.0,56.24,72.793,B
S5214,John,Davis,student5214@univ.edu,Female,21,CS,79.35,40.67,69.25,80.31,62.79,45.47,85.7,66.013,C
S5215,Sara,Smith,student5215@univ.edu,Female,18,Engineering,57.21,49.48,43.05,85.17,87.15,64.85,75.11,60.776,C
S5216,Omar,Smith,student5216@univ.edu,Male,18,CS,97.4,45.21,48.26,54.67,56.25,63.63,82.52,58.519,D
S5217,Sara,Brown,student5217@univ.edu,Female,24,Business,65.04,90.16,91.83,79.46,51.63,85.16,73.33,80.758,B
S5218,Emma,Johnson,student5218@univ.edu,Female,18,Mathematics,95.78,56.02,63.62,82.83,62.12,89.63,80.24,71.01,B
S5219,Liam,Smith,student5219@univ.edu,Male,20,Mathematics,90.36,76.51,45.56,96.91,90.06,49.12,53.35,69.339,C
S5220,John,Johnson,student5220@univ.edu,Female,25,Engineering,82.58,85.17,63.66,77.41,52.64,97.62,61.63,72.309,B
S5221,Ahmed,Johnson,student5221@univ.edu,Female,22,CS,66.16,46.27,54.07,57.51,89.69,81.22,53.72,59.12,D
S5222,Omar,Brown,student5222@univ.edu,Male,21,Business,92.02,87.93,49.61,91.04,70.0,76.51,97.26,75.879,B
S5223,Ali,Jones,student5223@univ.edu,Female,23,Mathematics,53.02,97.46,98.61,82.7,56.54,82.15,68.71,83.414,B
S5224,John,Smith,student5224@univ.edu,Male,20,CS,55.84,68.76,83.5,90.45,69.65,47.12,76.5,74.925,B
S5225,Liam,Smith,student5225@univ.edu,Female,23,CS,77.14,52.47,78.89,98.52,83.38,42.81,64.89,73.621,B
S5226,Maria,Davis,student5226@univ.edu,Female,25,Business,79.75,51.83,92.13,94.26,77.97,53.66,61.15,76.714,B
S5227,Ahmed,Brown,student5227@univ.edu,Male,24,CS,67.74,85.99,59.09,61.56,95.49,61.53,70.93,70.651,B
S5228,Sara,Davis,student5228@univ.edu,Male,18,CS,81.93,49.84,54.59,98.06,91.43,83.15,71.17,69.665,C
S5229,Ahmed,Williams,student5229@univ.edu,Female,24,Business,80.3,78.12,86.09,98.42,94.59,88.99,75.73,85.726,A
S5230,Emma,Davis,student5230@univ.edu,Female,21,CS,80.01,45.96,85.38,73.14,92.79,71.46,40.62,70.692,B
S5231,Omar,Williams,student5231@univ.edu,Male,20,Mathematics,82.73,47.36,94.35,91.19,86.11,81.53,61.05,78.521,B
S5232,Liam,Brown,student5232@univ.edu,Female,22,Business,81.73,85.39,66.62,85.61,74.78,71.96,93.32,78.486,B
S5233,Sara,Williams,student5233@univ.edu,Female,22,Business,98.74,88.7,60.97,57.32,51.82,96.78,97.26,74.25,B
S5234,Maria,Brown,student5234@univ.edu,Female,18,Business,75.46,76.22,71.99,93.9,74.6,68.94,92.34,78.613,B
S5235,Sara,Brown,student5235@univ.edu,Male,21,CS,74.08,41.19,70.49,95.58,53.36,41.78,59.88,64.543,C
S5236,Maria,Jones,student5236@univ.edu,Male,24,Mathematics,84.69,66.72,46.44,71.43,75.17,69.01,84.03,65.83,C
S5237,Emma,Jones,student5237@univ.edu,Female,25,Engineering,82.72,67.25,97.56,93.69,75.95,80.99,50.89,81.777,B
S5238,Omar,Brown,student5238@univ.edu,Male,23,Business,95.86,84.47,55.93,54.92,50.61,97.69,59.2,67.362,C
S5239,John,Brown,student5239@univ.edu,Female,18,CS,66.5,41.66,75.75,57.06,58.37,42.11,80.07,62.215,C
S5240,Maria,Jones,student5240@univ.edu,Male,18,Engineering,72.83,61.11,46.49,89.44,77.8,98.27,71.69,66.731,C
S5241,Omar,Williams,student5241@univ.edu,Female,21,Business,52.62,86.19,79.86,63.38,76.89,92.91,73.71,75.67,B
S5242,Ali,Brown,student5242@univ.edu,Female,22,Engineering,95.37,48.6,68.42,94.53,71.36,89.92,66.44,72.239,B
S5243,Liam,Brown,student5243@univ.edu,Male,23,Business,56.81,50.61,46.04,65.37,74.06,82.45,46.84,55.633,D
S5244,Sara,Brown,student5244@univ.edu,Male,23,CS,78.96,64.12,53.06,97.43,55.42,90.74,62.14,67.546,C
S5245,Sara,Davis,student5245@univ.edu,Female,19,CS,82.63,85.5,89.8,63.78,71.5,89.03,60.88,79.559,B
S5246,Ahmed,Smith,student5246@univ.edu,Male,21,Mathematics,63.83,83.25,56.89,60.19,70.06,72.81,90.71,68.846,C
S5247,Ali,Brown,student5247@univ.edu,Female,20,Business,69.36,58.22,68.2,88.21,68.86,73.85,92.28,72.078,B
S5248,Maria,Smith,student5248@univ.edu,Female,21,Business,58.05,49.71,71.76,72.45,98.54,41.55,91.0,69.174,C
S5249,Ahmed,Brown,student5249@univ.edu,Male,23,Engineering,79.23,75.1,54.3,74.44,80.55,53.85,78.04,68.951,C
S5250,Sara,Williams,student5250@univ.edu,Male,21,Mathematics,66.95,72.42,45.02,87.02,88.39,88.65,81.43,69.153,C
S5251,Omar,Brown,student5251@univ.edu,Male,21,Business,55.93,63.44,72.27,89.2,82.7,47.77,65.32,70.532,B
S5252,Liam,Williams,student5252@univ.edu,Female,18,Business,69.92,68.93,96.24,98.55,93.79,63.0,45.92,81.554,B
S5253,Emma,Davis,student5253@univ.edu,Male,24,Engineering,63.91,46.67,43.85,91.83,54.08,77.2,41.81,56.103,D
S5254,John,Johnson,student5254@univ.edu,Female,18,Engineering,53.01,76.37,88.2,96.21,55.94,60.17,57.03,75.772,B
S5255,Liam,Johnson,student5255@univ.edu,Female,22,Mathematics,97.46,71.47,94.12,88.75,53.1,49.81,98.0,83.189,B
S5256,Sara,Jones,student5256@univ.edu,Male,24,Mathematics,74.89,85.52,74.04,54.14,76.1,62.77,71.78,72.852,B
S5257,Maria,Smith,student5257@univ.edu,Female,22,Business,98.6,80.9,80.22,87.24,96.19,53.66,99.5,85.444,A
S5258,Ali,Williams,student5258@univ.edu,Male,22,CS,55.62,53.24,96.25,67.02,69.59,50.74,67.59,71.393,B
S5259,Maria,Davis,student5259@univ.edu,Male,20,Engineering,88.96,51.48,80.83,87.95,65.16,91.03,80.07,75.708,B
S5260,Omar,Davis,student5260@univ.edu,Female,22,CS,65.1,66.26,50.42,90.41,75.27,88.04,41.45,64.523,C
S5261,Ahmed,Johnson,student5261@univ.edu,Male,21,Engineering,91.81,75.84,53.41,93.85,51.29,98.53,65.94,71.099,B
S5262,Sara,Brown,student5262@univ.edu,Female,22,Engineering,65.73,52.78,64.54,95.12,75.93,56.71,44.28,65.616,C
S5263,Ahmed,Williams,student5263@univ.edu,Male,19,Mathematics,65.7,54.0,42.84,68.73,85.54,81.71,99.67,63.138,C
S5264,Ahmed,Smith,student5264@univ.edu,Male,24,CS,85.04,95.75,85.88,73.13,62.74,43.96,83.64,81.224,B
S5265,Sara,Brown,student5265@univ.edu,Female,21,Engineering,96.44,96.03,75.2,91.31,66.53,97.79,91.03,85.752,A
S5266,Sara,Smith,student5266@univ.edu,Male,22,Business,91.84,65.29,85.5,94.33,65.53,86.82,81.16,81.051,B
S5267,Maria,Brown,student5267@univ.edu,Male,25,Business,61.51,82.95,60.79,89.71,87.4,49.69,75.28,73.187,B
S5268,Liam,Brown,student5268@univ.edu,Female,20,Business,76.19,71.93,72.98,68.19,98.39,83.01,68.59,74.976,B
S5269,Sara,Davis,student5269@univ.edu,Female,22,Mathematics,80.63,95.47,93.66,88.41,77.84,56.99,40.8,83.23,B
S5270,Omar,Smith,student5270@univ.edu,Male,21,Engineering,72.59,81.87,74.03,88.51,66.91,60.12,91.37,77.953,B
S5271,Sara,Williams,student5271@univ.edu,Female,20,Engineering,67.63,88.99,67.54,99.05,79.96,45.79,96.09,79.575,B
S5272,Liam,Williams,student5272@univ.edu,Male,21,Business,86.87,89.03,94.09,93.17,92.34,76.92,45.73,86.348,A
S5273,Emma,Smith,student5273@univ.edu,Male,23,Mathematics,73.71,92.44,50.17,64.94,66.34,85.55,57.56,67.319,C
S5274,Emma,Johnson,student5274@univ.edu,Female,18,CS,63.63,86.59,71.17,52.53,98.48,46.68,40.12,69.105,C
S5275,Ahmed,Brown,student5275@univ.edu,Female,20,CS,91.67,49.15,97.23,50.98,98.31,65.58,59.09,74.832,B
S5276,Emma,Smith,student5276@univ.edu,Female,19,Mathematics,74.76,74.3,42.08,89.91,86.73,54.85,93.1,69.172,C
S5277,Omar,Jones,student5277@univ.edu,Female,24,Mathematics,94.37,70.42,45.59,80.74,62.14,67.97,95.83,68.504,C
S5278,Maria,Smith,student5278@univ.edu,Female,18,CS,79.01,91.53,52.14,78.54,63.58,42.85,44.65,66.596,C
S5279,Omar,Jones,student5279@univ.edu,Female,24,Mathematics,86.54,47.22,58.25,66.92,86.16,93.24,61.9,65.079,C
S5280,Ali,Williams,student5280@univ.edu,Female,19,Business,77.57,81.13,69.05,95.62,77.83,71.72,59.5,76.36,B
S5281,John,Davis,student5281@univ.edu,Male,19,CS,95.26,61.27,83.3,82.95,85.72,48.54,73.39,77.55,B
S5282,Liam,Johnson,student5282@univ.edu,Male,23,Business,81.91,71.69,47.69,75.07,56.62,76.26,99.23,67.495,C
S5283,Maria,Johnson,student5283@univ.edu,Female,18,CS,78.49,69.67,47.55,98.96,99.1,48.14,76.08,70.817,B
S5284,Sara,Smith,student5284@univ.edu,Male,23,Mathematics,51.67,42.11,43.66,50.6,83.81,45.54,60.66,51.001,D
S5285,Maria,Williams,student5285@univ.edu,Male,25,Business,55.47,84.84,60.02,66.38,56.14,90.89,42.14,64.85,C
S5286,Emma,Jones,student5286@univ.edu,Female,23,CS,99.29,94.44,44.01,96.97,97.46,41.24,98.65,78.238,B
S5287,Ali,Smith,student5287@univ.edu,Female,19,CS,53.64,59.42,73.25,82.02,77.98,59.53,61.72,68.472,C
S5288,Ali,Davis,student5288@univ.edu,Male,22,Engineering,96.2,94.19,91.42,92.79,99.99,70.34,70.49,90.367,A
S5289,Ali,Jones,student5289@univ.edu,Female,25,Business,71.33,50.84,93.22,79.53,65.61,77.87,61.27,73.778,B
S5290,John,Williams,student5290@univ.edu,Male,18,Business,96.47,85.08,48.91,64.48,96.76,54.19,99.65,73.358,B
S5291,Ahmed,Williams,student5291@univ.edu,Male,25,Engineering,74.85,54.09,87.06,52.83,58.35,88.82,55.12,68.133,C
S5292,Liam,Davis,student5292@univ.edu,Male,22,Mathematics,82.12,66.44,46.69,53.65,96.67,42.67,81.14,63.469,C
S5293,Liam,Davis,student5293@univ.edu,Female,23,Engineering,93.17,57.05,92.06,85.64,92.36,97.49,56.77,80.979,B
S5294,Sara,Brown,student5294@univ.edu,Male,25,Engineering,59.43,42.08,92.33,75.89,55.6,69.59,88.11,71.292,B
S5295,Emma,Williams,student5295@univ.edu,Female,20,Engineering,65.08,52.38,84.28,93.31,79.07,92.82,41.48,72.96,B
S5296,Maria,Williams,student5296@univ.edu,Male,22,Mathematics,67.82,42.46,56.62,68.67,61.99,89.51,83.8,61.615,C
S5297,Ali,Brown,student5297@univ.edu,Male,18,Mathematics,81.96,99.49,90.81,99.25,62.25,74.56,85.33,88.71,A
S5298,Liam,Jones,student5298@univ.edu,Male,25,Mathematics,65.55,79.28,99.29,72.35,90.53,68.79,97.27,85.27,A
S5299,John,Brown,student5299@univ.edu,Female,24,CS,92.2,76.79,76.56,89.07,93.01,87.15,94.12,83.977,B
S5300,Omar,Davis,student5300@univ.edu,Male,23,CS,68.6,51.82,47.98,85.81,76.1,73.29,81.24,63.888,C
S5301,Maria,Jones,student5301@univ.edu,Male,21,Engineering,87.81,88.44,94.88,97.9,95.49,62.39,75.66,89.853,A
S5302,Sara,Smith,student5302@univ.edu,Female,18,Business,77.33,79.62,43.57,96.38,66.21,72.72,57.12,67.154,C
S5303,Ahmed,Brown,student5303@univ.edu,Female,21,Business,67.27,87.28,65.23,50.77,65.94,52.53,54.78,66.066,C
S5304,Ali,Brown,student5304@univ.edu,Female,25,Mathematics,60.38,42.6,94.14,81.2,85.41,62.96,89.9,75.659,B
S5305,Emma,Jones,student5305@univ.edu,Female,20,Business,74.29,80.52,77.79,79.85,59.34,66.84,98.19,77.943,B
S5306,Liam,Brown,student5306@univ.edu,Male,21,Mathematics,62.07,96.98,98.66,54.68,93.47,47.24,44.71,79.583,B
S5307,Sara,Johnson,student5307@univ.edu,Male,21,Engineering,79.21,77.1,63.56,71.85,72.5,83.42,47.72,69.38,C
S5308,Sara,Jones,student5308@univ.edu,Female,19,Mathematics,69.2,73.05,72.4,84.57,54.31,74.82,62.51,71.359,B
S5309,Omar,Brown,student5309@univ.edu,Female,20,Engineering,63.5,69.27,78.63,99.61,80.79,81.32,66.57,77.537,B
S5310,John,Williams,student5310@univ.edu,Male,21,Business,57.41,57.0,57.63,52.29,50.09,98.26,78.32,60.027,C
S5311,Omar,Johnson,student5311@univ.edu,Male,25,Engineering,85.44,65.08,41.62,63.73,61.08,92.84,81.93,62.549,C
S5312,Ali,Brown,student5312@univ.edu,Female,19,CS,86.57,60.7,80.5,52.54,65.74,85.55,55.38,69.218,C
S5313,Sara,Davis,student5313@univ.edu,Female,21,Mathematics,92.99,79.14,61.25,57.12,76.71,70.05,97.81,73.025,B
S5314,Omar,Jones,student5314@univ.edu,Female,19,Business,80.83,62.42,58.3,55.07,94.15,64.11,95.82,68.52,C
S5315,Ali,Williams,student5315@univ.edu,Male,18,CS,87.9,55.2,43.23,93.12,96.45,75.55,85.91,68.78,C
S5316,Ali,Smith,student5316@univ.edu,Female,19,CS,52.86,81.23,64.63,72.94,60.97,74.47,69.34,68.617,C
S5317,Ahmed,Williams,student5317@univ.edu,Female,23,Mathematics,64.74,63.93,76.62,92.03,64.83,48.82,77.25,72.7,B
S5318,Ali,Jones,student5318@univ.edu,Male,25,Engineering,68.02,56.91,79.4,67.29,54.7,67.66,97.84,70.734,B
S5319,Maria,Johnson,student5319@univ.edu,Female,19,Mathematics,51.68,75.81,87.43,54.83,56.04,90.74,81.08,73.033,B
S5320,Ali,Jones,student5320@univ.edu,Female,21,Engineering,95.43,59.48,88.76,99.97,61.33,76.76,77.97,80.83,B
S5321,Ali,Davis,student5321@univ.edu,Female,21,Engineering,80.15,40.02,63.9,75.76,89.19,82.25,79.03,67.487,C
S5322,Sara,Davis,student5322@univ.edu,Female,23,Business,97.04,78.97,54.84,55.42,57.33,68.01,75.33,66.93,C
S5323,Ahmed,Smith,student5323@univ.edu,Male,25,Business,91.67,65.83,89.49,79.57,85.1,42.99,92.17,80.992,B
S5324,Liam,Davis,student5324@univ.edu,Female,23,Mathematics,88.82,51.0,70.8,92.95,90.5,48.84,47.94,70.551,B
S5325,Sara,Williams,student5325@univ.edu,Female,25,Engineering,71.87,54.13,43.0,72.35,94.46,49.61,92.98,62.99,C
S5326,Ahmed,Brown,student5326@univ.edu,Male,21,Mathematics,90.29,44.46,84.24,77.56,84.53,81.86,85.43,75.916,B
S5327,Maria,Jones,student5327@univ.edu,Male,18,Mathematics,77.33,41.88,71.87,59.17,67.81,62.29,80.15,64.456,C
S5328,Ali,Williams,student5328@univ.edu,Male,25,Engineering,73.78,51.01,40.94,75.31,71.3,49.43,70.04,57.764,D
S5329,Ahmed,Johnson,student5329@univ.edu,Female,20,Engineering,57.11,79.98,88.78,95.93,83.99,93.13,57.51,81.537,B
S5330,Sara,Jones,student5330@univ.edu,Male,23,Business,64.04,51.33,51.16,64.28,92.98,96.3,61.56,61.929,C
S5331,Ali,Smith,student5331@univ.edu,Male,23,Engineering,96.85,69.83,91.88,81.8,92.1,47.79,89.04,83.988,B
S5332,John,Brown,student5332@univ.edu,Male,23,Engineering,61.85,65.02,94.02,87.92,74.65,49.35,41.52,74.668,B
S5333,Sara,Davis,student5333@univ.edu,Male,24,CS,80.47,72.97,74.78,64.64,67.86,62.6,79.07,72.594,B
S5334,Ahmed,Brown,student5334@univ.edu,Female,22,Engineering,98.91,79.34,50.25,95.65,67.9,67.22,87.37,74.069,B
S5335,John,Davis,student5335@univ.edu,Male,20,CS,80.55,99.27,76.87,65.47,99.11,86.64,78.67,82.9,B
S5336,Liam,Johnson,student5336@univ.edu,Male,23,Engineering,72.08,64.87,66.19,81.13,82.88,90.12,80.12,73.014,B
S5337,John,Brown,student5337@univ.edu,Female,20,Mathematics,76.29,79.48,69.86,63.37,73.79,87.09,64.36,72.158,B
S5338,John,Smith,student5338@univ.edu,Male,22,Engineering,64.37,77.67,80.67,74.02,81.03,72.16,74.9,76.476,B
S5339,Sara,Brown,student5339@univ.edu,Female,19,CS,67.08,76.79,77.47,70.71,89.81,73.44,77.97,76.363,B
S5340,Maria,Johnson,student5340@univ.edu,Female,25,Engineering,79.22,52.44,59.91,65.03,87.84,42.48,40.95,61.14,C
S5341,Maria,Smith,student5341@univ.edu,Female,18,CS,65.22,45.56,73.48,89.48,93.34,68.29,81.28,71.977,B
S5342,John,Jones,student5342@univ.edu,Male,21,CS,63.06,56.81,59.84,99.7,89.62,63.29,54.92,68.194,C
S5343,Liam,Johnson,student5343@univ.edu,Female,25,CS,91.54,77.4,55.64,60.17,95.01,43.4,75.33,69.556,C
S5344,Omar,Davis,student5344@univ.edu,Female,20,Engineering,50.82,41.65,79.41,73.3,54.7,67.29,77.56,64.82,C
S5345,Maria,Jones,student5345@univ.edu,Female,18,Engineering,83.46,52.86,48.34,57.74,55.8,80.58,91.06,60.796,C
S5346,Ali,Brown,student5346@univ.edu,Female,23,CS,56.94,81.56,72.73,91.45,87.36,63.28,61.14,75.557,B
S5347,Ahmed,Brown,student5347@univ.edu,Male,19,Mathematics,83.67,57.08,91.54,91.09,98.07,81.39,67.2,81.505,B
S5348,Emma,Jones,student5348@univ.edu,Male,21,CS,96.09,66.92,70.07,62.28,84.68,64.86,74.48,72.515,B
S5349,Maria,Jones,student5349@univ.edu,Female,22,Business,58.45,53.34,75.49,84.3,72.65,56.26,48.55,66.738,C
S5350,Ahmed,Brown,student5350@univ.edu,Male,23,Mathematics,93.38,86.47,82.1,76.05,69.82,82.97,79.99,81.799,B
S5351,John,Brown,student5351@univ.edu,Male,18,Engineering,80.27,71.96,48.13,91.81,72.86,51.08,91.94,69.663,C
S5352,Ali,Davis,student5352@univ.edu,Male,20,Engineering,77.27,47.88,76.68,51.94,67.78,94.98,42.12,63.837,C
S5353,Emma,Smith,student5353@univ.edu,Male,22,Mathematics,92.16,74.39,58.11,58.7,71.44,83.56,63.3,67.984,C
S5354,Sara,Smith,student5354@univ.edu,Female,18,Business,90.56,94.64,41.99,99.78,52.1,82.14,55.67,70.432,B
S5355,Maria,Smith,student5355@univ.edu,Male,23,Mathematics,61.78,51.61,89.85,89.98,69.18,57.69,50.5,71.804,B
S5356,Liam,Johnson,student5356@univ.edu,Female,24,Engineering,89.06,43.51,46.71,61.79,59.77,89.87,90.41,60.401,C
S5357,Maria,Jones,student5357@univ.edu,Male,23,Business,95.14,71.39,52.6,84.25,75.98,71.93,95.97,73.001,B
S5358,Sara,Davis,student5358@univ.edu,Female,20,CS,94.0,59.5,74.86,53.35,87.92,56.01,94.75,72.828,B
S5359,Emma,Brown,student5359@univ.edu,Male,19,Engineering,73.38,99.92,56.6,79.37,52.81,68.18,99.25,74.823,B
S5360,Ali,Williams,student5360@univ.edu,Male,20,CS,96.28,97.32,85.27,50.59,84.42,82.47,91.23,83.95,B
S5361,John,Johnson,student5361@univ.edu,Male,21,Engineering,56.01,65.39,72.59,67.33,87.41,75.4,91.72,72.239,B
S5362,Liam,Johnson,student5362@univ.edu,Male,19,Engineering,68.54,66.7,70.22,66.35,70.43,79.35,53.22,67.545,C
S5363,Omar,Brown,student5363@univ.edu,Female,19,CS,69.28,55.31,75.87,77.68,88.56,83.47,47.19,70.151,B
S5364,Ahmed,Jones,student5364@univ.edu,Male,18,CS,72.61,42.15,89.54,91.69,55.61,80.57,88.09,74.705,B
S5365,John,Jones,student5365@univ.edu,Male,24,Business,56.24,81.02,56.49,50.53,94.87,56.85,94.39,68.123,C
S5366,John,Smith,student5366@univ.edu,Male,25,CS,66.68,48.07,51.49,57.24,75.37,87.67,98.69,62.105,C
S5367,Omar,Williams,student5367@univ.edu,Female,23,Engineering,71.6,82.77,94.47,70.39,52.69,64.79,55.05,76.627,B
S5368,Ali,Brown,student5368@univ.edu,Male,18,Business,62.83,67.65,62.16,96.2,79.37,68.13,63.99,70.633,B
S5369,Liam,Brown,student5369@univ.edu,Female,20,Mathematics,91.34,78.82,47.19,72.62,67.11,70.4,48.2,64.999,C
S5370,Emma,Williams,student5370@univ.edu,Female,24,Engineering,69.02,79.31,47.81,68.4,72.07,87.24,47.6,63.696,C
S5371,Maria,Williams,student5371@univ.edu,Female,18,Mathematics,65.74,75.24,56.75,55.8,83.9,83.93,75.84,67.188,C
S5372,Ali,Brown,student5372@univ.edu,Female,19,Business,68.07,92.03,67.84,50.55,69.66,60.33,89.13,72.043,B
S5373,Ali,Brown,student5373@univ.edu,Female,18,Mathematics,59.61,96.02,98.29,67.92,57.24,82.73,93.8,84.081,B
S5374,Ahmed,Williams,student5374@univ.edu,Male,20,CS,96.03,75.28,82.15,88.39,70.96,99.12,54.36,80.05,B
S5375,Liam,Jones,student5375@univ.edu,Female,25,Mathematics,83.81,57.29,89.24,79.05,81.58,54.91,61.19,75.491,B
S5376,Ahmed,Davis,student5376@univ.edu,Male,25,Mathematics,50.56,46.29,40.53,59.24,51.06,75.0,97.57,53.972,D
S5377,Omar,Jones,student5377@univ.edu,Male,25,CS,69.09,46.53,82.58,79.92,81.15,71.69,61.03,70.779,B
S5378,Ahmed,Smith,student5378@univ.edu,Female,21,Mathematics,95.45,96.5,72.4,56.77,99.6,40.32,62.07,77.264,B
S5379,Maria,Brown,student5379@univ.edu,Female,21,CS,65.36,94.21,54.98,72.6,72.55,53.92,91.21,71.834,B
S5380,Maria,Williams,student5380@univ.edu,Female,24,Mathematics,62.74,62.99,91.38,53.06,87.97,87.07,67.7,74.165,B
S5381,Sara,Davis,student5381@univ.edu,Female,25,Business,54.67,67.37,59.88,99.77,53.4,76.19,70.43,68.063,C
S5382,Liam,Williams,student5382@univ.edu,Male,21,Mathematics,55.45,59.67,73.13,64.49,93.6,55.76,41.8,65.419,C
S5383,Ali,Williams,student5383@univ.edu,Male,24,CS,62.75,49.76,44.86,67.02,57.16,40.17,57.45,53.207,D
S5384,Ahmed,Johnson,student5384@univ.edu,Female,22,CS,80.25,43.34,93.36,99.82,63.74,77.36,46.14,74.53,B
S5385,Sara,Jones,student5385@univ.edu,Female,20,Business,76.34,73.59,72.61,68.56,92.37,65.0,80.18,74.924,B
S5386,Maria,Smith,student5386@univ.edu,Female,18,Engineering,54.44,99.25,62.89,82.06,75.62,91.05,78.92,76.476,B
S5387,Emma,Williams,student5387@univ.edu,Female,25,CS,64.73,40.4,88.05,68.36,55.94,75.3,53.89,65.97,C
S5388,Ali,Brown,student5388@univ.edu,Male,18,CS,68.13,93.91,95.97,85.95,84.5,83.44,68.78,86.778,A
S5389,Ali,Smith,student5389@univ.edu,Male,20,Business,84.26,56.59,40.3,77.17,56.3,89.43,53.78,58.889,D
S5390,Emma,Davis,student5390@univ.edu,Male,25,Mathematics,93.29,65.83,44.87,94.58,96.73,97.16,70.97,71.771,B
S5391,Liam,Brown,student5391@univ.edu,Female,21,Engineering,52.97,73.4,51.23,71.49,55.42,40.44,91.0,62.734,C
S5392,Emma,Smith,student5392@univ.edu,Female,24,Engineering,55.17,87.02,93.98,69.04,76.5,45.99,51.18,76.538,B
S5393,Emma,Davis,student5393@univ.edu,Female,22,Engineering,86.56,77.62,77.06,89.98,93.54,79.5,63.13,80.437,B
S5394,Sara,Smith,student5394@univ.edu,Male,22,Mathematics,70.97,46.37,65.66,92.03,98.96,69.07,58.07,69.03,C
S5395,Emma,Davis,student5395@univ.edu,Female,21,Mathematics,68.17,67.93,94.07,78.56,58.79,51.11,73.82,76.224,B
S5396,Emma,Johnson,student5396@univ.edu,Female,25,Mathematics,88.72,55.17,94.28,60.94,57.06,63.6,41.97,70.414,B
S5397,John,Brown,student5397@univ.edu,Female,18,Mathematics,61.92,83.45,40.91,88.38,56.76,53.23,55.9,62.34,C
S5398,Sara,Jones,student5398@univ.edu,Female,25,CS,56.2,84.31,88.35,51.84,52.94,49.24,86.73,73.192,B
S5399,Omar,Davis,student5399@univ.edu,Male,18,Engineering,96.13,49.89,55.7,75.66,95.31,94.58,95.1,71.42,B
S5400,John,Jones,student5400@univ.edu,Male,19,CS,72.71,50.91,81.89,50.67,75.47,66.1,64.69,66.941,C
S5401,Ali,Smith,student5401@univ.edu,Male,22,Engineering,60.92,65.59,55.18,84.26,86.98,45.75,89.19,68.308,C
S5402,Emma,Johnson,student5402@univ.edu,Male,22,CS,98.56,69.23,80.34,70.9,51.43,94.49,97.62,78.069,B
S5403,Emma,Smith,student5403@univ.edu,Male,22,CS,77.05,83.57,52.08,92.73,72.36,56.58,52.55,69.272,C
S5404,John,Johnson,student5404@univ.edu,Female,25,Engineering,76.66,95.35,98.75,87.03,50.92,73.2,47.9,82.958,B
S5405,Ahmed,Jones,student5405@univ.edu,Female,19,Engineering,83.06,67.15,62.93,94.63,89.1,83.66,98.47,77.75,B
S5406,John,Jones,student5406@univ.edu,Female,25,Mathematics,61.41,63.17,60.44,76.55,51.71,56.31,67.85,63.161,C
S5407,Sara,Johnson,student5407@univ.edu,Male,18,Engineering,66.85,56.61,69.1,58.52,99.51,87.67,53.81,67.23,C
S5408,Maria,Brown,student5408@univ.edu,Male,19,Mathematics,61.05,48.88,95.5,54.96,97.2,51.75,64.73,71.555,B
S5409,John,Davis,student5409@univ.edu,Male,25,Business,80.5,79.01,92.84,76.95,95.09,48.94,77.76,82.979,B
S5410,Omar,Davis,student5410@univ.edu,Male,23,Mathematics,70.28,80.19,47.51,98.31,82.45,96.2,98.37,74.958,B
S5411,Maria,Jones,student5411@univ.edu,Female,20,Engineering,75.58,73.89,95.78,76.89,88.93,51.03,80.17,82.065,B
S5412,Omar,Johnson,student5412@univ.edu,Male,19,Business,66.25,52.64,87.58,53.19,78.3,68.64,74.54,70.121,B
S5413,Omar,Smith,student5413@univ.edu,Male,22,Mathematics,61.15,54.61,87.79,62.21,91.74,65.46,85.8,73.732,B
S5414,Sara,Williams,student5414@univ.edu,Male,19,Business,81.66,90.65,56.8,93.39,72.09,50.19,62.58,73.321,B
S5415,Omar,Williams,student5415@univ.edu,Male,22,Business,96.62,92.22,68.57,72.14,95.59,98.82,75.79,81.577,B
S5416,John,Smith,student5416@univ.edu,Female,20,Business,91.82,78.62,92.01,89.49,62.38,74.99,73.77,83.297,B
S5417,Ahmed,Davis,student5417@univ.edu,Male,23,Business,51.54,95.93,74.56,58.4,98.32,87.46,59.57,75.63,B
S5418,Omar,Johnson,student5418@univ.edu,Female,21,Engineering,58.9,66.14,65.04,79.04,75.35,59.42,84.67,69.459,C
S5419,Omar,Jones,student5419@univ.edu,Male,21,Business,60.0,78.16,99.31,50.01,53.53,82.68,92.13,77.626,B
S5420,John,Smith,student5420@univ.edu,Male,24,Business,84.62,59.99,51.05,59.53,65.12,47.9,48.98,58.51,D
S5421,Ahmed,Brown,student5421@univ.edu,Male,22,Business,89.15,89.67,63.94,51.25,86.03,59.58,57.52,71.053,B
S5422,Maria,Brown,student5422@univ.edu,Male,25,CS,87.22,61.13,93.58,68.95,68.18,53.65,70.45,75.91,B
S5423,Sara,Smith,student5423@univ.edu,Male,22,Mathematics,70.1,83.59,69.96,76.53,98.51,93.89,54.73,76.214,B
S5424,Omar,Davis,student5424@univ.edu,Female,22,Business,96.94,85.1,45.1,75.65,61.09,82.53,91.56,70.983,B
S5425,Emma,Williams,student5425@univ.edu,Female,21,CS,63.35,54.71,77.5,98.41,95.29,42.63,76.44,74.593,B
S5426,Sara,Smith,student5426@univ.edu,Male,24,Business,74.39,60.44,92.61,57.88,76.06,93.44,58.97,74.167,B
S5427,Liam,Johnson,student5427@univ.edu,Female,21,Engineering,54.2,73.21,92.28,95.92,53.89,82.75,88.72,80.532,B
S5428,Maria,Brown,student5428@univ.edu,Male,20,Business,70.67,67.66,86.68,65.03,95.92,99.03,84.0,79.301,B
S5429,John,Smith,student5429@univ.edu,Male,25,Business,87.5,43.8,61.16,91.4,83.57,79.6,66.2,68.525,C
S5430,John,Davis,student5430@univ.edu,Female,21,Engineering,69.77,82.79,49.95,63.39,50.86,76.44,52.96,62.233,C
S5431,Maria,Brown,student5431@univ.edu,Male,24,Business,56.86,76.66,65.84,93.32,63.77,46.39,78.07,71.271,B
S5432,Sara,Davis,student5432@univ.edu,Female,20,Mathematics,92.35,85.23,63.95,98.88,73.34,71.2,58.5,77.042,B
S5433,Ali,Johnson,student5433@univ.edu,Female,23,Engineering,50.27,82.24,49.78,89.0,81.68,96.16,96.43,72.378,B
S5434,Ahmed,Brown,student5434@univ.edu,Female,19,CS,56.74,40.42,44.92,95.8,67.92,76.39,46.26,56.841,D
S5435,Ali,Smith,student5435@univ.edu,Male,25,Business,52.62,83.82,68.44,96.42,87.43,77.98,57.59,75.422,B
S5436,John,Johnson,student5436@univ.edu,Female,22,Engineering,79.22,55.08,66.67,94.76,79.06,46.75,60.92,69.489,C
S5437,Sara,Johnson,student5437@univ.edu,Female,21,CS,58.57,68.41,99.13,83.96,64.22,77.65,72.73,79.45,B
S5438,Maria,Johnson,student5438@univ.edu,Male,25,Engineering,59.24,45.74,58.16,90.49,68.56,47.76,41.15,59.452,D
S5439,John,Johnson,student5439@univ.edu,Female,19,Engineering,85.81,50.3,48.46,91.79,87.6,96.89,71.09,67.661,C
S5440,John,Jones,student5440@univ.edu,Male,25,Mathematics,90.14,44.35,82.32,94.75,60.01,63.58,99.9,75.963,B
S5441,Ahmed,Williams,student5441@univ.edu,Male,19,CS,53.53,80.6,49.59,53.96,64.53,77.04,92.59,64.008,C
S5442,Emma,Jones,student5442@univ.edu,Male,24,Mathematics,63.32,51.07,46.34,60.38,68.19,87.87,66.19,57.337,D
S5443,Ali,Williams,student5443@univ.edu,Female,18,Engineering,83.7,83.24,95.77,94.93,57.73,95.75,78.92,86.441,A
S5444,Ali,Johnson,student5444@univ.edu,Male,22,Mathematics,72.27,50.61,80.99,63.99,84.57,72.65,93.76,72.71,B
S5445,Sara,Jones,student5445@univ.edu,Male,20,Engineering,64.08,43.03,49.31,56.31,85.64,40.97,59.69,54.835,D
S5446,Sara,Johnson,student5446@univ.edu,Male,25,CS,83.94,40.52,53.91,90.24,97.74,46.3,48.91,63.187,C
S5447,Ali,Davis,student5447@univ.edu,Male,24,CS,86.33,61.19,44.54,95.96,96.06,60.52,51.03,66.362,C
S5448,Omar,Brown,student5448@univ.edu,Female,22,Business,93.75,97.28,82.33,80.49,82.35,98.32,74.12,86.166,A
S5449,Sara,Johnson,student5449@univ.edu,Female,22,Mathematics,74.06,70.72,42.08,76.82,52.89,44.81,67.51,59.977,D
S5450,Ahmed,Davis,student5450@univ.edu,Female,23,Mathematics,81.46,89.69,86.97,83.26,96.13,55.85,92.29,86.299,A
S5451,Maria,Jones,student5451@univ.edu,Male,19,Engineering,72.76,40.1,76.87,91.68,69.67,52.89,75.03,69.224,C
S5452,Ahmed,Brown,student5452@univ.edu,Male,25,Business,52.58,85.56,85.34,74.51,98.76,65.26,63.06,78.594,B
S5453,Ahmed,Davis,student5453@univ.edu,Female,20,Engineering,64.78,73.28,86.4,75.55,69.7,67.77,77.12,76.457,B
S5454,Liam,Jones,student5454@univ.edu,Female,18,Engineering,79.5,49.85,87.3,57.17,86.94,42.05,79.7,71.452,B
S5455,Ali,Smith,student5455@univ.edu,Female,18,Engineering,76.51,62.54,43.62,99.83,57.6,58.79,51.81,62.1,C
S5456,Maria,Smith,student5456@univ.edu,Male,24,Engineering,88.45,44.09,92.53,92.63,91.22,51.48,70.98,78.111,B
S5457,Ahmed,Williams,student5457@univ.edu,Male,20,CS,50.04,97.71,56.36,81.03,58.38,71.81,65.89,69.626,C
S5458,Ali,Brown,student5458@univ.edu,Female,22,Mathematics,84.56,81.97,82.27,65.68,54.68,76.72,72.69,75.956,B
S5459,Liam,Smith,student5459@univ.edu,Male,21,Business,76.91,55.17,91.73,53.35,99.1,93.12,72.7,76.082,B
S5460,Liam,Smith,student5460@univ.edu,Female,21,Business,52.21,69.51,43.37,80.99,89.61,68.43,43.12,60.977,C
S5461,Ahmed,Brown,student5461@univ.edu,Female,18,CS,60.95,54.89,48.24,80.73,97.78,60.61,96.37,66.1,C
S5462,John,Johnson,student5462@univ.edu,Female,22,CS,77.22,63.24,81.4,54.75,84.41,99.89,89.36,75.374,B
S5463,Emma,Johnson,student5463@univ.edu,Female,21,Engineering,82.55,87.33,94.99,86.05,84.52,60.36,67.6,85.356,A
S5464,Ali,Brown,student5464@univ.edu,Male,21,Business,51.7,96.09,71.71,58.47,57.77,66.86,61.08,69.9,C
S5465,Maria,Johnson,student5465@univ.edu,Female,19,CS,81.89,45.05,97.39,82.88,87.72,41.63,71.97,76.899,B
S5466,Sara,Williams,student5466@univ.edu,Male,19,CS,82.02,45.28,81.46,81.36,84.88,54.89,73.19,72.451,B
S5467,Emma,Davis,student5467@univ.edu,Female,18,CS,70.51,92.96,51.3,56.13,79.6,89.34,45.03,66.382,C
S5468,Ahmed,Brown,student5468@univ.edu,Male,24,Engineering,91.73,97.03,74.96,56.77,81.56,97.27,48.97,77.499,B
S5469,Ahmed,Williams,student5469@univ.edu,Female,19,Business,92.51,45.73,80.1,93.08,72.01,87.25,64.05,74.358,B
S5470,Liam,Brown,student5470@univ.edu,Female,24,Engineering,98.31,51.29,51.37,59.78,88.19,55.47,60.7,62.13,C
S5471,Omar,Davis,student5471@univ.edu,Male,21,Mathematics,73.82,70.33,58.84,81.84,99.47,56.09,59.37,70.065,B
S5472,Sara,Williams,student5472@univ.edu,Male,23,Business,57.11,61.59,97.16,61.04,54.64,74.04,76.08,73.107,B
S5473,Omar,Smith,student5473@univ.edu,Female,20,Engineering,80.53,41.47,70.43,94.48,52.29,53.31,75.87,67.129,C
S5474,Emma,Williams,student5474@univ.edu,Male,24,Business,91.58,40.68,43.82,97.98,72.06,96.97,95.19,66.711,C
S5475,Omar,Williams,student5475@univ.edu,Male,25,Mathematics,63.91,91.92,61.0,87.05,78.75,61.0,96.75,76.732,B
S5476,Sara,Jones,student5476@univ.edu,Male,25,CS,83.07,81.1,45.44,77.04,66.93,65.31,64.78,66.151,C
S5477,Emma,Brown,student5477@univ.edu,Male,19,Mathematics,74.37,46.85,89.37,52.27,84.13,51.24,64.19,68.852,C
S5478,Ahmed,Brown,student5478@univ.edu,Female,25,CS,70.23,60.39,67.6,71.71,79.79,63.33,66.02,67.885,C
S5479,Sara,Davis,student5479@univ.edu,Male,24,Engineering,59.98,43.82,97.7,59.36,63.56,64.82,77.17,70.29,B
S5480,Ahmed,Brown,student5480@univ.edu,Female,19,Business,74.38,98.1,71.68,51.85,96.61,75.94,65.81,76.379,B
S5481,Omar,Williams,student5481@univ.edu,Male,21,Mathematics,65.23,71.34,46.72,93.27,72.39,59.41,51.18,64.125,C
S5482,Sara,Jones,student5482@univ.edu,Male,25,Mathematics,80.28,58.14,89.0,50.36,57.54,70.37,66.4,69.822,C
S5483,Sara,Davis,student5483@univ.edu,Male,20,CS,63.55,58.87,42.77,74.01,67.7,45.38,79.64,59.065,D
S5484,Ahmed,Johnson,student5484@univ.edu,Female,23,Business,68.04,54.31,91.3,72.4,52.85,62.62,50.76,69.408,C
S5485,Omar,Smith,student5485@univ.edu,Male,18,Mathematics,74.79,97.45,82.91,96.46,63.26,97.18,61.05,83.601,B
S5486,John,Brown,student5486@univ.edu,Female,18,CS,52.64,73.1,51.71,54.31,51.97,75.08,49.15,57.409,D
S5487,Emma,Brown,student5487@univ.edu,Female,21,CS,67.71,81.06,90.06,66.63,67.34,58.34,45.35,74.181,B
S5488,Liam,Brown,student5488@univ.edu,Male,18,Engineering,58.84,78.94,85.22,89.21,63.5,82.62,82.83,79.383,B
S5489,Maria,Jones,student5489@univ.edu,Female,21,Mathematics,57.49,41.24,72.71,97.05,92.35,45.45,43.64,66.239,C
S5490,John,Johnson,student5490@univ.edu,Female,19,Engineering,58.19,78.64,56.79,85.96,95.33,87.96,74.96,72.905,B
S5491,Liam,Brown,student5491@univ.edu,Male,19,CS,65.07,68.47,71.79,79.82,73.76,41.97,94.44,72.63,B
S5492,Ahmed,Smith,student5492@univ.edu,Male,23,Business,91.18,42.96,43.9,82.47,65.33,72.95,75.63,60.994,C
S5493,Liam,Smith,student5493@univ.edu,Male,20,Engineering,75.33,74.17,71.8,51.38,62.18,46.88,93.49,69.525,C
S5494,Liam,Smith,student5494@univ.edu,Male,24,Engineering,79.99,53.79,40.22,97.48,84.17,65.07,45.41,61.657,C
S5495,Ali,Jones,student5495@univ.edu,Male,24,Mathematics,96.8,70.44,62.69,68.71,63.95,98.06,56.87,69.867,C
S5496,Omar,Smith,student5496@univ.edu,Male,22,CS,62.67,64.65,77.78,72.05,81.98,53.23,60.86,70.284,B
S5497,Omar,Johnson,student5497@univ.edu,Female,21,Engineering,83.41,81.68,57.66,97.37,98.46,94.37,97.15,80.86,B
S5498,Maria,Johnson,student5498@univ.edu,Male,18,CS,50.29,98.62,70.53,92.29,52.21,45.67,77.59,75.019,B
S5499,Ahmed,Brown,student5499@univ.edu,Female,22,CS,85.78,87.61,50.59,72.31,87.48,72.15,51.03,69.582,C
S5500,Liam,Williams,student5500@univ.edu,Female,24,CS,70.14,63.35,87.89,81.43,70.06,59.54,75.21,75.77,B
S5501,Liam,Smith,student5501@univ.edu,Male,22,Mathematics,73.03,45.94,52.71,92.86,88.94,78.24,79.52,66.991,C
S5502,Ali,Davis,student5502@univ.edu,Male,22,Mathematics,57.29,59.27,87.3,83.9,73.57,56.28,85.43,75.072,B
S5503,Sara,Davis,student5503@univ.edu,Female,18,Engineering,57.74,90.67,64.05,55.68,55.41,73.23,70.22,67.7,C
S5504,Emma,Brown,student5504@univ.edu,Female,25,Engineering,74.96,68.11,75.15,91.1,72.9,62.47,99.77,77.719,B
S5505,Omar,Jones,student5505@univ.edu,Male,23,CS,69.39,45.09,67.74,65.07,88.5,48.09,83.66,65.66,C
S5506,Ahmed,Brown,student5506@univ.edu,Male,21,CS,81.89,50.16,50.22,82.61,76.64,67.29,58.36,62.543,C
S5507,Emma,Johnson,student5507@univ.edu,Male,22,CS,85.34,74.69,52.65,77.32,71.21,58.37,56.31,66.535,C
S5508,Sara,Davis,student5508@univ.edu,Male,18,CS,60.68,64.78,53.7,54.97,91.26,72.66,52.33,61.371,C
S5509,Maria,Williams,student5509@univ.edu,Female,19,Mathematics,58.38,70.45,63.56,99.61,70.8,90.7,50.24,70.577,B
S5510,Ali,Jones,student5510@univ.edu,Female,20,Business,93.22,53.44,57.67,53.85,80.7,72.38,45.28,61.605,C
S5511,Omar,Williams,student5511@univ.edu,Male,25,Business,85.25,86.23,66.49,80.79,59.33,94.35,74.59,75.946,B
S5512,Ahmed,Brown,student5512@univ.edu,Female,25,Business,74.88,98.11,97.84,85.01,84.91,94.29,78.93,90.312,A
S5513,Sara,Davis,student5513@univ.edu,Female,24,Engineering,89.46,93.81,97.99,61.12,89.05,72.22,80.69,86.858,A
S5514,Ali,Jones,student5514@univ.edu,Female,22,CS,51.42,55.96,95.88,85.44,54.82,79.85,51.27,72.515,B
S5515,Sara,Brown,student5515@univ.edu,Male,23,Engineering,59.96,44.17,92.26,90.0,61.08,70.63,73.59,73.006,B
S5516,Sara,Brown,student5516@univ.edu,Female,20,Business,51.92,44.86,99.91,94.35,96.0,61.58,85.37,79.505,B
S5517,Ali,Williams,student5517@univ.edu,Female,20,CS,75.98,42.49,94.79,62.47,57.93,78.33,97.04,73.317,B
S5518,Maria,Davis,student5518@univ.edu,Male,20,Engineering,65.46,78.42,84.2,61.89,60.81,70.28,64.66,72.834,B
S5519,Liam,Smith,student5519@univ.edu,Female,20,Engineering,89.14,73.99,81.31,75.52,67.73,43.06,82.89,76.648,B
S5520,Maria,Jones,student5520@univ.edu,Male,23,Mathematics,65.12,47.55,90.86,71.53,86.28,57.62,78.9,73.409,B
S5521,Ali,Williams,student5521@univ.edu,Male,19,Business,80.95,74.93,92.92,57.52,54.11,51.51,40.2,71.592,B
S5522,John,Smith,student5522@univ.edu,Female,23,Engineering,86.66,79.43,64.14,50.06,55.91,60.34,60.5,65.961,C
S5523,Maria,Johnson,student5523@univ.edu,Male,19,Engineering,99.46,55.71,94.19,75.31,63.42,91.64,59.41,77.507,B
S5524,Emma,Jones,student5524@univ.edu,Female,19,Mathematics,85.82,96.09,58.4,91.69,50.76,96.67,87.71,77.754,B
S5525,Liam,Smith,student5525@univ.edu,Female,21,Business,68.99,63.52,68.55,52.62,56.88,54.9,51.08,61.602,C
S5526,Ali,Johnson,student5526@univ.edu,Female,20,Engineering,65.23,77.41,71.03,90.18,94.66,46.74,86.93,77.337,B
S5527,Maria,Davis,student5527@univ.edu,Female,20,Mathematics,76.43,47.66,54.98,99.08,63.82,88.0,68.67,66.18,C
S5528,Liam,Brown,student5528@univ.edu,Male,25,Business,75.63,52.28,63.89,55.45,53.44,60.39,45.11,58.378,D
S5529,Liam,Smith,student5529@univ.edu,Female,22,CS,91.35,74.66,41.59,71.89,71.54,77.96,69.7,65.35,C
S5530,Liam,Williams,student5530@univ.edu,Female,20,Mathematics,60.37,44.32,60.25,87.22,76.74,44.24,50.02,60.947,C
S5531,Sara,Williams,student5531@univ.edu,Female,25,CS,76.04,61.01,78.08,52.55,75.26,67.85,88.77,70.908,B
S5532,Ali,Jones,student5532@univ.edu,Female,23,Business,55.04,57.4,97.77,85.62,52.74,59.55,98.23,77.233,B
S5533,Omar,Williams,student5533@univ.edu,Female,23,Mathematics,68.59,74.79,93.56,67.85,64.13,56.54,88.45,78.147,B
S5534,Omar,Jones,student5534@univ.edu,Male,18,CS,95.24,96.6,85.0,76.54,72.57,56.14,70.92,82.981,B
S5535,Liam,Smith,student5535@univ.edu,Female,21,Mathematics,81.1,79.01,45.45,97.13,86.12,50.92,79.51,71.225,B
S5536,Ali,Smith,student5536@univ.edu,Female,20,CS,86.92,80.44,98.82,80.11,86.31,60.82,68.28,84.942,B
S5537,Sara,Johnson,student5537@univ.edu,Male,21,CS,86.93,75.65,62.95,65.64,82.94,51.3,75.15,70.928,B
S5538,Sara,Brown,student5538@univ.edu,Female,21,Engineering,85.43,75.93,77.63,70.39,95.44,81.52,62.41,77.438,B
S5539,Ahmed,Smith,student5539@univ.edu,Male,25,Mathematics,90.13,95.85,87.97,66.84,96.52,66.89,81.86,85.782,A
S5540,Maria,Brown,student5540@univ.edu,Female,21,CS,82.53,79.18,89.13,57.49,88.51,73.17,87.55,80.716,B
S5541,Ahmed,Johnson,student5541@univ.edu,Male,25,Engineering,96.69,77.68,71.44,67.18,57.87,94.7,41.93,71.429,B
S5542,Liam,Davis,student5542@univ.edu,Female,19,Engineering,75.49,90.41,41.33,93.34,98.29,97.86,45.88,71.341,B
S5543,John,Jones,student5543@univ.edu,Female,22,Mathematics,90.77,85.06,96.46,56.72,94.02,63.93,47.1,80.843,B
S5544,Sara,Johnson,student5544@univ.edu,Female,20,Business,96.47,51.0,56.54,65.39,57.61,90.96,76.93,64.62,C
S5545,Ahmed,Smith,student5545@univ.edu,Female,18,CS,92.24,95.02,47.32,58.97,94.49,69.65,73.19,71.52,B
S5546,Emma,Smith,student5546@univ.edu,Female,22,Business,53.96,44.45,41.06,63.57,80.77,71.8,66.11,54.418,D
S5547,Sara,Smith,student5547@univ.edu,Female,23,Business,73.28,47.15,71.91,51.45,65.55,80.55,47.68,61.399,C
S5548,Ali,Williams,student5548@univ.edu,Female,21,Mathematics,52.42,59.15,94.38,80.43,87.27,64.31,78.57,77.25,B
S5549,Sara,Brown,student5549@univ.edu,Male,19,Business,88.33,66.23,97.72,95.89,81.02,83.38,73.24,85.373,A
S5550,Ahmed,Jones,student5550@univ.edu,Male,25,CS,89.7,61.2,41.12,91.74,61.47,64.7,96.28,66.317,C
S5551,Sara,Smith,student5551@univ.edu,Female,20,CS,80.13,80.58,75.96,91.53,95.11,50.78,50.94,77.79,B
S5552,Sara,Jones,student5552@univ.edu,Male,18,Business,99.9,40.43,49.93,95.59,86.83,50.2,69.41,65.528,C
S5553,Maria,Brown,student5553@univ.edu,Female,25,Mathematics,92.45,66.75,62.35,94.39,87.58,45.73,96.15,76.118,B
S5554,Ahmed,Brown,student5554@univ.edu,Male,19,Business,77.89,61.91,61.07,91.68,59.64,87.58,63.39,68.926,C
S5555,Emma,Davis,student5555@univ.edu,Male,18,Mathematics,95.71,83.39,73.13,58.87,89.13,93.5,54.98,76.105,B
S5556,Maria,Johnson,student5556@univ.edu,Female,25,Mathematics,52.77,47.33,57.92,86.4,78.74,51.92,61.52,61.701,C
S5557,Ali,Williams,student5557@univ.edu,Male,20,Business,55.21,97.69,41.2,68.58,75.51,95.58,82.0,68.236,C
S5558,Maria,Jones,student5558@univ.edu,Female,20,Business,83.48,50.22,88.29,75.1,62.98,51.28,49.7,69.976,C
S5559,John,Davis,student5559@univ.edu,Male,18,Business,63.41,42.91,93.75,78.18,71.25,41.24,80.67,72.029,B
S5560,Liam,Williams,student5560@univ.edu,Female,20,Business,89.69,90.66,97.36,74.25,65.32,58.9,61.78,83.101,B
S5561,John,Williams,student5561@univ.edu,Male,21,CS,85.31,53.33,73.91,71.97,51.2,51.92,50.61,64.942,C
S5562,Emma,Johnson,student5562@univ.edu,Male,22,CS,62.85,86.63,50.76,72.69,60.9,51.76,47.71,63.191,C
S5563,Omar,Williams,student5563@univ.edu,Female,24,Mathematics,76.36,45.64,55.16,60.28,69.37,60.24,40.74,56.377,D
S5564,Emma,Smith,student5564@univ.edu,Male,18,Mathematics,84.31,52.12,52.48,97.31,79.81,53.42,45.79,64.426,C
S5565,Ahmed,Brown,student5565@univ.edu,Male,19,Mathematics,52.8,47.0,50.59,92.89,59.08,95.82,84.96,62.986,C
S5566,Ahmed,Brown,student5566@univ.edu,Female,18,CS,94.59,70.36,98.19,84.14,88.26,62.43,73.69,84.925,B
S5567,Ali,Johnson,student5567@univ.edu,Female,21,Engineering,66.45,72.92,74.89,61.63,65.38,43.64,61.84,67.844,C
S5568,Ahmed,Smith,student5568@univ.edu,Female,23,CS,84.57,81.15,82.89,77.09,61.31,68.76,72.98,77.985,B
S5569,Ali,Smith,student5569@univ.edu,Female,25,Engineering,89.55,80.12,45.54,58.34,56.3,52.17,93.35,64.965,C
S5570,Sara,Brown,student5570@univ.edu,Female,23,CS,83.72,84.46,70.69,82.59,91.81,95.91,84.42,81.278,B
S5571,Liam,Williams,student5571@univ.edu,Female,21,Engineering,94.17,81.62,93.21,89.73,57.09,44.59,84.33,83.535,B
S5572,Omar,Williams,student5572@univ.edu,Female,18,Mathematics,63.07,88.89,66.12,62.23,91.19,61.06,49.08,70.336,B
S5573,Ali,Smith,student5573@univ.edu,Female,19,Mathematics,88.69,61.55,79.48,61.41,60.26,51.77,50.23,67.872,C
S5574,Ali,Williams,student5574@univ.edu,Male,19,Engineering,85.37,71.02,56.97,66.1,70.72,80.74,41.59,65.015,C
S5575,Emma,Williams,student5575@univ.edu,Male,22,Mathematics,96.21,42.29,46.94,55.73,79.27,63.06,97.26,61.326,C
S5576,Sara,Brown,student5576@univ.edu,Male,19,CS,96.83,79.15,53.29,65.59,77.76,58.38,84.1,70.444,B
S5577,Omar,Davis,student5577@univ.edu,Male,23,Business,72.19,44.09,61.89,82.33,50.0,42.04,98.66,63.921,C
S5578,Omar,Davis,student5578@univ.edu,Female,18,CS,85.35,73.71,96.9,87.48,90.94,95.51,79.58,87.296,A
S5579,Omar,Williams,student5579@univ.edu,Female,18,Engineering,79.38,40.53,54.65,80.07,74.24,85.94,77.28,63.898,C
S5580,Omar,Smith,student5580@univ.edu,Female,23,Mathematics,83.74,62.53,68.45,65.56,53.77,48.7,83.91,67.452,C
S5581,Omar,Johnson,student5581@univ.edu,Male,19,Business,90.66,43.22,48.83,57.88,57.42,55.55,75.43,57.104,D
S5582,Ahmed,Williams,student5582@univ.edu,Female,24,Mathematics,99.58,48.71,55.16,73.22,60.81,50.83,53.33,61.187,C
S5583,Ali,Brown,student5583@univ.edu,Male,22,CS,51.35,83.48,56.28,81.68,52.38,46.31,99.7,68.491,C
S5584,Emma,Brown,student5584@univ.edu,Female,23,Business,79.25,75.94,41.67,61.71,50.53,55.13,67.07,59.387,D
S5585,Maria,Brown,student5585@univ.edu,Female,20,Mathematics,71.96,73.17,87.62,84.2,71.38,58.65,49.85,75.802,B
S5586,Ali,Brown,student5586@univ.edu,Male,24,Business,83.86,46.94,77.23,55.19,54.03,65.42,63.9,64.285,C
S5587,Ahmed,Johnson,student5587@univ.edu,Female,19,Engineering,72.4,63.06,95.53,84.07,67.82,91.84,77.55,80.25,B
S5588,Emma,Brown,student5588@univ.edu,Male,18,Business,65.72,64.02,62.53,71.35,88.37,75.83,85.4,70.006,B
S5589,Liam,Davis,student5589@univ.edu,Male,18,Mathematics,58.53,49.63,49.46,88.1,54.91,50.51,80.6,59.909,D
S5590,Ali,Williams,student5590@univ.edu,Female,25,Mathematics,96.73,89.73,66.9,56.49,56.87,86.38,78.6,74.029,B
S5591,Sara,Jones,student5591@univ.edu,Female,24,CS,92.38,59.79,81.9,58.7,64.69,83.59,58.69,71.088,B
S5592,John,Johnson,student5592@univ.edu,Male,18,Mathematics,73.92,51.66,67.38,96.37,61.26,87.37,66.93,69.581,C
S5593,Maria,Brown,student5593@univ.edu,Female,23,Business,85.5,70.47,82.42,71.58,61.79,67.4,41.83,71.839,B
S5594,Omar,Davis,student5594@univ.edu,Female,20,Mathematics,69.74,96.87,53.1,75.81,85.93,94.63,77.9,74.764,B
S5595,Maria,Smith,student5595@univ.edu,Female,20,Mathematics,54.07,57.16,86.08,85.0,76.06,84.53,74.11,74.656,B
S5596,Liam,Smith,student5596@univ.edu,Female,21,Engineering,90.54,97.86,83.22,88.99,60.02,66.77,64.21,82.702,B
S5597,John,Jones,student5597@univ.edu,Male,20,Mathematics,81.2,61.89,80.8,66.35,77.03,64.05,57.98,71.394,B
S5598,John,Brown,student5598@univ.edu,Male,21,CS,63.09,83.01,60.48,85.5,58.05,49.91,56.31,67.811,C
S5599,Emma,Johnson,student5599@univ.edu,Female,22,Mathematics,91.12,48.15,97.88,95.35,97.17,68.23,43.51,79.888,B
S5600,Ahmed,Johnson,student5600@univ.edu,Female,18,Engineering,65.97,55.16,42.15,54.6,56.56,76.89,55.65,53.529,D
S5601,Emma,Williams,student5601@univ.edu,Male,23,CS,79.16,58.53,56.03,61.91,71.11,51.78,72.73,62.69,C
S5602,Ahmed,Davis,student5602@univ.edu,Male,25,Mathematics,66.21,62.66,69.79,66.38,85.38,74.44,45.86,66.893,C
S5603,Maria,Williams,student5603@univ.edu,Female,25,Business,66.06,97.93,94.25,75.89,65.01,47.63,64.64,81.197,B
S5604,Sara,Brown,student5604@univ.edu,Female,25,Engineering,55.52,94.58,99.71,80.44,97.71,98.69,60.33,87.186,A
S5605,Ahmed,Davis,student5605@univ.edu,Male,20,Engineering,67.47,54.37,99.67,59.21,75.33,71.31,79.61,75.463,B
S5606,Liam,Davis,student5606@univ.edu,Male,24,Engineering,53.62,54.33,45.17,63.28,50.38,86.0,77.2,56.329,D
S5607,John,Jones,student5607@univ.edu,Female,25,CS,67.99,97.06,51.15,63.18,61.26,65.87,87.42,69.195,C
S5608,John,Brown,student5608@univ.edu,Male,18,Mathematics,98.0,61.74,44.02,90.04,89.45,57.92,85.06,69.207,C
S5609,Sara,Johnson,student5609@univ.edu,Male,18,Mathematics,62.49,83.58,52.47,91.08,85.96,64.64,73.57,71.553,B
S5610,Maria,Brown,student5610@univ.edu,Male,23,Mathematics,99.76,58.63,45.31,61.47,97.36,78.34,98.88,68.057,C
S5611,Maria,Davis,student5611@univ.edu,Male,19,CS,65.85,91.37,84.82,86.3,98.71,84.09,76.61,84.986,B
S5612,John,Brown,student5612@univ.edu,Female,21,Business,74.15,61.99,63.9,76.96,97.45,81.57,80.28,72.379,B
S5613,Ali,Williams,student5613@univ.edu,Female,18,CS,78.47,94.17,55.86,66.2,58.47,44.84,93.02,70.76,B
S5614,Ahmed,Smith,student5614@univ.edu,Male,18,CS,54.49,85.58,76.66,84.52,86.31,43.49,90.57,78.103,B
S5615,Ahmed,Smith,student5615@univ.edu,Female,22,Engineering,90.67,51.64,84.97,77.66,73.99,75.46,51.26,72.833,B
S5616,Maria,Smith,student5616@univ.edu,Male,21,Mathematics,59.32,78.34,49.38,57.35,78.97,52.29,46.44,60.172,C
S5617,Emma,Jones,student5617@univ.edu,Male,25,Engineering,51.19,94.33,71.96,62.21,61.93,73.85,94.93,74.283,B
S5618,John,Smith,student5618@univ.edu,Female,18,Business,62.95,62.61,41.76,98.18,51.95,69.61,89.66,63.714,C
S5619,Omar,Johnson,student5619@univ.edu,Female,19,Engineering,59.46,89.3,80.49,66.81,78.64,49.74,69.49,75.275,B
S5620,Maria,Jones,student5620@univ.edu,Male,19,Business,87.7,68.97,72.9,55.62,81.55,62.63,68.15,70.879,B
S5621,Omar,Davis,student5621@univ.edu,Female,19,CS,50.77,61.35,60.77,56.47,53.22,49.21,44.05,56.236,D
S5622,Ahmed,Smith,student5622@univ.edu,Male,21,Mathematics,77.95,73.06,44.45,66.31,90.66,86.74,70.93,66.185,C
S5623,Ali,Davis,student5623@univ.edu,Male,21,Engineering,51.13,83.35,43.82,62.94,58.32,45.31,88.69,61.336,C
S5624,Maria,Johnson,student5624@univ.edu,Male,22,CS,70.04,97.43,90.54,67.58,93.05,65.78,40.3,80.413,B
S5625,Ali,Williams,student5625@univ.edu,Male,22,CS,74.01,80.81,85.42,68.31,90.06,69.29,96.96,81.602,B
S5626,John,Williams,student5626@univ.edu,Female,19,CS,98.47,67.54,55.9,78.47,73.03,45.29,85.53,70.016,B
S5627,Liam,Jones,student5627@univ.edu,Male,20,Business,65.69,75.14,80.91,84.76,66.37,73.53,87.96,77.694,B
S5628,Ali,Davis,student5628@univ.edu,Male,24,Business,66.15,91.43,86.79,92.32,51.93,87.08,44.8,78.813,B
S5629,Ali,Smith,student5629@univ.edu,Male,23,Business,93.76,77.35,45.79,89.67,95.41,50.63,71.76,71.282,B
S5630,Maria,Williams,student5630@univ.edu,Female,22,CS,61.18,42.04,81.46,92.91,67.74,92.48,53.96,69.694,C
S5631,Liam,Williams,student5631@univ.edu,Male,20,Engineering,66.27,77.41,87.43,71.34,87.02,80.4,84.19,80.18,B
S5632,Sara,Brown,student5632@univ.edu,Male,18,CS,75.97,46.05,66.26,52.26,56.36,49.48,86.48,61.282,C
S5633,Sara,Williams,student5633@univ.edu,Male,23,CS,78.09,82.48,44.4,77.88,82.38,66.84,87.0,69.587,C
S5634,John,Smith,student5634@univ.edu,Female,20,Engineering,88.16,72.04,78.71,62.52,62.85,45.65,81.85,72.968,B
S5635,Ahmed,Smith,student5635@univ.edu,Female,24,Engineering,68.77,51.49,93.43,65.94,61.86,71.06,87.53,73.587,B
S5636,Emma,Johnson,student5636@univ.edu,Male,23,CS,73.22,52.24,83.01,56.39,53.62,60.04,82.8,67.776,C
S5637,Emma,Williams,student5637@univ.edu,Female,18,Business,64.3,66.09,55.11,67.58,51.87,41.11,88.54,62.414,C
S5638,Ali,Williams,student5638@univ.edu,Female,18,CS,74.36,49.79,48.09,91.17,66.98,48.57,60.59,60.682,C
S5639,Ali,Johnson,student5639@univ.edu,Female,23,Business,65.52,67.19,78.49,81.07,50.83,46.84,95.91,72.713,B
S5640,Ali,Brown,student5640@univ.edu,Male,18,Engineering,97.71,93.84,91.46,50.82,53.75,97.07,62.55,80.083,B
S5641,Liam,Jones,student5641@univ.edu,Female,25,Mathematics,59.99,83.31,83.41,87.44,80.36,89.54,59.14,79.227,B
S5642,Emma,Williams,student5642@univ.edu,Female,24,Mathematics,95.03,85.98,64.69,70.74,68.18,85.64,77.4,75.557,B
S5643,Omar,Jones,student5643@univ.edu,Female,23,CS,83.52,70.84,96.64,85.86,84.99,75.72,60.58,82.734,B
S5644,Maria,Davis,student5644@univ.edu,Female,24,Engineering,75.5,79.98,95.86,66.8,73.95,73.52,98.7,83.265,B
S5645,Emma,Jones,student5645@univ.edu,Male,19,Business,99.22,59.81,42.76,58.54,60.93,51.78,41.85,56.36,D
S5646,Maria,Davis,student5646@univ.edu,Male,20,Engineering,93.6,91.65,71.28,95.08,94.24,41.01,53.64,80.174,B
S5647,Sara,Jones,student5647@univ.edu,Female,23,Business,75.83,72.43,88.31,50.39,62.69,70.71,99.55,75.88,B
S5648,Liam,Smith,student5648@univ.edu,Female,20,Business,92.04,56.89,98.73,72.4,61.07,76.79,46.57,75.665,B
S5649,Omar,Davis,student5649@univ.edu,Female,23,Engineering,52.91,84.49,96.76,96.76,99.73,90.06,65.61,86.768,A
S5650,Emma,Smith,student5650@univ.edu,Male,20,CS,92.35,48.3,84.62,66.7,81.86,68.44,48.05,70.699,B
S5651,Liam,Brown,student5651@univ.edu,Female,19,Mathematics,64.81,46.81,98.47,95.18,53.7,43.99,94.06,76.637,B
S5652,Maria,Williams,student5652@univ.edu,Male,24,Engineering,76.17,64.41,76.17,98.44,92.07,47.87,53.51,75.067,B
S5653,Maria,Johnson,student5653@univ.edu,Female,24,Business,89.8,69.84,76.6,58.32,80.41,90.44,95.15,76.754,B
S5654,Emma,Smith,student5654@univ.edu,Male,18,Business,89.59,72.35,46.54,93.58,74.59,92.39,94.89,72.996,B
S5655,Omar,Smith,student5655@univ.edu,Female,20,Engineering,77.3,65.95,65.77,78.29,61.27,64.69,73.05,69.061,C
S5656,Sara,Davis,student5656@univ.edu,Male,21,Business,62.83,53.28,73.75,82.79,70.91,77.44,85.21,70.966,B
S5657,Liam,Davis,student5657@univ.edu,Female,19,Engineering,66.17,71.22,51.86,84.67,75.42,64.11,86.54,68.521,C
S5658,Sara,Brown,student5658@univ.edu,Female,24,Business,51.65,90.35,77.86,96.7,58.3,65.25,60.56,76.246,B
S5659,Ahmed,Smith,student5659@univ.edu,Male,18,Business,97.55,42.29,59.99,56.09,96.38,41.06,99.35,66.249,C
S5660,Omar,Brown,student5660@univ.edu,Female,23,Business,82.65,74.47,44.87,86.78,72.19,79.62,41.9,65.027,C
S5661,Omar,Smith,student5661@univ.edu,Female,22,CS,66.5,52.64,58.22,51.2,93.11,42.96,42.12,57.995,D
S5662,Ali,Brown,student5662@univ.edu,Male,22,CS,57.14,88.86,87.29,85.2,56.66,83.47,79.03,80.196,B
S5663,Ali,Smith,student5663@univ.edu,Female,18,Business,73.08,47.42,75.21,94.71,50.21,45.44,57.24,66.579,C
S5664,Ahmed,Jones,student5664@univ.edu,Male,19,Mathematics,88.22,50.73,80.31,80.86,55.14,64.28,87.79,72.697,B
S5665,Maria,Williams,student5665@univ.edu,Male,23,CS,60.63,44.53,85.02,76.92,69.77,58.16,81.7,70.068,B
S5666,John,Williams,student5666@univ.edu,Female,25,CS,91.99,71.92,78.39,72.07,82.4,90.18,75.28,78.188,B
S5667,Ali,Williams,student5667@univ.edu,Female,25,Business,74.14,89.41,78.81,67.36,97.25,95.87,99.4,83.501,B
S5668,Ahmed,Brown,student5668@univ.edu,Female,25,CS,88.47,84.63,53.26,71.43,95.03,80.97,73.94,73.411,B
S5669,Omar,Johnson,student5669@univ.edu,Male,25,Mathematics,55.35,62.89,88.84,53.31,54.95,81.04,68.77,69.186,C
S5670,Sara,Brown,student5670@univ.edu,Female,22,Mathematics,74.41,93.66,69.08,85.37,86.93,83.54,65.85,79.157,B
S5671,Emma,Johnson,student5671@univ.edu,Male,24,CS,99.82,54.63,42.45,94.06,76.62,80.51,99.84,69.424,C
S5672,Sara,Jones,student5672@univ.edu,Female,21,Engineering,74.26,99.51,92.56,62.37,50.54,53.96,95.7,81.774,B
S5673,Liam,Johnson,student5673@univ.edu,Male,22,Business,93.66,73.61,70.51,56.18,57.04,64.5,95.99,72.196,B
S5674,Ahmed,Jones,student5674@univ.edu,Female,24,CS,96.34,71.48,86.64,50.06,69.26,64.3,58.32,73.404,B
S5675,John,Davis,student5675@univ.edu,Male,19,Business,87.21,98.96,59.48,63.55,64.07,78.91,51.78,71.42,B
S5676,Emma,Jones,student5676@univ.edu,Female,22,Business,79.85,61.69,67.02,72.92,50.04,92.44,70.18,68.011,C
S5677,Sara,Johnson,student5677@univ.edu,Female,18,Mathematics,84.29,83.19,56.09,97.65,96.43,79.75,99.54,80.126,B
S5678,John,Davis,student5678@univ.edu,Male,19,Business,91.04,42.4,41.94,74.03,97.23,89.84,73.85,62.87,C
S5679,John,Smith,student5679@univ.edu,Female,21,Engineering,68.51,56.56,86.57,63.11,78.46,47.73,49.61,68.794,C
S5680,Emma,Smith,student5680@univ.edu,Male,20,Business,99.14,93.95,92.43,76.16,67.88,69.57,62.7,84.393,B
S5681,John,Williams,student5681@univ.edu,Female,24,Engineering,53.36,45.46,70.28,66.41,54.37,86.74,58.6,61.108,C
S5682,Omar,Davis,student5682@univ.edu,Male,25,Business,67.85,51.63,49.21,54.85,56.33,42.52,83.77,56.238,D
S5683,Ali,Smith,student5683@univ.edu,Female,18,Business,62.58,47.61,77.24,52.42,75.13,43.05,60.93,62.573,C
S5684,Ahmed,Williams,student5684@univ.edu,Female,24,Engineering,63.55,93.67,72.61,60.07,94.21,93.83,82.69,78.264,B
S5685,Ali,Smith,student5685@univ.edu,Female,25,Business,65.56,72.23,92.26,93.49,70.59,63.16,63.54,79.275,B
S5686,Maria,Davis,student5686@univ.edu,Male,23,Mathematics,91.87,99.51,64.72,93.85,61.24,93.61,54.06,78.793,B
S5687,Ali,Smith,student5687@univ.edu,Female,23,Mathematics,94.01,40.23,92.66,86.5,63.09,54.52,77.52,75.007,B
S5688,John,Davis,student5688@univ.edu,Male,21,Mathematics,84.68,95.73,77.97,58.8,53.47,72.9,47.74,73.591,B
S5689,Ahmed,Williams,student5689@univ.edu,Male,24,CS,97.51,71.33,48.53,58.73,66.96,74.75,79.27,65.746,C
S5690,Maria,Smith,student5690@univ.edu,Female,21,Mathematics,98.9,92.37,84.88,53.07,56.08,72.75,84.55,79.489,B
S5691,Ahmed,Davis,student5691@univ.edu,Female,20,Business,60.27,48.77,55.77,82.04,94.19,79.73,90.98,67.322,C
S5692,Maria,Johnson,student5692@univ.edu,Female,23,CS,92.48,53.95,91.23,73.9,55.21,56.24,83.98,75.223,B
S5693,Liam,Johnson,student5693@univ.edu,Male,21,CS,57.55,86.12,52.42,73.59,96.48,83.58,75.32,71.103,B
S5694,Sara,Davis,student5694@univ.edu,Male,21,Business,77.36,66.81,45.48,64.96,94.29,73.69,67.49,64.349,C
S5695,Ahmed,Smith,student5695@univ.edu,Female,18,Mathematics,69.54,82.35,87.15,91.9,54.72,97.83,64.15,80.133,B
S5696,Omar,Williams,student5696@univ.edu,Male,23,Engineering,89.85,93.63,41.81,80.84,73.75,53.85,97.56,72.203,B
S5697,Ahmed,Smith,student5697@univ.edu,Male,22,Business,60.08,92.55,82.63,74.57,57.54,57.52,72.58,76.38,B
S5698,Liam,Johnson,student5698@univ.edu,Male,23,Business,63.22,75.54,99.42,91.02,63.26,57.7,65.5,80.67,B
S5699,Sara,Jones,student5699@univ.edu,Female,25,Mathematics,99.54,98.33,84.32,86.01,91.48,98.61,93.2,91.216,A
S5700,John,Davis,student5700@univ.edu,Female,24,CS,77.73,82.51,43.02,92.94,50.38,51.97,66.46,65.404,C
S5701,John,Williams,student5701@univ.edu,Female,21,Engineering,80.31,95.8,91.22,88.19,62.5,59.19,57.13,82.708,B
S5702,Maria,Smith,student5702@univ.edu,Female,19,Mathematics,56.86,84.71,72.97,93.79,59.79,77.69,43.35,72.786,B
S5703,Emma,Johnson,student5703@univ.edu,Female,24,Mathematics,69.37,50.87,89.88,61.95,81.5,62.59,72.71,71.918,B
S5704,Liam,Johnson,student5704@univ.edu,Male,22,CS,82.72,44.25,85.71,52.4,58.35,87.41,94.26,70.326,B
S5705,Ahmed,Jones,student5705@univ.edu,Female,23,Business,79.83,72.54,55.88,71.58,61.85,95.22,63.5,67.288,C
S5706,Maria,Brown,student5706@univ.edu,Male,21,CS,76.62,73.28,55.87,56.73,70.63,59.5,63.09,63.936,C
S5707,Sara,Williams,student5707@univ.edu,Female,19,CS,61.45,55.16,87.97,60.32,54.25,84.84,82.03,70.486,B
S5708,John,Brown,student5708@univ.edu,Male,25,Mathematics,98.94,76.54,71.23,54.22,57.99,99.81,90.84,74.578,B
S5709,John,Johnson,student5709@univ.edu,Male,20,Mathematics,66.64,71.91,57.88,72.88,92.35,46.41,86.09,69.507,C
S5710,John,Brown,student5710@univ.edu,Male,25,Business,97.92,92.76,49.31,71.29,62.9,53.11,47.36,67.512,C
S5711,Emma,Johnson,student5711@univ.edu,Female,24,Mathematics,67.75,57.9,61.47,64.36,82.06,43.14,52.37,62.05,C
S5712,Ahmed,Johnson,student5712@univ.edu,Male,18,Engineering,88.56,90.33,54.97,66.43,88.6,72.49,53.01,71.163,B
S5713,Maria,Brown,student5713@univ.edu,Male,20,CS,59.92,52.84,83.38,74.61,57.7,86.3,50.84,67.934,C
S5714,Sara,Jones,student5714@univ.edu,Female,22,Mathematics,77.7,73.93,83.42,63.01,52.07,80.06,54.88,71.732,B
S5715,John,Brown,student5715@univ.edu,Female,18,Mathematics,62.47,44.57,51.48,51.79,80.57,89.57,89.62,59.871,D
S5716,Maria,Williams,student5716@univ.edu,Female,21,CS,69.46,81.35,68.71,85.77,58.61,71.77,88.68,75.012,B
S5717,Omar,Brown,student5717@univ.edu,Female,21,CS,87.58,53.01,70.16,64.75,54.84,92.42,55.9,65.816,C
S5718,John,Williams,student5718@univ.edu,Male,19,Engineering,69.99,90.95,77.47,92.12,95.47,72.57,78.33,83.257,B
S5719,Omar,Brown,student5719@univ.edu,Female,21,Mathematics,88.39,63.94,59.82,84.69,63.13,90.51,94.67,72.582,B
S5720,Ali,Davis,student5720@univ.edu,Female,18,Mathematics,70.91,81.94,94.62,93.73,67.15,88.94,57.56,82.843,B
S5721,Sara,Johnson,student5721@univ.edu,Female,25,Business,67.16,56.02,84.5,76.53,88.36,92.57,67.93,75.007,B
S5722,Ahmed,Jones,student5722@univ.edu,Female,22,Business,83.3,66.54,68.08,77.22,96.65,91.61,70.03,74.893,B
S5723,Maria,Davis,student5723@univ.edu,Male,22,Business,66.45,61.09,97.18,54.51,71.29,91.55,67.96,74.696,B
S5724,Emma,Brown,student5724@univ.edu,Male,18,Engineering,58.77,68.55,89.03,77.22,91.78,48.25,82.96,77.766,B
S5725,Maria,Brown,student5725@univ.edu,Male,23,Mathematics,76.37,72.89,86.89,58.07,67.03,70.92,71.95,74.437,B
S5726,Omar,Williams,student5726@univ.edu,Female,21,CS,90.4,49.03,74.05,57.27,94.2,86.17,80.71,71.451,B
S5727,Emma,Brown,student5727@univ.edu,Male,24,CS,51.4,97.87,85.93,80.43,56.11,57.14,76.99,78.725,B
S5728,John,Jones,student5728@univ.edu,Female,20,Mathematics,85.07,87.56,72.61,87.81,78.88,42.27,57.21,76.696,B
S5729,Omar,Brown,student5729@univ.edu,Male,21,Mathematics,86.61,90.52,70.75,91.93,70.17,61.56,56.59,77.534,B
S5730,Ali,Jones,student5730@univ.edu,Female,18,Business,94.52,47.33,96.43,62.61,83.85,42.48,72.26,74.974,B
S5731,Ali,Smith,student5731@univ.edu,Male,24,Business,54.95,97.88,56.24,74.12,57.15,41.22,54.99,66.336,C
S5732,Sara,Jones,student5732@univ.edu,Male,20,CS,92.69,82.96,68.63,77.28,84.32,83.2,41.83,74.817,B
S5733,Omar,Williams,student5733@univ.edu,Female,19,CS,97.84,44.57,48.72,83.74,63.07,84.25,83.45,64.74,C
S5734,Maria,Brown,student5734@univ.edu,Female,23,Engineering,88.22,57.01,81.85,98.59,51.22,98.1,74.89,77.084,B
S5735,Ahmed,Brown,student5735@univ.edu,Female,25,CS,59.51,99.22,52.87,88.45,89.57,80.01,91.01,76.982,B
S5736,Omar,Davis,student5736@univ.edu,Male,19,Mathematics,55.14,65.06,84.33,83.71,85.04,50.76,81.64,75.588,B
S5737,Emma,Johnson,student5737@univ.edu,Male,19,Mathematics,73.62,72.1,70.46,67.34,54.49,98.5,79.57,71.352,B
S5738,John,Davis,student5738@univ.edu,Male,18,Business,91.07,70.9,83.17,69.24,61.44,65.46,97.6,77.801,B
S5739,Emma,Williams,student5739@univ.edu,Female,22,Business,66.69,73.92,42.79,57.47,61.23,68.75,69.13,59.384,D
S5740,Maria,Smith,student5740@univ.edu,Male,25,Engineering,94.0,64.72,84.32,72.38,58.98,56.65,59.8,73.207,B
S5741,Emma,Williams,student5741@univ.edu,Male,21,Business,68.88,76.69,72.21,82.82,54.04,84.46,79.71,73.91,B
S5742,Omar,Jones,student5742@univ.edu,Male,20,Mathematics,80.98,93.03,60.89,83.01,71.35,73.27,96.87,77.908,B
S5743,Maria,Williams,student5743@univ.edu,Male,23,Engineering,71.06,79.28,82.34,59.28,58.85,69.52,68.77,72.794,B
S5744,Omar,Davis,student5744@univ.edu,Male,21,Engineering,83.74,51.9,98.05,69.07,91.29,54.45,48.06,75.187,B
S5745,John,Smith,student5745@univ.edu,Female,20,Engineering,90.49,75.19,80.12,58.18,93.21,68.3,96.44,79.23,B
S5746,Emma,Davis,student5746@univ.edu,Female,24,CS,61.22,60.28,67.57,83.95,58.62,96.72,44.03,66.142,C
S5747,Omar,Davis,student5747@univ.edu,Female,20,Mathematics,81.97,56.86,62.56,59.41,74.18,57.93,71.8,64.743,C
S5748,Ali,Williams,student5748@univ.edu,Female,20,Mathematics,79.71,76.31,58.11,85.5,58.62,43.44,47.27,66.252,C
S5749,Emma,Williams,student5749@univ.edu,Male,22,Engineering,56.9,46.23,62.1,90.11,72.12,64.07,94.18,66.916,C
S5750,Maria,Brown,student5750@univ.edu,Male,20,Engineering,63.99,47.05,57.19,68.9,63.3,83.11,83.92,62.179,C
S5751,John,Johnson,student5751@univ.edu,Female,19,Business,94.56,92.99,96.27,67.08,58.37,76.22,50.09,81.654,B
S5752,John,Brown,student5752@univ.edu,Female,20,Business,97.26,54.51,50.23,55.69,57.5,69.59,70.09,60.289,C
S5753,Omar,Brown,student5753@univ.edu,Male,18,CS,73.81,72.11,53.95,63.49,74.15,52.5,95.6,67.111,C
S5754,Omar,Williams,student5754@univ.edu,Female,25,Business,92.17,59.67,73.99,77.22,58.44,46.8,75.17,70.632,B
S5755,Omar,Johnson,student5755@univ.edu,Male,25,Mathematics,60.15,67.91,94.26,73.97,57.13,69.6,80.99,76.263,B
S5756,John,Johnson,student5756@univ.edu,Female,18,Business,71.72,41.16,56.37,50.09,63.98,98.74,96.57,60.82,C
S5757,John,Smith,student5757@univ.edu,Male,24,Business,90.1,77.56,81.89,51.38,90.48,80.61,66.77,76.552,B
S5758,Ahmed,Johnson,student5758@univ.edu,Female,21,Business,60.63,54.71,94.33,95.01,73.72,55.46,93.87,79.088,B
S5759,Emma,Johnson,student5759@univ.edu,Female,22,Business,91.02,80.77,57.31,88.33,69.43,87.22,59.85,72.987,B
S5760,Emma,Johnson,student5760@univ.edu,Male,18,Mathematics,62.11,59.89,53.29,91.13,88.85,92.98,93.38,70.718,B
S5761,Omar,Williams,student5761@univ.edu,Male,20,Business,51.8,92.92,43.55,53.43,61.2,78.46,43.83,59.27,D
S5762,Ali,Smith,student5762@univ.edu,Female,22,CS,88.66,58.15,45.33,65.53,75.77,45.43,62.31,60.004,C
S5763,Emma,Jones,student5763@univ.edu,Female,25,CS,50.39,98.34,47.63,67.57,73.43,47.37,87.67,67.61,C
S5764,Omar,Smith,student5764@univ.edu,Male,24,Mathematics,64.93,62.22,96.31,93.38,86.25,56.14,98.58,83.127,B
S5765,Ali,Johnson,student5765@univ.edu,Male,25,Business,63.83,74.24,99.79,78.92,55.44,82.6,41.89,76.869,B
S5766,Ahmed,Davis,student5766@univ.edu,Male,20,Business,97.28,89.84,94.72,75.83,81.47,78.28,68.41,86.389,A
S5767,Omar,Jones,student5767@univ.edu,Female,21,Mathematics,73.02,58.03,76.96,63.96,88.44,73.02,52.67,69.352,C
S5768,Omar,Johnson,student5768@univ.edu,Female,24,Engineering,56.39,40.86,92.73,71.97,68.46,65.81,47.73,67.335,C
S5769,Omar,Davis,student5769@univ.edu,Male,20,CS,89.69,41.33,48.63,68.96,93.97,45.83,41.66,58.022,D
S5770,Emma,Smith,student5770@univ.edu,Male,18,Mathematics,73.45,66.51,62.69,94.51,81.16,90.85,81.92,74.481,B
S5771,Ali,Smith,student5771@univ.edu,Female,19,Business,56.17,74.96,83.42,95.72,53.18,54.0,43.37,72.348,B
S5772,Maria,Smith,student5772@univ.edu,Male,19,Engineering,76.06,91.56,43.59,97.61,65.12,71.01,44.91,68.19,C
S5773,Liam,Johnson,student5773@univ.edu,Female,24,Engineering,76.81,66.13,91.44,67.76,59.55,49.7,74.63,74.406,B
S5774,Emma,Brown,student5774@univ.edu,Female,24,CS,52.4,71.26,85.87,86.43,62.49,81.14,66.95,75.219,B
S5775,Ali,Davis,student5775@univ.edu,Female,18,CS,82.25,88.74,42.08,61.27,94.9,58.17,96.77,69.863,C
S5776,Liam,Davis,student5776@univ.edu,Male,21,Engineering,51.9,81.9,40.7,94.69,64.75,80.93,45.42,63.047,C
S5777,Maria,Jones,student5777@univ.edu,Female,18,CS,72.96,44.04,69.15,82.94,61.74,77.96,41.85,63.547,C
S5778,Ahmed,Williams,student5778@univ.edu,Female,19,Business,56.44,91.18,77.48,84.73,57.55,46.86,63.76,74.308,B
S5779,Emma,Jones,student5779@univ.edu,Female,22,Business,63.25,54.47,40.72,97.28,62.68,49.35,68.89,59.652,D
S5780,Maria,Johnson,student5780@univ.edu,Female,22,Engineering,83.67,67.39,51.35,72.16,55.92,80.33,82.53,65.935,C
S5781,John,Jones,student5781@univ.edu,Male,21,CS,99.54,57.82,84.96,76.19,97.18,77.73,60.18,78.057,B
S5782,Emma,Smith,student5782@univ.edu,Female,22,Mathematics,95.98,46.76,43.67,97.84,79.0,41.37,74.55,64.151,C
S5783,Emma,Brown,student5783@univ.edu,Male,24,Mathematics,85.91,46.33,72.2,99.08,55.24,84.99,78.98,72.05,B
S5784,Omar,Brown,student5784@univ.edu,Female,21,Mathematics,61.93,82.39,68.48,94.74,68.27,97.15,88.36,77.947,B
S5785,Sara,Brown,student5785@univ.edu,Male,22,Engineering,98.41,85.47,67.27,94.44,58.5,42.85,97.61,79.035,B
S5786,Maria,Johnson,student5786@univ.edu,Female,24,Business,88.5,46.88,97.03,88.31,66.49,73.47,77.66,78.67,B
S5787,Omar,Brown,student5787@univ.edu,Female,24,Engineering,64.97,99.68,71.59,84.36,96.29,98.72,79.67,83.096,B
S5788,Ahmed,Smith,student5788@univ.edu,Male,24,Mathematics,78.37,95.4,72.79,68.99,73.17,49.45,40.44,72.936,B
S5789,Omar,Jones,student5789@univ.edu,Female,25,CS,75.22,44.4,53.9,79.68,85.22,43.8,55.85,60.821,C
S5790,Ahmed,Davis,student5790@univ.edu,Male,18,Engineering,92.79,94.52,44.68,64.76,76.69,50.51,73.32,68.828,C
S5791,Emma,Smith,student5791@univ.edu,Male,21,Business,71.49,71.74,46.2,86.11,93.25,82.74,90.15,70.751,B
S5792,Ali,Jones,student5792@univ.edu,Male,22,Mathematics,56.39,45.11,73.99,97.17,52.98,95.98,42.57,65.788,C
S5793,Omar,Williams,student5793@univ.edu,Female,22,Engineering,91.2,51.94,82.38,51.34,72.69,70.89,86.43,71.38,B
S5794,Omar,Jones,student5794@univ.edu,Female,20,Engineering,82.56,78.73,50.88,85.3,85.75,94.46,81.64,73.523,B
S5795,Omar,Jones,student5795@univ.edu,Male,20,CS,93.94,51.27,53.94,79.54,70.4,53.42,55.5,63.022,C
S5796,John,Davis,student5796@univ.edu,Female,25,CS,84.83,66.48,45.15,97.59,77.19,81.42,99.25,71.678,B
S5797,Maria,Jones,student5797@univ.edu,Female,20,CS,62.96,52.67,87.49,83.93,64.39,52.04,52.92,69.999,C
S5798,Ahmed,Davis,student5798@univ.edu,Female,24,CS,66.49,52.34,61.03,99.94,67.52,59.19,78.65,67.993,C
S5799,John,Davis,student5799@univ.edu,Male,23,Business,80.14,53.53,89.53,81.92,65.82,89.75,52.71,74.207,B
S5800,Sara,Smith,student5800@univ.edu,Female,25,Mathematics,76.71,43.69,74.38,86.69,78.5,53.38,78.59,70.105,B
S5801,John,Williams,student5801@univ.edu,Male,20,Engineering,76.54,42.8,75.88,94.97,92.59,55.1,87.57,73.995,B
S5802,Ali,Williams,student5802@univ.edu,Male,23,CS,69.82,73.0,72.89,82.3,89.52,73.14,75.59,75.962,B
S5803,Sara,Williams,student5803@univ.edu,Female,19,Business,71.58,93.85,42.78,77.86,66.4,42.82,67.59,65.981,C
S5804,Emma,Brown,student5804@univ.edu,Male,19,CS,78.94,44.87,54.46,87.45,78.26,91.75,56.5,64.387,C
S5805,Emma,Johnson,student5805@univ.edu,Male,18,CS,67.29,52.11,85.39,93.74,54.14,45.12,47.84,69.283,C
S5806,Liam,Smith,student5806@univ.edu,Female,20,Engineering,94.37,80.54,41.72,94.48,52.13,73.71,54.51,66.583,C
S5807,Ahmed,Smith,student5807@univ.edu,Male,22,Mathematics,70.71,80.91,52.34,76.28,69.38,99.94,76.89,70.021,B
S5808,Sara,Brown,student5808@univ.edu,Female,23,Mathematics,86.71,51.21,97.82,75.79,87.21,96.66,57.9,78.972,B
S5809,Ali,Williams,student5809@univ.edu,Female,25,Engineering,79.47,54.34,84.58,57.13,87.22,40.04,89.04,72.386,B
S5810,Ahmed,Jones,student5810@univ.edu,Male,24,Mathematics,53.95,70.1,40.22,82.51,86.56,99.3,46.96,62.174,C
S5811,Liam,Jones,student5811@univ.edu,Male,21,CS,80.81,67.87,63.68,50.85,54.67,79.49,79.41,65.769,C
S5812,Ahmed,Williams,student5812@univ.edu,Male,23,Business,81.51,91.41,63.16,86.56,63.92,43.19,72.03,74.12,B
S5813,Omar,Brown,student5813@univ.edu,Female,24,Mathematics,60.81,48.55,43.01,95.57,96.1,40.02,85.74,63.214,C
S5814,Sara,Williams,student5814@univ.edu,Male,21,Mathematics,81.83,84.46,94.6,92.58,89.31,79.46,49.23,85.169,A
S5815,Sara,Smith,student5815@univ.edu,Female,22,Business,62.68,62.5,65.15,99.29,93.13,87.03,96.4,76.511,B
S5816,Liam,Johnson,student5816@univ.edu,Male,20,Engineering,50.82,66.56,87.71,96.58,83.93,46.27,46.16,74.517,B
S5817,Ahmed,Smith,student5817@univ.edu,Male,25,Mathematics,71.39,69.54,57.27,82.52,51.71,62.21,54.98,64.386,C
S5818,John,Johnson,student5818@univ.edu,Female,18,Engineering,61.88,44.73,75.7,64.09,59.0,94.29,96.51,67.723,C
S5819,Ali,Smith,student5819@univ.edu,Male,19,CS,70.84,59.29,94.29,69.29,76.0,54.92,69.95,74.963,B
S5820,Ahmed,Williams,student5820@univ.edu,Male,23,CS,56.39,55.97,87.07,58.09,91.61,72.51,61.5,70.604,B
S5821,Sara,Williams,student5821@univ.edu,Male,19,Engineering,74.24,83.28,63.07,76.3,67.55,91.4,89.53,74.724,B
S5822,Emma,Davis,student5822@univ.edu,Female,25,CS,87.26,60.97,74.7,89.32,81.1,58.85,64.28,74.208,B
S5823,Omar,Johnson,student5823@univ.edu,Female,25,CS,94.94,44.04,87.09,93.97,53.4,53.85,59.67,72.524,B
S5824,Sara,Williams,student5824@univ.edu,Female,19,Engineering,70.73,55.86,75.74,66.21,63.73,49.39,57.98,65.539,C
S5825,Maria,Brown,student5825@univ.edu,Female,25,Engineering,85.01,61.31,51.28,65.92,88.35,58.83,40.91,61.903,C
S5826,Maria,Brown,student5826@univ.edu,Male,18,Business,91.88,85.13,42.93,95.36,55.77,41.91,64.39,67.508,C
S5827,Emma,Smith,student5827@univ.edu,Male,24,Engineering,93.55,87.17,44.34,81.04,91.37,96.13,60.87,72.278,B
S5828,Sara,Jones,student5828@univ.edu,Male,18,CS,55.14,84.75,81.0,85.67,79.85,56.15,56.74,76.081,B
S5829,Ahmed,Davis,student5829@univ.edu,Female,23,Mathematics,87.27,76.79,84.8,82.48,63.8,51.65,64.01,77.26,B
S5830,Emma,Williams,student5830@univ.edu,Female,23,CS,73.57,91.67,52.02,55.05,91.97,94.5,98.28,73.305,B
S5831,Maria,Williams,student5831@univ.edu,Female,22,Engineering,66.74,52.84,78.67,72.46,55.59,51.88,96.08,69.473,C
S5832,Omar,Brown,student5832@univ.edu,Female,25,Engineering,76.07,90.68,48.31,73.34,94.72,48.71,50.57,68.201,C
S5833,Sara,Jones,student5833@univ.edu,Female,21,Mathematics,96.84,42.54,83.86,53.35,75.26,45.7,60.23,67.186,C
S5834,Maria,Jones,student5834@univ.edu,Male,22,Mathematics,83.52,78.5,67.24,74.48,51.63,54.74,81.52,71.448,B
S5835,John,Williams,student5835@univ.edu,Female,19,Mathematics,81.82,41.65,45.35,93.62,97.15,45.39,83.4,64.485,C
S5836,Liam,Jones,student5836@univ.edu,Male,18,Mathematics,89.38,63.87,48.55,51.02,52.8,79.21,59.15,59.086,D
S5837,Ahmed,Davis,student5837@univ.edu,Male,24,Engineering,60.63,72.48,66.58,91.98,77.01,51.8,56.11,70.232,B
S5838,Maria,Davis,student5838@univ.edu,Female,18,Engineering,71.37,78.77,65.08,76.99,97.13,52.29,68.8,73.171,B
S5839,John,Jones,student5839@univ.edu,Female,25,Mathematics,76.2,98.73,85.5,94.6,86.09,40.83,85.92,86.448,A
S5840,Ali,Jones,student5840@univ.edu,Female,24,CS,72.77,89.78,43.45,91.35,84.78,46.75,50.87,67.873,C
S5841,Ali,Davis,student5841@univ.edu,Male,21,CS,69.15,52.6,50.46,88.11,59.29,93.76,48.17,61.224,C
S5842,John,Brown,student5842@univ.edu,Female,23,Business,80.89,63.47,80.9,70.96,91.39,64.1,78.74,75.915,B
S5843,John,Johnson,student5843@univ.edu,Male,24,Mathematics,62.05,96.24,59.6,88.91,98.87,75.3,77.6,78.082,B
S5844,John,Jones,student5844@univ.edu,Male,23,Engineering,65.01,49.42,41.83,73.57,69.58,59.07,95.14,59.395,D
S5845,Omar,Jones,student5845@univ.edu,Male,20,Mathematics,83.85,47.02,96.08,98.81,70.58,54.91,55.19,76.757,B
S5846,Ali,Williams,student5846@univ.edu,Male,24,Business,97.89,99.29,98.64,57.48,53.02,83.07,82.26,85.543,A
S5847,Omar,Johnson,student5847@univ.edu,Male,24,Mathematics,69.69,45.56,47.43,64.82,97.42,45.15,45.0,56.533,D
S5848,Sara,Davis,student5848@univ.edu,Male,18,Mathematics,68.46,98.2,74.3,99.76,85.59,84.3,40.9,80.604,B
S5849,Ali,Smith,student5849@univ.edu,Female,23,Engineering,72.34,43.94,97.11,71.61,74.17,45.74,84.62,74.063,B
S5850,Ali,Jones,student5850@univ.edu,Male,18,CS,78.68,41.11,61.13,54.51,78.47,79.4,78.37,62.26,C
S5851,Liam,Jones,student5851@univ.edu,Female,23,Engineering,59.66,61.08,78.37,83.66,68.3,74.37,98.78,74.668,B
S5852,Emma,Smith,student5852@univ.edu,Female,23,Mathematics,74.17,80.42,79.0,68.94,97.62,67.29,68.82,77.551,B
S5853,Ahmed,Smith,student5853@univ.edu,Male,20,Business,98.54,61.27,89.78,78.22,51.66,82.68,91.96,79.271,B
S5854,Ali,Brown,student5854@univ.edu,Male,24,Business,76.35,68.22,78.65,71.12,69.64,48.89,74.2,72.371,B
S5855,Sara,Johnson,student5855@univ.edu,Female,22,Business,57.0,81.14,56.73,57.93,85.42,99.07,88.58,69.99,C
S5856,John,Williams,student5856@univ.edu,Female,18,Engineering,70.85,67.35,47.16,59.03,68.25,98.96,48.66,60.197,C
S5857,Emma,Smith,student5857@univ.edu,Male,23,Business,59.04,56.73,59.11,68.29,92.08,88.08,75.58,66.397,C
S5858,John,Davis,student5858@univ.edu,Female,19,Engineering,53.1,86.1,95.82,82.94,89.12,98.92,94.61,87.036,A
S5859,Liam,Jones,student5859@univ.edu,Male,18,Mathematics,80.43,41.14,93.24,55.45,83.0,85.06,72.93,72.407,B
S5860,Omar,Brown,student5860@univ.edu,Female,20,Mathematics,91.22,49.93,55.15,88.07,56.32,72.79,40.03,62.138,C
S5861,Liam,Jones,student5861@univ.edu,Male,24,Engineering,75.59,73.83,62.73,79.41,93.7,57.37,75.51,72.845,B
S5862,Maria,Brown,student5862@univ.edu,Female,19,Business,58.4,64.03,71.47,76.13,69.11,40.19,64.19,66.846,C
S5863,Liam,Davis,student5863@univ.edu,Female,23,Engineering,50.8,57.24,82.22,72.46,75.81,57.63,89.5,71.476,B
S5864,Ali,Jones,student5864@univ.edu,Female,25,CS,57.01,57.85,60.0,92.34,60.28,83.2,55.4,64.85,C
S5865,Maria,Jones,student5865@univ.edu,Female,21,Mathematics,88.49,95.21,91.81,61.7,95.95,70.51,64.13,84.222,B
S5866,Liam,Davis,student5866@univ.edu,Female,20,Mathematics,64.7,52.7,80.68,83.45,63.49,48.93,65.58,69.085,C
S5867,Liam,Johnson,student5867@univ.edu,Male,22,Business,80.26,78.16,57.23,53.28,68.83,98.4,95.08,70.13,B
S5868,Emma,Jones,student5868@univ.edu,Male,23,CS,66.86,61.7,69.17,55.86,65.79,87.26,76.52,66.75,C
S5869,Ahmed,Davis,student5869@univ.edu,Female,20,Mathematics,70.63,54.62,97.09,73.13,78.51,75.39,69.7,76.674,B
S5870,Liam,Williams,student5870@univ.edu,Male,23,Mathematics,80.68,97.07,65.61,86.61,63.33,79.54,82.69,78.736,B
S5871,Liam,Williams,student5871@univ.edu,Female,20,Business,97.84,92.31,88.49,61.31,88.92,63.1,81.58,84.195,B
S5872,Omar,Williams,student5872@univ.edu,Male,22,Engineering,59.29,46.7,86.28,74.64,54.12,43.84,62.4,66.193,C
S5873,Omar,Johnson,student5873@univ.edu,Male,19,Mathematics,81.18,88.58,56.98,72.72,78.9,86.99,86.23,74.699,B
S5874,Liam,Smith,student5874@univ.edu,Male,25,Engineering,66.98,66.89,42.22,84.71,96.45,66.39,62.46,64.659,C
S5875,John,Jones,student5875@univ.edu,Female,20,Mathematics,65.62,48.93,66.93,84.94,57.27,41.33,77.07,64.669,C
S5876,Ali,Davis,student5876@univ.edu,Female,23,Mathematics,69.46,98.4,88.24,92.66,84.24,73.45,61.67,85.26,A
S5877,Emma,Brown,student5877@univ.edu,Male,23,CS,91.23,68.17,59.43,99.69,69.19,76.37,88.36,75.113,B
S5878,John,Smith,student5878@univ.edu,Female,20,CS,81.24,53.62,87.11,67.02,61.42,64.62,95.43,73.95,B
S5879,Ahmed,Davis,student5879@univ.edu,Male,24,Business,84.84,86.5,46.87,52.88,56.8,84.89,98.02,67.504,C
S5880,Ali,Williams,student5880@univ.edu,Female,22,Mathematics,69.53,56.45,89.97,58.49,72.33,60.48,43.65,68.629,C
S5881,Omar,Johnson,student5881@univ.edu,Female,21,Engineering,66.61,96.82,48.76,73.94,50.53,82.06,94.04,70.304,B
S5882,Sara,Davis,student5882@univ.edu,Female,22,Mathematics,66.85,87.06,81.51,90.64,99.58,78.85,65.73,82.619,B
S5883,Ali,Smith,student5883@univ.edu,Male,18,CS,62.35,44.75,97.23,61.31,51.99,78.57,73.82,70.06,B
S5884,Sara,Williams,student5884@univ.edu,Female,22,Engineering,69.79,67.66,79.29,72.94,98.18,88.25,51.76,74.645,B
S5885,Liam,Williams,student5885@univ.edu,Female,22,Business,73.35,42.74,54.17,50.45,81.7,41.59,96.05,59.556,D
S5886,Emma,Brown,student5886@univ.edu,Female,19,CS,72.07,44.97,53.73,63.16,59.96,93.13,43.89,56.836,D
S5887,Omar,Davis,student5887@univ.edu,Male,22,Mathematics,75.02,97.93,90.71,81.05,99.69,67.59,51.06,84.913,B
S5888,Omar,Brown,student5888@univ.edu,Male,21,Mathematics,85.25,96.8,98.23,78.28,62.31,79.12,75.69,86.852,A
S5889,Ahmed,Johnson,student5889@univ.edu,Female,24,Mathematics,71.17,74.79,75.13,96.28,56.84,87.78,80.2,77.149,B
S5890,Sara,Davis,student5890@univ.edu,Female,22,Business,55.34,94.6,66.38,55.62,81.94,68.63,53.29,69.666,C
S5891,Ali,Brown,student5891@univ.edu,Female,20,Engineering,56.94,95.15,84.81,57.54,88.27,82.6,40.08,75.763,B
S5892,Ali,Williams,student5892@univ.edu,Male,18,Mathematics,69.81,55.84,58.62,67.74,82.99,54.77,88.47,65.781,C
S5893,Omar,Brown,student5893@univ.edu,Female,23,Mathematics,97.34,48.75,59.01,68.53,52.09,80.0,99.42,66.618,C
S5894,Liam,Smith,student5894@univ.edu,Female,25,CS,66.08,67.82,85.55,93.56,61.03,41.82,95.88,77.653,B
S5895,Ahmed,Smith,student5895@univ.edu,Male,25,Business,87.46,76.3,98.6,80.09,56.23,41.93,49.71,78.29,B
S5896,Maria,Johnson,student5896@univ.edu,Male,18,Business,57.56,54.36,51.42,84.53,93.21,62.06,56.21,62.779,C
S5897,Liam,Brown,student5897@univ.edu,Male,18,Engineering,65.15,71.09,90.32,61.81,77.81,91.29,45.42,73.988,B
S5898,Sara,Brown,student5898@univ.edu,Female,23,Business,73.34,75.28,62.0,79.23,95.29,69.1,49.53,70.812,B
S5899,Omar,Brown,student5899@univ.edu,Male,18,Mathematics,59.99,63.24,97.25,70.15,55.5,70.63,60.24,73.45,B
S5900,Emma,Brown,student5900@univ.edu,Male,21,Business,54.76,43.81,61.72,57.85,55.76,85.19,44.72,55.739,D
S5901,Maria,Davis,student5901@univ.edu,Female,19,Engineering,53.34,44.92,95.27,63.16,86.17,44.97,49.15,68.153,C
S5902,Emma,Williams,student5902@univ.edu,Male,20,Business,51.35,59.19,47.94,76.58,92.46,75.76,46.41,60.517,C
S5903,John,Smith,student5903@univ.edu,Female,23,Engineering,84.34,84.38,92.91,62.61,93.55,61.11,41.3,79.115,B
S5904,Sara,Brown,student5904@univ.edu,Female,21,CS,90.03,41.91,80.86,55.98,95.74,41.35,49.47,66.629,C
S5905,Ahmed,Jones,student5905@univ.edu,Female,22,Business,88.51,95.11,99.06,88.41,79.22,51.92,68.34,88.205,A
S5906,Emma,Smith,student5906@univ.edu,Male,24,CS,82.23,91.1,63.64,73.78,92.0,52.89,67.96,75.242,B
S5907,Maria,Brown,student5907@univ.edu,Male,23,CS,54.94,63.13,43.92,53.22,75.26,58.4,81.24,57.849,D
S5908,Maria,Brown,student5908@univ.edu,Female,21,Engineering,70.06,42.38,85.06,61.28,69.09,93.18,51.18,66.878,C
S5909,Liam,Davis,student5909@univ.edu,Female,19,CS,51.19,90.71,87.33,59.87,62.83,48.03,46.02,71.727,B
S5910,Ahmed,Johnson,student5910@univ.edu,Female,23,Engineering,60.58,97.15,87.13,67.73,65.47,40.35,63.99,76.75,B
S5911,Omar,Brown,student5911@univ.edu,Male,18,Business,59.45,58.18,64.16,72.62,74.29,96.06,99.72,69.926,C
S5912,John,Brown,student5912@univ.edu,Male,20,Mathematics,70.42,71.77,75.48,63.47,69.09,57.73,68.07,70.163,B
S5913,John,Jones,student5913@univ.edu,Female,22,CS,96.81,44.23,84.72,99.44,84.56,80.87,52.68,76.626,B
S5914,Ali,Smith,student5914@univ.edu,Female,21,Engineering,56.99,80.66,87.82,63.12,64.82,45.35,49.38,71.332,B
S5915,Liam,Williams,student5915@univ.edu,Female,22,Mathematics,79.3,60.27,53.98,64.64,60.45,56.79,57.71,60.529,C
S5916,Liam,Brown,student5916@univ.edu,Male,18,Engineering,89.75,97.13,58.74,51.06,79.94,51.67,83.37,72.597,B
S5917,Ahmed,Brown,student5917@univ.edu,Female,20,Engineering,65.48,66.39,40.16,96.25,54.33,72.82,42.46,59.631,D
S5918,Ali,Johnson,student5918@univ.edu,Male,21,Mathematics,84.67,64.89,71.27,78.25,68.17,73.99,68.26,71.906,B
S5919,Emma,Smith,student5919@univ.edu,Female,24,Mathematics,51.33,79.9,63.47,68.17,84.24,90.83,86.64,72.009,B
S5920,Omar,Jones,student5920@univ.edu,Male,23,CS,75.49,59.71,74.07,75.14,84.45,52.72,42.5,68.314,C
S5921,Emma,Williams,student5921@univ.edu,Male,25,Mathematics,53.65,76.94,90.23,82.76,99.01,80.96,88.52,83.037,B
S5922,Emma,Smith,student5922@univ.edu,Female,18,Engineering,89.66,95.42,72.23,94.91,89.63,62.91,66.71,82.735,B
S5923,Sara,Williams,student5923@univ.edu,Female,22,Mathematics,88.31,69.94,75.6,81.91,69.21,63.28,44.35,72.305,B
S5924,Emma,Williams,student5924@univ.edu,Female,21,Business,94.57,80.88,47.09,51.86,61.79,56.39,82.37,64.775,C
S5925,John,Jones,student5925@univ.edu,Male,21,Engineering,89.49,67.73,61.75,59.47,85.44,88.5,51.53,68.062,C
S5926,John,Jones,student5926@univ.edu,Male,18,Business,63.46,87.68,92.43,56.71,92.71,84.61,70.77,80.696,B
S5927,Liam,Davis,student5927@univ.edu,Female,23,Mathematics,77.94,58.33,58.95,80.87,68.58,56.28,42.29,63.176,C
S5928,John,Brown,student5928@univ.edu,Female,21,Mathematics,86.51,63.64,45.84,75.63,80.86,70.91,42.63,62.37,C
S5929,Emma,Davis,student5929@univ.edu,Male,23,CS,52.96,40.13,76.92,83.8,85.9,45.71,51.57,65.001,C
S5930,Omar,Williams,student5930@univ.edu,Male,22,Business,70.82,96.28,86.94,65.63,93.27,56.44,42.13,78.626,B
S5931,Maria,Smith,student5931@univ.edu,Male,22,CS,85.98,62.0,92.52,72.46,92.15,62.15,52.45,77.191,B
S5932,Omar,Smith,student5932@univ.edu,Male,25,Business,50.92,60.56,78.37,62.17,75.56,41.59,95.56,69.232,C
S5933,Ali,Brown,student5933@univ.edu,Female,22,Mathematics,60.99,64.72,91.02,58.61,63.55,53.07,60.56,70.205,B
S5934,Sara,Williams,student5934@univ.edu,Male,19,Business,80.73,92.17,68.87,68.8,73.39,91.55,98.0,79.205,B
S5935,John,Brown,student5935@univ.edu,Female,25,Business,78.91,70.43,79.65,58.93,53.63,61.92,91.88,72.359,B
S5936,Maria,Smith,student5936@univ.edu,Female,20,Business,89.29,72.1,63.02,89.64,81.28,44.77,55.17,71.584,B
S5937,John,Brown,student5937@univ.edu,Male,23,CS,87.56,74.52,98.25,82.08,61.66,71.76,99.89,85.19,A
S5938,Maria,Williams,student5938@univ.edu,Female,23,Engineering,91.79,87.81,74.94,61.02,77.96,52.04,77.12,76.486,B
S5939,Emma,Jones,student5939@univ.edu,Female,25,Engineering,50.8,74.68,97.14,88.73,92.26,67.62,71.41,82.216,B
S5940,Liam,Brown,student5940@univ.edu,Male,19,Engineering,90.49,86.79,83.71,78.29,77.55,83.31,51.28,80.312,B
S5941,Ahmed,Johnson,student5941@univ.edu,Female,25,CS,97.73,91.9,52.63,80.96,50.12,67.99,89.59,73.457,B
S5942,Omar,Johnson,student5942@univ.edu,Male,18,Business,51.38,85.22,92.81,89.67,67.5,64.11,56.05,79.036,B
S5943,Ali,Smith,student5943@univ.edu,Female,18,Mathematics,65.73,41.45,56.03,77.76,88.39,47.88,45.03,59.072,D
S5944,Ali,Davis,student5944@univ.edu,Male,19,CS,78.19,71.29,50.92,99.21,58.59,83.16,64.59,68.71,C
S5945,Ali,Smith,student5945@univ.edu,Female,23,CS,68.16,50.81,58.48,90.47,71.56,54.0,74.5,65.398,C
S5946,Sara,Williams,student5946@univ.edu,Male,22,Engineering,77.29,59.83,77.88,58.1,80.5,87.84,80.5,72.266,B
S5947,John,Davis,student5947@univ.edu,Female,19,Business,91.17,55.61,75.65,99.36,56.08,71.03,54.03,72.401,B
S5948,Ali,Johnson,student5948@univ.edu,Female,19,CS,55.52,79.31,60.91,75.1,92.02,64.3,51.29,68.498,C
S5949,Maria,Brown,student5949@univ.edu,Female,22,Mathematics,66.01,75.2,57.25,72.93,78.05,98.04,66.69,69.132,C
S5950,Ahmed,Johnson,student5950@univ.edu,Female,21,Business,70.32,47.37,50.84,95.33,76.42,82.93,70.58,64.904,C
S5951,Ahmed,Davis,student5951@univ.edu,Female,21,CS,98.81,91.75,47.62,57.04,82.57,51.92,77.31,69.657,C
S5952,Maria,Davis,student5952@univ.edu,Male,24,Mathematics,69.58,64.91,42.04,55.81,82.38,48.86,77.13,59.317,D
S5953,Omar,Johnson,student5953@univ.edu,Female,21,CS,90.25,77.45,40.35,65.41,77.51,74.19,71.06,64.998,C
S5954,Liam,Williams,student5954@univ.edu,Female,25,CS,87.81,99.22,60.39,76.79,67.22,83.93,46.23,73.802,B
S5955,John,Johnson,student5955@univ.edu,Female,25,Business,60.79,43.59,83.8,94.25,86.14,80.95,82.71,75.007,B
S5956,Maria,Smith,student5956@univ.edu,Male,20,Engineering,66.82,52.59,73.27,88.69,70.5,85.53,68.84,70.695,B
S5957,Ahmed,Brown,student5957@univ.edu,Female,21,Engineering,91.13,95.74,99.09,90.04,88.65,45.98,60.61,88.719,A
S5958,Maria,Johnson,student5958@univ.edu,Female,19,Mathematics,67.56,44.35,93.19,80.63,56.94,65.67,46.43,69.298,C
S5959,Liam,Davis,student5959@univ.edu,Male,21,Mathematics,75.63,91.24,47.71,96.08,73.3,90.63,72.14,73.611,B
S5960,Ali,Davis,student5960@univ.edu,Female,25,Business,68.07,71.68,57.09,51.81,73.44,86.02,68.35,64.522,C
S5961,Liam,Brown,student5961@univ.edu,Female,23,CS,56.18,96.89,77.77,66.43,83.05,96.51,74.1,78.832,B
S5962,Omar,Williams,student5962@univ.edu,Female,19,Mathematics,94.37,77.56,71.39,60.71,82.01,60.87,60.05,72.722,B
S5963,Maria,Davis,student5963@univ.edu,Male,24,Business,96.26,97.92,85.29,94.18,68.47,53.18,77.76,86.206,A
S5964,Sara,Davis,student5964@univ.edu,Male,21,CS,60.92,55.91,99.28,89.78,88.31,95.19,75.32,81.647,B
S5965,Sara,Williams,student5965@univ.edu,Male,23,Business,98.53,89.42,72.95,83.48,58.83,80.54,57.61,77.815,B
S5966,Emma,Jones,student5966@univ.edu,Male,19,Engineering,97.91,56.89,44.39,95.88,81.27,56.08,47.34,64.533,C
S5967,Ali,Williams,student5967@univ.edu,Male,23,Mathematics,50.68,70.69,67.58,66.03,73.74,80.98,63.37,67.144,C
S5968,Maria,Brown,student5968@univ.edu,Male,18,CS,86.27,66.73,45.64,68.04,74.66,85.16,92.52,66.847,C
S5969,Omar,Brown,student5969@univ.edu,Female,18,CS,75.77,76.19,83.35,52.45,57.84,63.92,51.51,69.818,C
S5970,Ali,Brown,student5970@univ.edu,Male,24,CS,86.74,49.39,47.7,50.42,99.37,50.8,75.35,60.437,C
S5971,John,Brown,student5971@univ.edu,Female,21,Business,62.51,60.52,57.13,75.14,57.97,74.22,94.0,65.673,C
S5972,Emma,Smith,student5972@univ.edu,Female,25,Mathematics,71.24,76.53,74.69,54.15,81.19,45.84,68.7,70.241,B
S5973,Liam,Williams,student5973@univ.edu,Male,23,CS,68.02,53.24,48.59,63.01,93.46,58.45,57.52,59.499,D
S5974,Liam,Smith,student5974@univ.edu,Male,18,Business,61.95,62.89,48.9,59.82,56.81,69.22,43.95,55.953,D
S5975,Liam,Smith,student5975@univ.edu,Female,23,Business,54.54,94.35,88.54,72.46,91.28,72.95,84.02,82.933,B
S5976,Ahmed,Smith,student5976@univ.edu,Male,25,CS,73.95,98.92,79.11,78.58,90.27,86.51,87.43,84.794,B
S5977,Maria,Williams,student5977@univ.edu,Male,25,Engineering,64.85,93.85,49.37,88.75,83.98,50.38,51.95,69.49,C
S5978,Ali,Brown,student5978@univ.edu,Male,22,Business,64.38,75.28,41.64,86.9,58.07,50.07,90.97,64.428,C
S5979,Emma,Smith,student5979@univ.edu,Male,25,CS,73.25,73.79,63.05,63.31,50.7,84.12,92.82,69.053,C
S5980,Maria,Johnson,student5980@univ.edu,Female,21,Mathematics,56.44,86.28,53.66,88.13,63.69,75.75,62.62,68.636,C
S5981,Liam,Jones,student5981@univ.edu,Female,18,Mathematics,62.98,67.67,48.3,59.56,70.55,93.97,96.37,64.647,C
S5982,John,Jones,student5982@univ.edu,Male,22,Mathematics,62.45,92.09,56.72,80.92,91.41,52.69,72.59,72.852,B
S5983,John,Jones,student5983@univ.edu,Female,25,Business,99.08,54.43,88.68,61.95,68.1,96.36,95.34,77.853,B
S5984,Sara,Brown,student5984@univ.edu,Female,19,Mathematics,51.57,55.16,40.41,52.44,53.5,96.26,84.64,54.805,D
S5985,Liam,Brown,student5985@univ.edu,Female,19,Mathematics,52.37,63.11,67.5,58.33,84.53,55.24,91.9,67.264,C
S5986,Omar,Brown,student5986@univ.edu,Female,22,CS,82.79,56.7,43.64,67.73,96.97,71.77,86.66,64.822,C
S5987,John,Brown,student5987@univ.edu,Male,24,Engineering,76.69,82.02,52.86,66.87,75.98,46.34,65.52,66.428,C
S5988,Ahmed,Johnson,student5988@univ.edu,Male,24,Mathematics,53.87,67.61,99.83,59.19,90.93,49.66,56.02,74.915,B
S5989,Emma,Johnson,student5989@univ.edu,Female,25,Business,61.97,65.76,45.6,69.83,64.91,52.41,53.51,57.966,D
S5990,John,Brown,student5990@univ.edu,Female,18,Business,88.4,51.66,75.21,97.94,93.54,58.51,75.09,76.215,B
S5991,Liam,Johnson,student5991@univ.edu,Male,22,Engineering,71.87,99.23,91.85,84.87,50.36,44.94,41.53,78.755,B
S5992,Emma,Smith,student5992@univ.edu,Female,22,Mathematics,53.88,76.44,94.6,75.4,66.49,86.43,94.68,80.805,B
S5993,Ahmed,Brown,student5993@univ.edu,Female,24,Business,79.36,69.68,66.75,84.67,66.08,90.75,77.94,73.537,B
S5994,John,Smith,student5994@univ.edu,Male,21,CS,50.04,99.29,92.81,80.22,52.34,41.04,62.74,78.298,B
S5995,Sara,Johnson,student5995@univ.edu,Male,23,Business,87.93,85.18,57.24,94.31,57.57,72.26,62.13,72.731,B
S5996,John,Davis,student5996@univ.edu,Male,24,CS,56.95,81.8,70.58,52.66,69.72,48.9,64.73,67.018,C
S5997,Emma,Johnson,student5997@univ.edu,Male,18,Mathematics,92.04,82.09,65.94,76.61,97.78,92.86,96.4,80.957,B
S5998,Maria,Smith,student5998@univ.edu,Female,23,Business,63.18,41.73,74.73,77.8,91.23,99.85,63.26,69.195,C
S5999,Maria,Jones,student5999@univ.edu,Male,24,CS,85.3,64.13,76.75,85.02,55.67,65.59,62.52,72.233,B
